patch_name,gt_sci_res2_norm,fov_ratio,sample_id,is_hard,j3_dice,j3_recall,p0_dice,p0_recall,p5_dice,p5_recall,baseline_dice,baseline_recall,delta_dice_j3_vs_p0,delta_dice_j3_vs_p5,delta_recall_j3_vs_p0,delta_recall_j3_vs_p5,image_path,mask_path,fov_path,patch_y,patch_x,patch_size,stride,vessel_area,skeleton_len,junction_count,endpoint_count,component_count,endpoint_eff,sci_raw,sci_stable,sci_base,topo_density,sci_topo,sci_raw_norm,sci_stable_norm,sci_base_norm,topo_density_norm,sci_topo_norm,sci_area_trend,sci_res,sci_res_norm,sci_fov_trend,sci_res2,sci_res2_norm,is_true_hard,j3_vs_p0,j3_vs_p5
21_y64_x64.png,0.4269723892211914,0.831726,21,False,0.9078470826803882,0.899880331472356,0.9113162120559466,0.9058635783571456,0.9132329637218047,0.9194256046293353,0.9113162120559466,0.9058635783571456,-0.003469129375558433,-0.005385881041416574,-0.0059832468847895726,-0.019545273156979293,C:\Users\zhang\Desktop\vessel\images\21_training.tif,C:\Users\zhang\Desktop\vessel\1st_manual\21_manual1.gif,C:\Users\zhang\Desktop\vessel\mask\21_training_mask.gif,64,64,128,64,2507,507,12,9,2,5,0.2022337447058885,0.1841812803571661,0.1841812803571661,0.0300788948702387,0.1952612190950244,0.0233955848962068,0.0285767447203397,0.0285767447203397,0.503588855266571,0.0302836447954177,0.2671526968479156,-0.0718914717435836,0.3177974820137024,-0.0477762557566165,-0.024115215986967,0.4269723892211914,False,tied,worse
21_y64_x128.png,0.4204945564270019,0.990601,21,False,0.9125094770090835,0.8899733780243319,0.9134310320087158,0.894114164761567,0.914568345451786,0.9023957382360374,0.9134310320087158,0.894114164761567,-0.0009215549996323125,-0.0020588684427025328,-0.004140786737235169,-0.012422360211705508,C:\Users\zhang\Desktop\vessel\images\21_training.tif,C:\Users\zhang\Desktop\vessel\1st_manual\21_manual1.gif,C:\Users\zhang\Desktop\vessel\mask\21_training_mask.gif,64,128,128,64,3381,723,15,14,3,8,0.2138420579300737,0.1937905836216618,0.1937905836216618,0.0287690175827245,0.2049409130368179,0.0433577895164489,0.0527050234377384,0.0527050234377384,0.4679406285285949,0.0531595237553119,0.221592977643013,-0.0166520625352859,0.4723968207836151,0.0096346996724605,-0.0262867622077465,0.4204945564270019,False,tied,tied
21_y64_x192.png,0.3798713982105255,1.0,21,False,0.8955280687049894,0.8816035935496306,0.894508398009986,0.8879730202773585,0.8954322387779686,0.8887223645982676,0.894508398009986,0.8879730202773585,0.0010196706950033052,9.582992702072968e-05,-0.006369426727727889,-0.007118771048637007,C:\Users\zhang\Desktop\vessel\images\21_training.tif,C:\Users\zhang\Desktop\vessel\1st_manual\21_manual1.gif,C:\Users\zhang\Desktop\vessel\mask\21_training_mask.gif,64,192,128,64,2669,670,11,12,3,6,0.2510303475045697,0.2239674897873174,0.2239674897873174,0.0240298503876141,0.2347313003298749,0.1073085069656372,0.1284770220518112,0.1284770220518112,0.3389644026756286,0.1235627382993698,0.2576146125793457,-0.0228833109140396,0.4549573361873626,0.0170214362442493,-0.0399047471582889,0.3798713982105255,False,tied,tied
21_y64_x256.png,0.42139333486557,1.0,21,False,0.8801916935299686,0.891946576722191,0.8840436077620543,0.9024686325274437,0.8852852855149443,0.8947794379005283,0.8840436077620543,0.9024686325274437,-0.0038519142320856403,-0.0050935919849757205,-0.010522055805252672,-0.0028328611783372537,C:\Users\zhang\Desktop\vessel\images\21_training.tif,C:\Users\zhang\Desktop\vessel\1st_manual\21_manual1.gif,C:\Users\zhang\Desktop\vessel\mask\21_training_mask.gif,64,256,128,64,2471,691,11,19,4,11,0.2796438677472931,0.246581810896418,0.246581810896418,0.028002893950754,0.2603918194978526,0.1565136313438415,0.1852599084377288,0.1852599084377288,0.447090595960617,0.1842059195041656,0.2693558633327484,-0.0089640319347381,0.4939134120941162,0.0170214362442493,-0.0259854681789875,0.42139333486557,False,tied,worse
21_y64_x320.png,0.4316003620624542,0.964294,21,False,0.8632098768809633,0.8922919811521594,0.8684014873149901,0.8943338392325991,0.8760864169950673,0.9004594134739182,0.8684014873149901,0.8943338392325991,-0.005191610434026828,-0.012876540114103996,-0.0020418580804397735,-0.008167432321758872,C:\Users\zhang\Desktop\vessel\images\21_training.tif,C:\Users\zhang\Desktop\vessel\1st_manual\21_manual1.gif,C:\Users\zhang\Desktop\vessel\mask\21_training_mask.gif,64,320,128,64,1959,582,8,15,4,7,0.2970903507039798,0.2601235642064365,0.2601235642064365,0.0256872847820054,0.2734873003509986,0.1865154206752777,0.2192622423171997,0.2192622423171997,0.384071409702301,0.2151542603969574,0.3047213852405548,-0.0312340855598449,0.4315858781337738,-0.0086702900007367,-0.0225637964904308,0.4316003620624542,False,worse,worse
21_y128_x64.png,0.3837968707084656,0.99762,21,False,0.898737892722721,0.902180315550441,0.9101602706805466,0.9119033561817814,0.9135874310247492,0.9251620479517912,0.9101602706805466,0.9119033561817814,-0.011422377957825636,-0.014849538302028176,-0.00972304063134044,-0.022981732401350263,C:\Users\zhang\Desktop\vessel\images\21_training.tif,C:\Users\zhang\Desktop\vessel\1st_manual\21_manual1.gif,C:\Users\zhang\Desktop\vessel\mask\21_training_mask.gif,128,64,128,64,3394,684,19,15,4,7,0.2015321149041481,0.1835975048460353,0.1835975048460353,0.0379385959365702,0.1975283679486678,0.0221890173852443,0.0271109472960233,0.0271109472960233,0.7174902558326721,0.0356415398418903,0.2210083603858947,-0.0234799981117248,0.4532873630523681,0.0151088209822773,-0.0385888181626796,0.3837968707084656,False,worse,worse
21_y128_x128.png,0.4292093813419342,1.0,21,False,0.9114947893739387,0.9173450190440042,0.9087534798812968,0.9198497153417353,0.9149198521656599,0.9292423264582268,0.9087534798812968,0.9198497153417353,0.0027413094926418413,-0.0034250627917211673,-0.0025046962977310905,-0.011897307414222569,C:\Users\zhang\Desktop\vessel\images\21_training.tif,C:\Users\zhang\Desktop\vessel\1st_manual\21_manual1.gif,C:\Users\zhang\Desktop\vessel\mask\21_training_mask.gif,128,128,128,64,3194,748,16,18,4,10,0.234189103837855,0.2104141583436207,0.2104141583436207,0.0320855610683748,0.2239166709979906,0.0783475115895271,0.0944455936551094,0.0944455936551094,0.5582001805305481,0.0980046540498733,0.2302605509757995,-0.0063438862562179,0.501246452331543,0.0170214362442493,-0.0233653225004673,0.4292093813419342,False,tied,tied
21_y128_x192.png,0.3863618969917297,1.0,21,False,0.8982701814286034,0.9012396656973567,0.8978176628639248,0.9095041284731233,0.898134863910361,0.90537189708524,0.8978176628639248,0.9095041284731233,0.000452518564678539,0.0001353175182423616,-0.008264462775766646,-0.004132231387883323,C:\Users\zhang\Desktop\vessel\images\21_training.tif,C:\Users\zhang\Desktop\vessel\1st_manual\21_manual1.gif,C:\Users\zhang\Desktop\vessel\mask\21_training_mask.gif,128,192,128,64,2420,655,11,14,3,8,0.2706611559063588,0.2395373602096873,0.2395373602096873,0.0256488545702464,0.2518250780420053,0.1410665214061737,0.1675718128681183,0.1675718128681183,0.3830255270004272,0.1639602035284042,0.27253258228302,-0.0207075178623199,0.4610467553138733,0.0170214362442493,-0.0377289541065692,0.3863618969917297,False,tied,tied
21_y128_x256.png,0.4006681740283966,1.0,21,False,0.8764160662296188,0.8846153800175915,0.8742667690021251,0.890852386222181,0.8736462097121036,0.8804573758811987,0.8742667690021251,0.890852386222181,0.002149297227493685,0.002769856517515157,-0.006237006204589446,0.00415800413639289,C:\Users\zhang\Desktop\vessel\images\21_training.tif,C:\Users\zhang\Desktop\vessel\1st_manual\21_manual1.gif,C:\Users\zhang\Desktop\vessel\mask\21_training_mask.gif,128,256,128,64,1924,616,8,16,4,8,0.3201663185022541,0.2777577275264332,0.2777577275264332,0.0248376619344535,0.2915554325984004,0.2261979281902313,0.2635403871536255,0.2635403871536255,0.3609489500522613,0.2578544318675995,0.3074671030044555,-0.0159116685390472,0.4744689464569092,0.0170214362442493,-0.0329331047832965,0.4006681740283966,False,tied,tied
21_y128_x320.png,0.4678260087966919,1.0,21,False,0.7944000008223999,0.8741197106151434,0.8032454369036696,0.8714788655679677,0.8035426738987814,0.8785211190271028,0.8032454369036696,0.8714788655679677,-0.008845436081269642,-0.009142673076381502,0.002640845047175655,-0.004401408411959462,C:\Users\zhang\Desktop\vessel\images\21_training.tif,C:\Users\zhang\Desktop\vessel\1st_manual\21_manual1.gif,C:\Users\zhang\Desktop\vessel\mask\21_training_mask.gif,128,320,128,64,1136,513,6,16,6,4,0.4515845030670378,0.3726557205399667,0.3726557205399667,0.0290448337418161,0.3943031674320068,0.4521908164024353,0.5018222332000732,0.5018222332000732,0.4754469096660614,0.5006767511367798,0.3877017199993133,0.0066014528274536,0.5374767780303955,0.0170214362442493,-0.0104199834167957,0.4678260087966919,False,worse,worse
21_y128_x384.png,0.5694952011108398,0.966431,21,False,0.6919163386550801,0.7536945719988354,0.6934131754885439,0.7130541784106629,0.6997084565614667,0.7389162470576817,0.6934131754885439,0.7130541784106629,-0.0014968368334637994,-0.007792117906386675,0.04064039358817251,0.01477832494115372,C:\Users\zhang\Desktop\vessel\images\21_training.tif,C:\Users\zhang\Desktop\vessel\1st_manual\21_manual1.gif,C:\Users\zhang\Desktop\vessel\mask\21_training_mask.gif,128,384,128,64,806,433,4,17,6,5,0.5372208370071857,0.4299761347865913,0.4299761347865913,0.0306004611870563,0.4562910708343864,0.5994549989700317,0.645749568939209,0.645749568939209,0.5177832841873169,0.6471719741821289,0.4399424195289612,0.016348659992218,0.5647563934326172,-0.0073136277496814,0.0236622877418994,0.5694952011108398,False,tied,worse
21_y192_x0.png,0.62925124168396,0.875671,21,True,0.875658279877621,0.8774552891308844,0.8790262730012969,0.8680738760830434,0.8858474084364482,0.8918205778603912,0.8790262730012969,0.8680738760830434,-0.003367993123675861,-0.010189128558827143,0.009381413047841014,-0.014365288729506709,C:\Users\zhang\Desktop\vessel\images\21_training.tif,C:\Users\zhang\Desktop\vessel\1st_manual\21_manual1.gif,C:\Users\zhang\Desktop\vessel\mask\21_training_mask.gif,192,0,128,64,3411,766,26,18,1,16,0.2245675748326954,0.2025877815409007,0.2025877815409007,0.0412532631690174,0.2193025956743691,0.0618018805980682,0.0747941434383392,0.0747941434383392,0.8076988458633423,0.0871002897620201,0.2202472239732742,-0.0009446293115615,0.516357421875,-0.0446387492120265,0.043694119900465,0.62925124168396,True,tied,worse
21_y192_x64.png,0.3825763165950775,1.0,21,False,0.8462135925316241,0.8485202459169772,0.863814756939139,0.8570872240767631,0.8618110238940728,0.852414326898698,0.863814756939139,0.8570872240767631,-0.017601164407514913,-0.015597431362448733,-0.00856697815978591,-0.0038940809817208377,C:\Users\zhang\Desktop\vessel\images\21_training.tif,C:\Users\zhang\Desktop\vessel\1st_manual\21_manual1.gif,C:\Users\zhang\Desktop\vessel\mask\21_training_mask.gif,192,64,128,64,2568,654,13,16,5,6,0.2546728962045447,0.2268748981366491,0.2268748981366491,0.032262996448578,0.2415142262023576,0.1135723665356636,0.1357773244380951,0.1357773244380951,0.5630290508270264,0.1395927220582962,0.26349076628685,-0.0219765454530715,0.4574950933456421,0.0170214362442493,-0.0389979816973209,0.3825763165950775,False,worse,worse
21_y192_x128.png,0.4294058978557586,1.0,21,False,0.834048641509125,0.8893973997757636,0.829734513877046,0.8939740587797554,0.8336327709894619,0.8848207407717716,0.829734513877046,0.8939740587797554,0.004314127632079057,0.0004158705196631862,-0.004576659003991845,0.004576659003991956,C:\Users\zhang\Desktop\vessel\images\21_training.tif,C:\Users\zhang\Desktop\vessel\1st_manual\21_manual1.gif,C:\Users\zhang\Desktop\vessel\mask\21_training_mask.gif,192,128,128,64,1311,529,5,20,7,6,0.4035087688519544,0.338975364646349,0.338975364646349,0.0304347820333689,0.3596086473217357,0.3695175051689148,0.4172533750534057,0.4172533750534057,0.5132743120193481,0.4186836779117584,0.3658866584300995,-0.0062780082225799,0.5014308094978333,0.0170214362442493,-0.0232994444668293,0.4294058978557586,False,tied,tied
21_y192_x192.png,0.4059780240058899,1.0,21,False,0.8304042186713346,0.883177561839462,0.8175119210337584,0.8813084029784262,0.8290748906208154,0.8794392441173903,0.8175119210337584,0.8813084029784262,0.012892297637576267,0.0013293280505192184,0.0018691588610358911,0.0037383177220717823,C:\Users\zhang\Desktop\vessel\images\21_training.tif,C:\Users\zhang\Desktop\vessel\1st_manual\21_manual1.gif,C:\Users\zhang\Desktop\vessel\mask\21_training_mask.gif,192,192,128,64,1070,455,4,22,10,2,0.4252336408856669,0.3543357587971428,0.3543357587971428,0.0399999991208791,0.3826826188779063,0.4068765640258789,0.4558221697807312,0.4558221697807312,0.7735912799835205,0.4732140898704529,0.3968142867088318,-0.0141316652297973,0.4794506728649139,0.0170214362442493,-0.0311531014740467,0.4059780240058899,False,better,tied
21_y192_x256.png,0.3436670303344726,1.0,21,False,0.7841726631644325,0.8268015066143931,0.788381743992995,0.8407079539733509,0.7792521123084915,0.8166877267169693,0.788381743992995,0.8407079539733509,-0.004209080828562528,0.004920550855941008,-0.013906447358957741,0.010113779897423791,C:\Users\zhang\Desktop\vessel\images\21_training.tif,C:\Users\zhang\Desktop\vessel\1st_manual\21_manual1.gif,C:\Users\zhang\Desktop\vessel\mask\21_training_mask.gif,192,256,128,64,791,364,4,17,7,3,0.4601769853327815,0.3785576512040237,0.3785576512040237,0.0385989000384917,0.4077814690792844,0.4669667482376098,0.5166415572166443,0.5166415572166443,0.7354604005813599,0.532529890537262,0.4428014755249023,-0.0350199937820434,0.4209901988506317,0.0170214362442493,-0.0520414300262928,0.3436670303344726,False,tied,tied
21_y192_x320.png,0.5593909621238708,1.0,21,False,0.6819747435018672,0.8284518712907689,0.6776859523159035,0.8005578688904064,0.6811000603797539,0.8117154698505513,0.6776859523159035,0.8005578688904064,0.004288791185963703,0.0008746831221132512,0.02789400240036255,0.016736401440217596,C:\Users\zhang\Desktop\vessel\images\21_training.tif,C:\Users\zhang\Desktop\vessel\1st_manual\21_manual1.gif,C:\Users\zhang\Desktop\vessel\mask\21_training_mask.gif,192,320,128,64,717,424,5,16,6,4,0.5913528508876869,0.4645845040796958,0.4645845040796958,0.0327830180947401,0.4950454684872569,0.6925429701805115,0.7326486706733704,0.7326486706733704,0.5771813988685608,0.7387596964836121,0.4577489793300628,0.0372965037822723,0.6233834624290466,0.0170214362442493,0.0202750675380229,0.5593909621238708,False,tied,tied
21_y192_x384.png,0.7820011973381042,1.0,21,True,0.614035089976403,0.7085020147300674,0.5873605973521648,0.6396761047277179,0.612294585439473,0.6788124064937597,0.5873605973521648,0.6396761047277179,0.026674492624238155,0.0017405045369299765,0.0688259100023495,0.02968960823630762,C:\Users\zhang\Desktop\vessel\images\21_training.tif,C:\Users\zhang\Desktop\vessel\1st_manual\21_manual1.gif,C:\Users\zhang\Desktop\vessel\mask\21_training_mask.gif,192,384,128,64,741,518,5,20,8,4,0.6990553212003331,0.5300724031957955,0.5300724031957955,0.032625481995647,0.5646601384895031,0.8777531385421753,0.8970839977264404,0.8970839977264404,0.5728940963745117,0.9032790660858154,0.4527386724948883,0.1119214594364166,0.8322374224662781,0.0170214362442493,0.0949000269174575,0.7820011973381042,True,better,tied
21_y192_x437.png,0.8816248774528503,0.803406,21,True,0.6252739253084446,0.6584615283313612,0.6048324270862633,0.5969230677396451,0.5970381948788916,0.5892307601656807,0.6048324270862633,0.5969230677396451,0.02044149822218133,0.028235730429552963,0.06153846059171608,0.06923076816568052,C:\Users\zhang\Desktop\vessel\images\21_training.tif,C:\Users\zhang\Desktop\vessel\1st_manual\21_manual1.gif,C:\Users\zhang\Desktop\vessel\mask\21_training_mask.gif,192,437,128,64,650,448,7,12,5,2,0.6892307586272192,0.524273252902646,0.524273252902646,0.0305803564602599,0.5563381788153319,0.8608583211898804,0.8825228810310364,0.8825228810310364,0.5172361135482788,0.8836119174957275,0.4726764261722564,0.0836617648601532,0.7531465888023376,-0.0446348562836647,0.1282966136932373,0.8816248774528503,True,better,better
21_y256_x0.png,0.5043317675590515,0.898499,21,False,0.8559001515584339,0.84851893195156,0.8515198755816058,0.819272587854246,0.8649765260751614,0.8635170571296698,0.8515198755816058,0.819272587854246,0.004380275976828107,-0.009076374516727492,0.02924634409731408,-0.014998125178109722,C:\Users\zhang\Desktop\vessel\images\21_training.tif,C:\Users\zhang\Desktop\vessel\1st_manual\21_manual1.gif,C:\Users\zhang\Desktop\vessel\mask\21_training_mask.gif,256,0,128,64,2667,619,13,12,2,8,0.2320959871312486,0.2087167737088814,0.2087167737088814,0.0279483032641631,0.2203833330847484,0.074748083949089,0.090183600783348,0.090183600783348,0.445604920387268,0.0896543785929679,0.2577287852764129,-0.0373454540967941,0.414481908082962,-0.0391631983220577,0.0018177442252635,0.5043317675590515,False,tied,worse
21_y256_x64.png,0.3785229325294494,1.0,21,False,0.8409321178501882,0.824721777326225,0.8556869142770344,0.8342607280037331,0.8437884382046157,0.8179650205963234,0.8556869142770344,0.8342607280037331,-0.014754796426846184,-0.0028563203544275106,-0.009538950677508096,0.006756756729901614,C:\Users\zhang\Desktop\vessel\images\21_training.tif,C:\Users\zhang\Desktop\vessel\1st_manual\21_manual1.gif,C:\Users\zhang\Desktop\vessel\mask\21_training_mask.gif,256,64,128,64,2516,665,8,10,3,4,0.2643084250226215,0.2345252730979156,0.2345252730979156,0.0186466162609531,0.2432714786398197,0.1301420927047729,0.1549868434667587,0.1549868434667587,0.1924599409103393,0.1437456458806991,0.2666068375110626,-0.0233353525400161,0.4536921977996826,0.0170214362442493,-0.0403567887842655,0.3785229325294494,False,worse,tied
21_y256_x128.png,0.4330912232398987,1.0,21,False,0.7992766736018233,0.8230912400084615,0.8116071436981823,0.846368707203271,0.7946469783357314,0.8016759701892368,0.8116071436981823,0.846368707203271,-0.012330470096359014,0.0046296952660919155,-0.023277467194809498,0.021415269819224703,C:\Users\zhang\Desktop\vessel\images\21_training.tif,C:\Users\zhang\Desktop\vessel\1st_manual\21_manual1.gif,C:\Users\zhang\Desktop\vessel\mask\21_training_mask.gif,256,128,128,64,1074,479,3,19,8,3,0.4459962714525487,0.3687985452080402,0.3687985452080402,0.0303757822468521,0.3912036338124307,0.4425810277462005,0.4921371936798095,0.4921371936798095,0.5116686224937439,0.4933516979217529,0.3962462246417999,-0.0050425827503204,0.5048884153366089,0.0170214362442493,-0.0220640189945697,0.4330912232398987,False,worse,tied
21_y256_x192.png,0.6142100691795349,1.0,21,True,0.754669989074284,0.7849740830961907,0.7495338735268249,0.7810880727838333,0.7318327991522007,0.7370466225771163,0.7495338735268249,0.7810880727838333,0.005136115547459075,0.02283718992208328,0.0038860103123573575,0.04792746051907437,C:\Users\zhang\Desktop\vessel\images\21_training.tif,C:\Users\zhang\Desktop\vessel\1st_manual\21_manual1.gif,C:\Users\zhang\Desktop\vessel\mask\21_training_mask.gif,256,192,128,64,772,453,3,25,12,1,0.5867875571659643,0.4617115681639486,0.4617115681639486,0.0438189835801548,0.502175031412236,0.6846923232078552,0.7254348993301392,0.7254348993301392,0.877524733543396,0.755608856678009,0.4465016722679138,0.0556733608245849,0.6748149991035461,0.0170214362442493,0.0386519245803356,0.6142100691795349,True,better,better
21_y256_x256.png,0.5735886693000793,1.0,21,False,0.73884592659818,0.7971758562621841,0.7348668296920894,0.779204097827932,0.7282948174372591,0.7483953690834998,0.7348668296920894,0.779204097827932,0.003979096906090662,0.010551109160920946,0.01797175843425214,0.04878048717868433,C:\Users\zhang\Desktop\vessel\images\21_training.tif,C:\Users\zhang\Desktop\vessel\1st_manual\21_manual1.gif,C:\Users\zhang\Desktop\vessel\mask\21_training_mask.gif,256,256,128,64,779,447,4,22,8,6,0.5738125728650504,0.4535010659450448,0.4535010659450448,0.0371364644935914,0.4871839184115929,0.662379801273346,0.7048189640045166,0.7048189640045166,0.6956602931022644,0.7201806306838989,0.4451279640197754,0.0420559644699096,0.6367037892341614,0.0170214362442493,0.0250345282256603,0.5735886693000793,False,tied,better
21_y256_x320.png,0.6356154680252075,1.0,21,True,0.7010402546312063,0.8525852491464769,0.7022758954840878,0.831683159167402,0.70244821232369,0.8206820591784152,0.7022758954840878,0.831683159167402,-0.0012356408528814145,-0.0014079576924836967,0.020902089979074945,0.03190318996806174,C:\Users\zhang\Desktop\vessel\images\21_training.tif,C:\Users\zhang\Desktop\vessel\1st_manual\21_manual1.gif,C:\Users\zhang\Desktop\vessel\mask\21_training_mask.gif,256,320,128,64,909,520,7,21,7,7,0.5720571994273136,0.4523850797491892,0.4523850797491892,0.0354807685484467,0.4844870203678924,0.6593612432479858,0.7020168304443359,0.7020168304443359,0.6506005525588989,0.7138070464134216,0.421638011932373,0.0628490149974823,0.6948976516723633,0.0170214362442493,0.0458275787532329,0.6356154680252075,True,tied,tied
21_y256_x384.png,0.859097957611084,1.0,21,True,0.6497313158293536,0.7888493382105654,0.6390471277107865,0.7319098371066449,0.6498951800319959,0.73546855592564,0.6390471277107865,0.7319098371066449,0.010684188118567084,-0.00016386420264224988,0.05693950110392043,0.05338078228492538,C:\Users\zhang\Desktop\vessel\images\21_training.tif,C:\Users\zhang\Desktop\vessel\1st_manual\21_manual1.gif,C:\Users\zhang\Desktop\vessel\mask\21_training_mask.gif,256,384,128,64,843,594,6,24,10,4,0.7046263261610163,0.5333459231737155,0.5333459231737155,0.035185184592842,0.5708776726911294,0.8873332738876343,0.9053036570549012,0.9053036570549012,0.6425563097000122,0.9179728627204896,0.4331112504005432,0.137766420841217,0.9045700430870056,0.0170214362442493,0.120744988322258,0.859097957611084,True,better,tied
21_y256_x437.png,1.0,0.826477,21,True,0.600000003030303,0.7071428445153064,0.580592108712236,0.6303571316007656,0.5812973919014541,0.6160714175701533,0.580592108712236,0.6303571316007656,0.019407894318067,0.018702611128848856,0.07678571291454084,0.09107142694515313,C:\Users\zhang\Desktop\vessel\images\21_training.tif,C:\Users\zhang\Desktop\vessel\1st_manual\21_manual1.gif,C:\Users\zhang\Desktop\vessel\mask\21_training_mask.gif,256,437,128,64,560,463,5,25,11,3,0.826785699521684,0.60255797414046,0.60255797414046,0.0454643618690202,0.6573478017072312,1.0,1.0,1.0,0.9223036766052246,1.0,0.4953492879867553,0.1619985103607177,0.972388744354248,-0.0474995374679565,0.2094980478286743,1.0,True,better,better
21_y320_x64.png,0.3105194270610809,1.0,21,False,0.867439933994532,0.8768844184385074,0.8809924308641874,0.8773031789057655,0.8637607920325104,0.8588777183464081,0.8809924308641874,0.8773031789057655,-0.013552496869655428,0.0036791419620215704,-0.0004187604672580836,0.01800670009209926,C:\Users\zhang\Desktop\vessel\images\21_training.tif,C:\Users\zhang\Desktop\vessel\1st_manual\21_manual1.gif,C:\Users\zhang\Desktop\vessel\mask\21_training_mask.gif,320,64,128,64,2388,575,11,12,4,4,0.2407872686734201,0.2157460722484256,0.2157460722484256,0.0293913038366729,0.2284281889704701,0.0896940156817436,0.1078336462378501,0.1078336462378501,0.4848760962486267,0.1086666733026504,0.2745601534843445,-0.0461319684982299,0.389890968799591,0.0170214362442493,-0.063153401017189,0.3105194270610809,False,worse,tied
21_y320_x128.png,0.3334413766860962,1.0,21,False,0.8685042931122814,0.8898148106953018,0.883731410807275,0.9078703661672667,0.8691460058100414,0.8763888848315329,0.883731410807275,0.9078703661672667,-0.01522711769499363,-0.0006417126977600329,-0.018055555471964913,0.013425925863768895,C:\Users\zhang\Desktop\vessel\images\21_training.tif,C:\Users\zhang\Desktop\vessel\1st_manual\21_manual1.gif,C:\Users\zhang\Desktop\vessel\mask\21_training_mask.gif,320,128,128,64,2160,584,10,11,3,5,0.2703703691186557,0.2393084871822504,0.2393084871822504,0.0252568488825882,0.2513968437764162,0.1405664831399917,0.1669971495866775,0.1669971495866775,0.3723570704460144,0.1629481762647628,0.2898447513580322,-0.0384479165077209,0.4113964438438415,0.0170214362442493,-0.0554693527519702,0.3334413766860962,False,worse,tied
21_y320_x192.png,0.4316904842853546,1.0,21,False,0.8466707396253185,0.8896020482053784,0.8555691558887113,0.8973042304409228,0.8510504865128552,0.870988441136146,0.8555691558887113,0.8973042304409228,-0.008898416263392828,-0.0043797468875367285,-0.007702182235544419,0.01861360706923232,C:\Users\zhang\Desktop\vessel\images\21_training.tif,C:\Users\zhang\Desktop\vessel\1st_manual\21_manual1.gif,C:\Users\zhang\Desktop\vessel\mask\21_training_mask.gif,320,192,128,64,1558,586,7,14,4,6,0.3761232325024183,0.3192702940056929,0.3192702940056929,0.0232081907302356,0.334089665761258,0.3224240243434906,0.3677753508090973,0.3677753508090973,0.3166030049324035,0.3583750128746032,0.3396018147468567,-0.0055121481418609,0.5035742521286011,0.0170214362442493,-0.0225335843861103,0.4316904842853546,False,worse,tied
21_y320_x256.png,0.5058727264404297,1.0,21,False,0.8450370374961865,0.8923654512367619,0.8484848489349827,0.8936170156844992,0.8557427263223807,0.8742177667445696,0.8484848489349827,0.8936170156844992,-0.0034478114387961334,-0.01070568882619416,-0.00125156444773733,0.018147684492192284,C:\Users\zhang\Desktop\vessel\images\21_training.tif,C:\Users\zhang\Desktop\vessel\1st_manual\21_manual1.gif,C:\Users\zhang\Desktop\vessel\mask\21_training_mask.gif,320,256,128,64,1598,650,7,15,3,9,0.406758445514653,0.341288082877938,0.341288082877938,0.0202307689195266,0.3550971235573217,0.3751057982444763,0.4230604469776153,0.4230604469776153,0.2355725616216659,0.4080216288566589,0.3357413709163666,0.0193557441234588,0.573172390460968,0.0170214362442493,0.0023343078792095,0.5058727264404297,False,tied,worse
21_y320_x320.png,0.5766934156417847,1.0,21,False,0.803488010577739,0.8769544467916082,0.8074494955572933,0.8694765406561759,0.8152661968721417,0.8640380634667705,0.8074494955572933,0.8694765406561759,-0.003961484979554286,-0.011778186294402748,0.007477906135432311,0.012916383324837688,C:\Users\zhang\Desktop\vessel\images\21_training.tif,C:\Users\zhang\Desktop\vessel\1st_manual\21_manual1.gif,C:\Users\zhang\Desktop\vessel\mask\21_training_mask.gif,320,320,128,64,1471,650,9,25,8,9,0.4418762716391824,0.3659452318799056,0.3659452318799056,0.0348461533100591,0.3914487991862503,0.4354960024356842,0.4849726855754852,0.4849726855754852,0.6333295702934265,0.4939310550689697,0.3483520448207855,0.0430967509746551,0.6396166682243347,0.0170214362442493,0.0260753147304058,0.5766934156417847,False,tied,worse
21_y320_x384.png,0.7871647477149963,0.99469,21,True,0.6838521416155051,0.7970521451581389,0.6868792488924242,0.7448979507381185,0.7065616813303849,0.7630385401016039,0.6868792488924242,0.7448979507381185,-0.0030271072769191276,-0.022709539714879767,0.05215419442002045,0.03401360505653506,C:\Users\zhang\Desktop\vessel\images\21_training.tif,C:\Users\zhang\Desktop\vessel\1st_manual\21_manual1.gif,C:\Users\zhang\Desktop\vessel\mask\21_training_mask.gif,320,384,128,64,882,578,9,19,5,9,0.6553287907559094,0.5039996542070374,0.5039996542070374,0.0314013835397684,0.535652227098369,0.802558958530426,0.8316172957420349,0.8316172957420349,0.5395803451538086,0.8347250819206238,0.42622771859169,0.1094245016574859,0.8252491354942322,0.0127934915944933,0.0966310128569603,0.7871647477149963,True,tied,worse
21_y384_x64.png,0.4018846154212951,0.92749,21,False,0.8274568648632525,0.8537151636709353,0.8316229576905247,0.8467492194524054,0.8270106228110371,0.84365324424417,0.8316229576905247,0.8467492194524054,-0.004166092827272205,0.0004462420522154398,0.006965944218529807,0.010061919426765265,C:\Users\zhang\Desktop\vessel\images\21_training.tif,C:\Users\zhang\Desktop\vessel\1st_manual\21_manual1.gif,C:\Users\zhang\Desktop\vessel\mask\21_training_mask.gif,384,64,128,64,1292,429,11,12,2,8,0.3320433410832559,0.2867141099396294,0.2867141099396294,0.0356643348329991,0.307165045976094,0.2466222196817398,0.2860291600227356,0.2860291600227356,0.6555963754653931,0.294744461774826,0.3681095540523529,-0.0609444975852966,0.3484349250793457,-0.0284191854298114,-0.0325253121554851,0.4018846154212951,False,tied,tied
21_y384_x128.png,0.3591182231903076,1.0,21,False,0.871064768656377,0.8793522231605172,0.8848892407340007,0.9056680125276598,0.8745476480206119,0.8805667980543853,0.8848892407340007,0.9056680125276598,-0.013824472077623606,-0.0034828793642348588,-0.026315789367142628,-0.0012145748938681145,C:\Users\zhang\Desktop\vessel\images\21_training.tif,C:\Users\zhang\Desktop\vessel\1st_manual\21_manual1.gif,C:\Users\zhang\Desktop\vessel\mask\21_training_mask.gif,384,128,128,64,2470,624,16,13,1,11,0.2526315779245685,0.2252466006944675,0.2252466006944675,0.0318108969261074,0.2395771934897631,0.1100620403885841,0.1316887587308883,0.1316887587308883,0.5507252812385559,0.1350149661302566,0.2694175243377685,-0.0298403352499008,0.4354865849018097,0.0170214362442493,-0.0468617714941501,0.3591182231903076,False,worse,tied
21_y384_x192.png,0.3693583607673645,1.0,21,False,0.8887112889336438,0.8982229365984533,0.8942060512275933,0.9131663937271146,0.8876404496636427,0.8933764099621307,0.8942060512275933,0.9131663937271146,-0.005494762293949518,0.0010708392700010672,-0.014943457128661297,0.004846526636322568,C:\Users\zhang\Desktop\vessel\images\21_training.tif,C:\Users\zhang\Desktop\vessel\1st_manual\21_manual1.gif,C:\Users\zhang\Desktop\vessel\mask\21_training_mask.gif,384,192,128,64,2476,644,12,11,2,7,0.2600969294826457,0.2311886461653973,0.2311886461653973,0.0247670803607596,0.2426403817215445,0.1228998228907585,0.1466087996959686,0.1466087996959686,0.3590280711650848,0.1422541439533233,0.2690479457378387,-0.0264075696468353,0.4450939297676086,0.0170214362442493,-0.0434290058910846,0.3693583607673645,False,worse,tied
21_y384_x256.png,0.4283750653266907,1.0,21,False,0.8724464377866307,0.8681209674361876,0.8699728599309824,0.8740703972529975,0.868027888774831,0.8641546808916476,0.8699728599309824,0.8740703972529975,0.002473577855648279,0.004418549011799722,-0.005949429816809904,0.00396628654454001,C:\Users\zhang\Desktop\vessel\images\21_training.tif,C:\Users\zhang\Desktop\vessel\1st_manual\21_manual1.gif,C:\Users\zhang\Desktop\vessel\mask\21_training_mask.gif,384,256,128,64,2017,650,9,17,4,9,0.3222607817438732,0.2793429850194756,0.2793429850194756,0.0256153842213017,0.2936539408010741,0.2297996431589126,0.2675208151340484,0.2675208151340484,0.3821146488189697,0.2628138065338135,0.3002775013446808,-0.0066235661506652,0.5004637241363525,0.0170214362442493,-0.0236450023949146,0.4283750653266907,False,tied,tied
21_y384_x320.png,0.4398208260536194,0.998901,21,False,0.8708183225146209,0.880332981892128,0.8660274686031939,0.8694068633225449,0.8706493509853264,0.8720083201248267,0.8660274686031939,0.8694068633225449,0.004790853911426973,0.00016897152929451487,0.010926118569583143,0.0083246617673014,C:\Users\zhang\Desktop\vessel\images\21_training.tif,C:\Users\zhang\Desktop\vessel\1st_manual\21_manual1.gif,C:\Users\zhang\Desktop\vessel\mask\21_training_mask.gif,384,320,128,64,1922,632,12,21,5,11,0.3288241398084072,0.28429444577476,0.28429444577476,0.0345727842630888,0.3039521468566903,0.2410863041877746,0.2799535989761352,0.2799535989761352,0.6258898377418518,0.2871514558792114,0.3076255023479461,-0.0036733448505401,0.5087205171585083,0.0161347184330225,-0.0198080632835626,0.4398208260536194,False,tied,tied
21_y384_x384.png,0.5617516040802002,0.848389,21,False,0.8397306402702672,0.8541095831910303,0.8348781330762852,0.8328767066241322,0.8430431807983442,0.8424657476543442,0.8348781330762852,0.8328767066241322,0.004852507193982003,-0.003312540528076946,0.021232876566898096,0.01164383553668602,C:\Users\zhang\Desktop\vessel\images\21_training.tif,C:\Users\zhang\Desktop\vessel\1st_manual\21_manual1.gif,C:\Users\zhang\Desktop\vessel\mask\21_training_mask.gif,384,384,128,64,1459,523,11,11,1,9,0.3584646993936621,0.3063551645585468,0.3063551645585468,0.0270554488134713,0.3229323175054595,0.292057603597641,0.3353464603424072,0.3353464603424072,0.4213058948516845,0.332006961107254,0.3495993912220001,-0.0266670882701873,0.4443676173686981,-0.0477335192263126,0.0210664309561252,0.5617516040802002,False,tied,tied
21_y448_x192.png,0.5178101658821106,0.901001,21,False,0.8673094585231648,0.825251197792699,0.8778383290693954,0.8444735655549428,0.8630705397347384,0.8178243738845592,0.8778383290693954,0.8444735655549428,-0.01052887054623064,0.004238918788426416,-0.01922236776224384,0.007426823908139757,C:\Users\zhang\Desktop\vessel\images\21_training.tif,C:\Users\zhang\Desktop\vessel\1st_manual\21_manual1.gif,C:\Users\zhang\Desktop\vessel\mask\21_training_mask.gif,448,192,128,64,2289,612,12,12,1,10,0.267365660693029,0.2369404632472045,0.2369404632472045,0.0253267969717843,0.2489423492613295,0.1353994607925415,0.1610511839389801,0.1610511839389801,0.3742607533931732,0.1571475118398666,0.2810094654560089,-0.0320671200752258,0.4292544722557068,-0.0384031794965267,0.0063360594213008,0.5178101658821106,False,worse,tied
21_y448_x256.png,0.5348518490791321,0.881836,21,False,0.8619313650919623,0.8023774105875314,0.8720253837334072,0.816740956826444,0.8573692555272867,0.803863294681212,0.8720253837334072,0.816740956826444,-0.01009401864144488,0.0045621095646756205,-0.014363546238912561,-0.0014858840936805562,C:\Users\zhang\Desktop\vessel\images\21_training.tif,C:\Users\zhang\Desktop\vessel\1st_manual\21_manual1.gif,C:\Users\zhang\Desktop\vessel\mask\21_training_mask.gif,448,256,128,64,2019,585,8,17,5,7,0.2897473982677196,0.2544463839029211,0.2544463839029211,0.0281196576389802,0.2687562743085744,0.1738881170749664,0.2050072997808456,0.2050072997808456,0.4502682983875274,0.2039734870195388,0.3001265525817871,-0.0313702821731567,0.4312047064304352,-0.0434191860258579,0.0120489038527011,0.5348518490791321,False,worse,tied
21_y456_x192.png,0.5069828629493713,0.838501,21,False,0.853611645554486,0.811488246415205,0.867305061922558,0.8276762358868082,0.850555555970679,0.799477802613693,0.867305061922558,0.8276762358868082,-0.013693416368071976,0.003056089583806987,-0.01618798947160316,0.01201044380151206,C:\Users\zhang\Desktop\vessel\images\21_training.tif,C:\Users\zhang\Desktop\vessel\1st_manual\21_manual1.gif,C:\Users\zhang\Desktop\vessel\mask\21_training_mask.gif,456,192,128,64,1915,548,8,12,2,8,0.2861618784012434,0.2516624953439488,0.2516624953439488,0.0224452550648676,0.2629597531404608,0.1677222996950149,0.1980171352624893,0.1980171352624893,0.2958397269248962,0.190274640917778,0.3081811964511871,-0.0452214479446411,0.3924392461776733,-0.0479278974235057,0.0027064494788646,0.5069828629493713,False,worse,tied
21_y456_x256.png,0.5036824345588684,0.819336,21,False,0.8447561369309655,0.7821723684641537,0.8577749688439477,0.8010625690610238,0.8389750084183012,0.7827626872328058,0.8577749688439477,0.8010625690610238,-0.013018831912982143,0.005781128512664324,-0.018890200596870077,-0.0005903187686521205,C:\Users\zhang\Desktop\vessel\images\21_training.tif,C:\Users\zhang\Desktop\vessel\1st_manual\21_manual1.gif,C:\Users\zhang\Desktop\vessel\mask\21_training_mask.gif,456,256,128,64,1694,520,8,13,3,7,0.3069657596991396,0.2677082366701066,0.2677082366701066,0.0258653841179733,0.2815569894161419,0.2034976482391357,0.2383068352937698,0.2383068352937698,0.3889183402061462,0.234225258231163,0.326856791973114,-0.0452997982501983,0.392219990491867,-0.0468998551368713,0.0016000568866729,0.5036824345588684,False,worse,better
22_y64_x64.png,0.4515056908130646,0.817383,22,False,0.8183856509028937,0.7799145243595832,0.8155706734105417,0.76851851304474,0.8262980955311987,0.7877492821385379,0.8155706734105417,0.76851851304474,0.0028149774923520443,-0.007912444628304982,0.011396011314843246,-0.007834757778954704,C:\Users\zhang\Desktop\vessel\images\22_training.tif,C:\Users\zhang\Desktop\vessel\1st_manual\22_manual1.gif,C:\Users\zhang\Desktop\vessel\mask\22_training_mask.gif,64,64,128,64,1404,449,7,13,3,7,0.3198005675227879,0.2774806399737503,0.2774806399737503,0.0277282844603945,0.2928687642086392,0.225568950176239,0.2628445923328399,0.2628445923328399,0.4396170973777771,0.2609582245349884,0.3554507791996002,-0.0625820159912109,0.3438519835472107,-0.0466910377144813,-0.0158909782767295,0.4515056908130646,False,tied,worse
22_y64_x128.png,0.5847282409667969,0.98822,22,True,0.7897848196032519,0.7639524210249202,0.7902439029506247,0.7410795940481262,0.7949280668253401,0.745654159443485,0.7902439029506247,0.7410795940481262,-0.0004590833473728795,-0.005143247222088254,0.022872826976794047,0.018298261581435216,C:\Users\zhang\Desktop\vessel\images\22_training.tif,C:\Users\zhang\Desktop\vessel\1st_manual\22_manual1.gif,C:\Users\zhang\Desktop\vessel\mask\22_training_mask.gif,64,128,128,64,2186,782,18,17,2,13,0.3577310139170584,0.305814934345494,0.305814934345494,0.030754475310045,0.3246252900410371,0.2907959222793579,0.3339899182319641,0.3339899182319641,0.5219747424125671,0.3360079526901245,0.2880222797393799,0.0366030037403106,0.6214425563812256,0.0078341998159885,0.0287688039243221,0.5847282409667969,True,tied,worse
22_y64_x192.png,0.5611215233802795,1.0,22,False,0.8029914534124115,0.7822647760938185,0.799648120079947,0.7568692724526674,0.8009581885867636,0.7656119868209326,0.799648120079947,0.7568692724526674,0.0033433333324645043,0.002033264825647918,0.025395503641151063,0.016652789272885937,C:\Users\zhang\Desktop\vessel\images\22_training.tif,C:\Users\zhang\Desktop\vessel\1st_manual\22_manual1.gif,C:\Users\zhang\Desktop\vessel\mask\22_training_mask.gif,64,192,128,64,2402,817,19,18,3,12,0.3401332208986959,0.2927690276022368,0.2927690276022368,0.0320685430591365,0.3115463799383245,0.2605339288711548,0.3012326061725616,0.3012326061725616,0.5577370524406433,0.3050987720489502,0.2736697494983673,0.0378766357898712,0.6250070929527283,0.0170214362442493,0.0208551995456218,0.5611215233802795,False,tied,tied
22_y64_x256.png,0.4473684430122375,1.0,22,False,0.8310064600312431,0.7969624268706537,0.8263069143627595,0.7833732982279245,0.8254101812675428,0.7841726587363202,0.8263069143627595,0.7833732982279245,0.004699545668483629,0.00559627876370028,0.013589128642729209,0.012789768134333412,C:\Users\zhang\Desktop\vessel\images\22_training.tif,C:\Users\zhang\Desktop\vessel\1st_manual\22_manual1.gif,C:\Users\zhang\Desktop\vessel\mask\22_training_mask.gif,64,256,128,64,2502,721,15,16,1,14,0.2881694632767008,0.2532221898944781,0.2532221898944781,0.0276005544022114,0.2672003355505374,0.1711746603250503,0.2019334435462951,0.2019334435462951,0.4361409544944763,0.2002963274717331,0.2674567997455597,-0.0002564787864685,0.5182833671569824,0.0170214362442493,-0.0172779150307178,0.4473684430122375,False,tied,better
22_y64_x320.png,0.4953331053256988,0.976257,22,False,0.8130918077128617,0.7279764071950741,0.814015074732094,0.736454107126966,0.8123611395427972,0.7412458505667311,0.814015074732094,0.736454107126966,-0.0009232670192322878,0.0007306681700645079,-0.008477699931891958,-0.01326944337165703,C:\Users\zhang\Desktop\vessel\images\22_training.tif,C:\Users\zhang\Desktop\vessel\1st_manual\22_manual1.gif,C:\Users\zhang\Desktop\vessel\mask\22_training_mask.gif,64,320,128,64,2713,729,19,14,1,12,0.2687062282760551,0.2379976633318841,0.2379976633318841,0.0318244165730532,0.2531459368944584,0.1377047598361969,0.1637057662010193,0.1637057662010193,0.5510931611061096,0.1670817881822586,0.255123883485794,-0.0019779503345489,0.5134654641151428,-0.0007790917297825,-0.0011988586047664,0.4953331053256988,False,tied,tied
22_y128_x64.png,0.54018235206604,0.995056,22,False,0.8150261535543839,0.7902259069145877,0.8146911523618147,0.787459655198434,0.8230842009860829,0.8022129976845873,0.8146911523618147,0.787459655198434,0.00033500119256923977,-0.008058047431699022,0.0027662517161537448,-0.011987090769999598,C:\Users\zhang\Desktop\vessel\images\22_training.tif,C:\Users\zhang\Desktop\vessel\1st_manual\22_manual1.gif,C:\Users\zhang\Desktop\vessel\mask\22_training_mask.gif,128,64,128,64,2169,753,15,20,3,14,0.3471645903772955,0.2980020802956643,0.2980020802956643,0.0304116861831117,0.3161275717913968,0.2726254463195801,0.3143724799156189,0.3143724799156189,0.5126457810401917,0.3159254193305969,0.2892114222049713,0.0269161462783813,0.5943318009376526,0.0130803231149911,0.0138358231633901,0.54018235206604,False,tied,worse
22_y128_x128.png,0.5663115978240967,1.0,22,False,0.8315730964766109,0.8483931914994586,0.8267640841631146,0.8128544392708716,0.8387219478152873,0.8336483900429171,0.8267640841631146,0.8128544392708716,0.004809012313496286,-0.007148851338676376,0.035538752228586934,0.014744801456541445,C:\Users\zhang\Desktop\vessel\images\22_training.tif,C:\Users\zhang\Desktop\vessel\1st_manual\22_manual1.gif,C:\Users\zhang\Desktop\vessel\mask\22_training_mask.gif,128,128,128,64,2645,860,19,20,2,16,0.3251417757083486,0.2815194542486394,0.2815194542486394,0.0303488368564088,0.2986070302264338,0.2347539812326431,0.2729857563972473,0.2729857563972473,0.510935366153717,0.2745193541049957,0.2589905261993408,0.0396164953708648,0.629876434803009,0.0170214362442493,0.0225950591266155,0.5663115978240967,False,tied,worse
22_y128_x192.png,0.5750489830970764,1.0,22,False,0.8314367001574738,0.8455696171950465,0.824195906754028,0.8155515341209709,0.8366345632625213,0.8325497257412305,0.824195906754028,0.8155515341209709,0.007240793403445855,-0.00519786310504744,0.030018083074075608,0.01301989145381599,C:\Users\zhang\Desktop\vessel\images\22_training.tif,C:\Users\zhang\Desktop\vessel\1st_manual\22_manual1.gif,C:\Users\zhang\Desktop\vessel\mask\22_training_mask.gif,128,192,128,64,2765,883,21,20,2,16,0.3193490042699854,0.2771384363623783,0.2771384363623783,0.0318233291979237,0.2947773717498939,0.2247924208641052,0.2619853913784027,0.2619853913784027,0.551063597202301,0.2654687762260437,0.2522318661212921,0.0425454974174499,0.6380738615989685,0.0170214362442493,0.0255240611732006,0.5750489830970764,False,better,worse
22_y128_x256.png,0.5609104037284851,1.0,22,False,0.817052827030486,0.8159940732469675,0.8094415662839348,0.7808219149173568,0.8168156746874345,0.7948907782492011,0.8094415662839348,0.7808219149173568,0.007611260746551163,0.00023715234305143884,0.035172158329610737,0.02110329499776642,C:\Users\zhang\Desktop\vessel\images\22_training.tif,C:\Users\zhang\Desktop\vessel\1st_manual\22_manual1.gif,C:\Users\zhang\Desktop\vessel\mask\22_training_mask.gif,128,256,128,64,2701,858,19,22,3,16,0.3176601247032205,0.2758575308250226,0.2758575308250226,0.0321678317929157,0.2936050081257994,0.2218881547451019,0.2587691247463226,0.2587691247463226,0.5604392290115356,0.2626981437206268,0.2557991445064544,0.0378058552742004,0.6248089671134949,0.0170214362442493,0.020784419029951,0.5609104037284851,False,better,tied
22_y128_x320.png,0.5235212445259094,1.0,22,False,0.8117710392754871,0.7426132608581311,0.8129055518873368,0.7403151650022483,0.8190777898291486,0.7639527223770429,0.8129055518873368,0.7403151650022483,-0.001134512611849714,-0.0073067505536614785,0.002298095855882809,-0.021339461518911862,C:\Users\zhang\Desktop\vessel\images\22_training.tif,C:\Users\zhang\Desktop\vessel\1st_manual\22_manual1.gif,C:\Users\zhang\Desktop\vessel\mask\22_training_mask.gif,128,320,128,64,3046,847,21,21,4,13,0.27806959856182,0.2453508134410675,0.2453508134410675,0.0354781577865624,0.2627600031857148,0.1538064330816269,0.182168960571289,0.182168960571289,0.6505295038223267,0.1898026168346405,0.2374880164861679,0.0252719968557357,0.5897302627563477,0.0170214362442493,0.0082505606114864,0.5235212445259094,False,tied,worse
22_y128_x384.png,0.5235865712165833,0.981506,22,False,0.837273143453907,0.7551581822416555,0.8496240603765052,0.7771664352760208,0.8404395606733486,0.7889958712819921,0.8496240603765052,0.7771664352760208,-0.012350916922598154,-0.003166417219441553,-0.022008253034365266,-0.03383768904033657,C:\Users\zhang\Desktop\vessel\images\22_training.tif,C:\Users\zhang\Desktop\vessel\1st_manual\22_manual1.gif,C:\Users\zhang\Desktop\vessel\mask\22_training_mask.gif,128,384,128,64,3630,848,16,21,3,15,0.2336088147834467,0.2099438693781225,0.2099438693781225,0.0285966977759823,0.2219512721431755,0.0773496106266975,0.0932647511363029,0.0932647511363029,0.4632509350776672,0.0933598801493644,0.2107675671577453,0.0111837089061737,0.550301194190979,0.0029112352058291,0.0082724737003445,0.5235865712165833,False,worse,tied
22_y192_x0.png,0.8072956204414368,0.850525,22,True,0.6873589182428955,0.584452969439031,0.6944140213887513,0.6084452916655922,0.6906552111135595,0.6170825276671542,0.6944140213887513,0.6084452916655922,-0.007055103145855779,-0.0032962928706640193,-0.023992322226561225,-0.03262955822812319,C:\Users\zhang\Desktop\vessel\images\22_training.tif,C:\Users\zhang\Desktop\vessel\1st_manual\22_manual1.gif,C:\Users\zhang\Desktop\vessel\mask\22_training_mask.gif,192,0,128,64,1042,554,12,17,4,9,0.5316698605405964,0.4263585523651771,0.4263585523651771,0.035469313439182,0.4566038426278098,0.5899093151092529,0.6366661190986633,0.6366661190986633,0.6502888202667236,0.6479111313819885,0.400851160287857,0.055752694606781,0.6750370264053345,-0.0476267300546169,0.1033794283866882,0.8072956204414368,True,worse,tied
22_y192_x64.png,0.7491727471351624,1.0,22,True,0.7267950971196874,0.7065834239126934,0.7392950779513688,0.7202043091929381,0.7484204487408948,0.7395005633399514,0.7392950779513688,0.7202043091929381,-0.012499980831681468,-0.021625351621207378,-0.013620885280244743,-0.032917139427258046,C:\Users\zhang\Desktop\vessel\images\22_training.tif,C:\Users\zhang\Desktop\vessel\1st_manual\22_manual1.gif,C:\Users\zhang\Desktop\vessel\mask\22_training_mask.gif,192,64,128,64,1762,843,17,30,9,12,0.4784335954685948,0.3909831458547452,0.3909831458547452,0.0393831549302116,0.4217794454713431,0.4983617663383484,0.5478410720825195,0.5478410720825195,0.7568038702011108,0.5656111240386963,0.3208629488945007,0.1009165048599243,0.8014376163482666,0.0170214362442493,0.0838950723409652,0.7491727471351624,True,worse,worse
22_y192_x128.png,0.6265934109687805,1.0,22,True,0.7632726346158691,0.818932301491842,0.7528089894253371,0.7743533254025684,0.7757255942592992,0.8090258623608924,0.7528089894253371,0.7743533254025684,0.010463645190532,-0.012452959643430073,0.044578976089273636,0.009906439130949685,C:\Users\zhang\Desktop\vessel\images\22_training.tif,C:\Users\zhang\Desktop\vessel\1st_manual\22_manual1.gif,C:\Users\zhang\Desktop\vessel\mask\22_training_mask.gif,192,128,128,64,1817,778,12,22,4,14,0.428178313548826,0.356399725553805,0.356399725553805,0.0275064263816654,0.3760062911805881,0.4119403958320617,0.4610046148300171,0.4610046148300171,0.4335792362689972,0.4574360251426697,0.3161817193031311,0.0598245859146118,0.6864331364631653,0.0170214362442493,0.0428031496703624,0.6265934109687805,True,better,worse
22_y192_x192.png,0.5426118969917297,1.0,22,False,0.7641881646003394,0.7593486082065826,0.758104738908651,0.7334137470843561,0.7923715786146676,0.7768395610564562,0.758104738908651,0.7334137470843561,0.006083425691688404,-0.028183414014328112,0.025934861122226427,-0.017490952849873675,C:\Users\zhang\Desktop\vessel\images\22_training.tif,C:\Users\zhang\Desktop\vessel\1st_manual\22_manual1.gif,C:\Users\zhang\Desktop\vessel\mask\22_training_mask.gif,192,192,128,64,1658,668,10,23,8,7,0.4028950518522614,0.3385379956512325,0.3385379956512325,0.034356286910834,0.3617998126688573,0.3684621453285217,0.4161551296710968,0.4161551296710968,0.6199979186058044,0.4238620102405548,0.3301281034946441,0.0316717028617858,0.6076412200927734,0.0170214362442493,0.0146502666175365,0.5426118969917297,False,better,worse
22_y192_x256.png,0.6109257936477661,1.0,22,True,0.7180783826862251,0.7012345635726261,0.7071672364943098,0.6395061688919372,0.7390876280305625,0.6950617241045572,0.7071672364943098,0.6395061688919372,0.010911146191915355,-0.021009245344337346,0.061728394680688914,0.0061728394680689025,C:\Users\zhang\Desktop\vessel\images\22_training.tif,C:\Users\zhang\Desktop\vessel\1st_manual\22_manual1.gif,C:\Users\zhang\Desktop\vessel\mask\22_training_mask.gif,192,256,128,64,1620,700,14,27,8,11,0.4320987627648224,0.3591410345714312,0.3591410345714312,0.0404999994214285,0.3882314579561396,0.418682187795639,0.4678878486156463,0.4678878486156463,0.7871987819671631,0.4863275587558746,0.3336590826511383,0.0545723736286163,0.6717336773872375,0.0170214362442493,0.0375509373843669,0.6109257936477661,True,better,worse
22_y192_x320.png,0.5993678569793701,1.0,22,True,0.7373400118604897,0.6829896872010841,0.7319735715829544,0.6567010275427783,0.7521898848482909,0.6860824706902966,0.7319735715829544,0.6567010275427783,0.0053664402775353,-0.01484987298780116,0.026288659658305846,-0.0030927834892124917,C:\Users\zhang\Desktop\vessel\images\22_training.tif,C:\Users\zhang\Desktop\vessel\1st_manual\22_manual1.gif,C:\Users\zhang\Desktop\vessel\mask\22_training_mask.gif,192,320,128,64,1940,769,11,28,9,10,0.3963917505340631,0.3338915885644812,0.3338915885644812,0.0344603376533116,0.3569036223275464,0.3572787344455719,0.4044883847236633,0.4044883847236633,0.6228295564651489,0.4122909009456634,0.3062057793140411,0.0506978332996368,0.6608899235725403,0.0170214362442493,0.0336763970553875,0.5993678569793701,True,better,worse
22_y192_x384.png,0.577846109867096,1.0,22,False,0.8304568530377711,0.7636703100462248,0.8430953401124478,0.7890104006694841,0.832838773727796,0.7860762849131067,0.8430953401124478,0.7890104006694841,-0.01263848707467674,-0.0023819206900249634,-0.02534009062325937,-0.022405974866881895,C:\Users\zhang\Desktop\vessel\images\22_training.tif,C:\Users\zhang\Desktop\vessel\1st_manual\22_manual1.gif,C:\Users\zhang\Desktop\vessel\mask\22_training_mask.gif,192,384,128,64,3749,992,23,22,2,18,0.2646038936660339,0.2347589456080879,0.2347589456080879,0.0310483867837864,0.2493367186964755,0.1306501775979995,0.1555735617876052,0.1555735617876052,0.529973566532135,0.158079519867897,0.2058535516262054,0.043483167886734,0.6406981348991394,0.0170214362442493,0.0264617316424846,0.577846109867096,False,worse,tied
22_y192_x437.png,0.681067943572998,0.855896,22,True,0.8334115441366939,0.7780373809052646,0.8444650589912414,0.7976051378574616,0.8403770145327196,0.8072429882966033,0.8444650589912414,0.7976051378574616,-0.01105351485454742,-0.006965470396025686,-0.019567756952196924,-0.029205607391338706,C:\Users\zhang\Desktop\vessel\images\22_training.tif,C:\Users\zhang\Desktop\vessel\1st_manual\22_manual1.gif,C:\Users\zhang\Desktop\vessel\mask\22_training_mask.gif,192,437,128,64,3422,832,23,21,2,17,0.2431326702421605,0.2176345407365047,0.2176345407365047,0.0365985572524211,0.2335647611350034,0.0937272682785987,0.1125754565000534,0.1125754565000534,0.6810211539268494,0.1208058819174766,0.2197567522525787,0.0138080120086669,0.557645857334137,-0.0472564883530139,0.0610645003616809,0.681067943572998,True,worse,worse
22_y256_x0.png,0.9527600407600404,0.873169,22,True,0.5472000036224,0.4803370719053782,0.5321739171115312,0.42977527486270684,0.5345394775120109,0.456460667746339,0.5321739171115312,0.42977527486270684,0.015026086510868786,0.012660526110389037,0.050561797042671386,0.023876404159039244,C:\Users\zhang\Desktop\vessel\images\22_training.tif,C:\Users\zhang\Desktop\vessel\1st_manual\22_manual1.gif,C:\Users\zhang\Desktop\vessel\mask\22_training_mask.gif,256,0,128,64,712,490,6,23,9,5,0.6882022375252494,0.5236641979577009,0.5236641979577009,0.0403061216264056,0.5658779436662554,0.859089732170105,0.8809934854507446,0.8809934854507446,0.7819223403930664,0.9061570167541504,0.45881387591362,0.1070640385150909,0.8186429142951965,-0.0450789928436279,0.1521430313587188,0.9527600407600404,True,better,better
22_y256_x64.png,0.8356077671051025,1.0,22,True,0.6803472782938149,0.6739640291324157,0.6877828067141801,0.653635647743271,0.6819296824123888,0.6520719260979522,0.6877828067141801,0.653635647743271,-0.007435528420365212,-0.0015824041185739102,0.020328381389144723,0.02189210303446354,C:\Users\zhang\Desktop\vessel\images\22_training.tif,C:\Users\zhang\Desktop\vessel\1st_manual\22_manual1.gif,C:\Users\zhang\Desktop\vessel\mask\22_training_mask.gif,256,64,128,64,1279,751,14,31,9,13,0.5871774778172206,0.4619572675644904,0.4619572675644904,0.0406790939989468,0.4995412737859954,0.6853627562522888,0.726051926612854,0.726051926612854,0.7920727729797363,0.7493845820426941,0.3696494102478027,0.1298918724060058,0.8825314044952393,0.0170214362442493,0.1128704398870468,0.8356077671051025,True,worse,tied
22_y256_x128.png,0.8580194115638733,1.0,22,True,0.6645412693427514,0.7020958031280254,0.65994021053834,0.6609281387655079,0.6647080438314064,0.6773952045105149,0.65994021053834,0.6609281387655079,0.004601058804411418,-0.000166774488654986,0.04116766436251751,0.024700598617510505,C:\Users\zhang\Desktop\vessel\images\22_training.tif,C:\Users\zhang\Desktop\vessel\1st_manual\22_manual1.gif,C:\Users\zhang\Desktop\vessel\mask\22_training_mask.gif,256,128,128,64,1336,792,12,32,10,12,0.5928143668202518,0.4655024935791622,0.4655024935791622,0.0374999995265151,0.5004151801567827,0.6950562596321106,0.734953761100769,0.734953761100769,0.7055538296699524,0.7514498829841614,0.3630103468894958,0.1374048590660095,0.9035581350326538,0.0170214362442493,0.1203834265470504,0.8580194115638733,True,tied,tied
22_y256_x192.png,0.8000372052192688,1.0,22,True,0.6065747634858178,0.5789473625612616,0.5944751403620158,0.5445344074439837,0.6217780135624512,0.5981781315973873,0.5944751403620158,0.5445344074439837,0.012099623123802083,-0.015203250076633368,0.03441295511727782,-0.01923076903612575,C:\Users\zhang\Desktop\vessel\images\22_training.tif,C:\Users\zhang\Desktop\vessel\1st_manual\22_manual1.gif,C:\Users\zhang\Desktop\vessel\mask\22_training_mask.gif,256,192,128,64,988,607,5,38,17,4,0.6143724634172828,0.4789463136192121,0.4789463136192121,0.0500823714978192,0.526919848031589,0.7321286201477051,0.768710196018219,0.768710196018219,0.999999701976776,0.8140879273414612,0.4089521765708923,0.117967665195465,0.8491589426994324,0.0170214362442493,0.100946232676506,0.8000372052192688,True,better,worse
22_y256_x256.png,0.6302229166030884,1.0,22,True,0.6844726134700198,0.6696191260441176,0.6672879791831874,0.63418954265554,0.7053449076960031,0.6837909593995486,0.6672879791831874,0.63418954265554,0.017184634286832368,-0.020872294225983357,0.0354295833885776,-0.01417183335543104,C:\Users\zhang\Desktop\vessel\images\22_training.tif,C:\Users\zhang\Desktop\vessel\1st_manual\22_manual1.gif,C:\Users\zhang\Desktop\vessel\mask\22_training_mask.gif,256,256,128,64,1129,585,5,27,12,3,0.5181576570579481,0.4174975319849729,0.4174975319849729,0.0385470078880853,0.4496840933023347,0.5666730999946594,0.614416778087616,0.614416778087616,0.7340481877326965,0.6315577030181885,0.3886427879333496,0.0610412955284118,0.6898383498191833,0.0170214362442493,0.0440198592841625,0.6302229166030884,True,better,worse
22_y256_x320.png,0.5305317044258118,1.0,22,False,0.7670908559719123,0.76011729759462,0.7668455582383854,0.7542521949897232,0.7834808265974017,0.7788856259302896,0.7668455582383854,0.7542521949897232,0.00024529773352688355,-0.016389970625489414,0.00586510260489681,-0.01876832833566966,C:\Users\zhang\Desktop\vessel\images\22_training.tif,C:\Users\zhang\Desktop\vessel\1st_manual\22_manual1.gif,C:\Users\zhang\Desktop\vessel\mask\22_training_mask.gif,256,320,128,64,1705,682,5,21,8,5,0.3999999976539589,0.3364722349454693,0.3364722349454693,0.0252932547610959,0.3534931908624915,0.3634836673736572,0.4109682142734527,0.4109682142734527,0.3733479082584381,0.4042310714721679,0.325871080160141,0.027622103691101,0.5963075757026672,0.0170214362442493,0.0106006674468517,0.5305317044258118,False,tied,worse
22_y256_x384.png,0.4821863174438476,1.0,22,False,0.849432689589953,0.8071095547578393,0.8444854640140202,0.7998251724946819,0.8577430974523663,0.8327505803241533,0.8444854640140202,0.7998251724946819,0.0049472255759327455,-0.008310407862413327,0.0072843822631574184,-0.02564102556631398,C:\Users\zhang\Desktop\vessel\images\22_training.tif,C:\Users\zhang\Desktop\vessel\1st_manual\22_manual1.gif,C:\Users\zhang\Desktop\vessel\mask\22_training_mask.gif,256,384,128,64,3432,836,18,18,2,14,0.2435897428799832,0.2180021512430559,0.2180021512430559,0.0291866025216913,0.2307276355174654,0.0945132821798324,0.1134985014796257,0.1134985014796257,0.4793051779270172,0.1141009479761123,0.2193122208118438,0.011415421962738,0.5509496927261353,0.0170214362442493,-0.0056060142815113,0.4821863174438476,False,tied,worse
22_y256_x437.png,0.5935457348823547,0.877991,22,True,0.8665672138793847,0.8176415363852313,0.8504594822882883,0.796058802639791,0.8670855487883268,0.8417266160721719,0.8504594822882883,0.796058802639791,0.016107731591096464,-0.0005183349089420419,0.021582733745440286,-0.024085079686940625,C:\Users\zhang\Desktop\vessel\images\22_training.tif,C:\Users\zhang\Desktop\vessel\1st_manual\22_manual1.gif,C:\Users\zhang\Desktop\vessel\mask\22_training_mask.gif,256,437,128,64,3197,723,18,18,2,14,0.2261495144630919,0.2038787831477547,0.2038787831477547,0.0337482706258883,0.2176398958448492,0.0645222514867782,0.0780357643961906,0.0780357643961906,0.6034507155418396,0.0831708461046218,0.230117529630661,-0.0124776363372802,0.4840798377990722,-0.0442023128271102,0.03172467648983,0.5935457348823547,True,better,tied
22_y320_x64.png,0.5738767385482788,1.0,22,False,0.7663438263730514,0.7829313495180498,0.7790476197490552,0.7588126112627545,0.7625313290647515,0.7526283194024223,0.7790476197490552,0.7588126112627545,-0.012703793376003802,0.0038124973082999114,0.024118738255295313,0.030303030115627516,C:\Users\zhang\Desktop\vessel\images\22_training.tif,C:\Users\zhang\Desktop\vessel\1st_manual\22_manual1.gif,C:\Users\zhang\Desktop\vessel\mask\22_training_mask.gif,320,64,128,64,1617,697,13,14,1,12,0.4310451426651506,0.3584050463137443,0.3584050463137443,0.0246771875943014,0.3760939034390014,0.4168703258037567,0.4660398662090301,0.4660398662090301,0.3565816283226013,0.4576430320739746,0.3339413702487945,0.0421525239944458,0.636974036693573,0.0170214362442493,0.0251310877501964,0.5738767385482788,False,worse,tied
22_y320_x128.png,0.6539981365203857,1.0,22,True,0.7731343289225514,0.810218973877899,0.7773797344488748,0.791970798790559,0.7751464227778293,0.7935349280837595,0.7773797344488748,0.791970798790559,-0.004245405526323354,-0.0020120938552778966,0.01824817508734,0.016684045794139513,C:\Users\zhang\Desktop\vessel\images\22_training.tif,C:\Users\zhang\Desktop\vessel\1st_manual\22_manual1.gif,C:\Users\zhang\Desktop\vessel\mask\22_training_mask.gif,320,128,128,64,1918,820,17,18,3,12,0.4275286734748244,0.3559447488435472,0.3559447488435472,0.0295121947620464,0.3769541703483441,0.410823255777359,0.4598622322082519,0.4598622322082519,0.4881661534309387,0.4596761167049408,0.3079427778720855,0.069011390209198,0.7121443152427673,0.0170214362442493,0.0519899539649486,0.6539981365203857,True,tied,tied
22_y320_x192.png,0.5466936230659485,1.0,22,False,0.7992007997022957,0.8277289144970051,0.7955942628186623,0.8034143776336555,0.8027770640196012,0.8075530222061406,0.7955942628186623,0.8034143776336555,0.0036065368836334377,-0.003576264317305511,0.02431453686334961,0.020175892290864583,C:\Users\zhang\Desktop\vessel\images\22_training.tif,C:\Users\zhang\Desktop\vessel\1st_manual\22_manual1.gif,C:\Users\zhang\Desktop\vessel\mask\22_training_mask.gif,320,192,128,64,1933,733,11,21,5,11,0.3792033089539404,0.3215060201079551,0.3215060201079551,0.0284447472244918,0.3397963350542014,0.3277207016944885,0.3733891248703003,0.3733891248703003,0.459115594625473,0.3718615174293518,0.306756317615509,0.0330400168895721,0.6114707589149475,0.0170214362442493,0.0160185806453228,0.5466936230659485,False,tied,tied
22_y320_x256.png,0.5516217947006226,1.0,22,False,0.793969849821413,0.7917594610703816,0.7907902223115685,0.7744988821018993,0.781140862103781,0.7472160314742983,0.7907902223115685,0.7744988821018993,0.0031796275098445737,0.012828987717632079,0.01726057896848232,0.04454342959608337,C:\Users\zhang\Desktop\vessel\images\22_training.tif,C:\Users\zhang\Desktop\vessel\1st_manual\22_manual1.gif,C:\Users\zhang\Desktop\vessel\mask\22_training_mask.gif,320,256,128,64,1796,710,9,22,7,8,0.3953229376652398,0.333125885016363,0.333125885016363,0.0292957742352707,0.3526442464550912,0.3554407656192779,0.4025657474994659,0.4025657474994659,0.4822762608528137,0.4022247791290283,0.3179521560668945,0.0346920788288116,0.6160944104194641,0.0170214362442493,0.0176706425845623,0.5516217947006226,False,tied,better
22_y320_x320.png,0.4787483215332031,1.0,22,False,0.8330150650689263,0.8111570214414998,0.8284625162463735,0.8082644594699815,0.8330494041033872,0.8082644594699815,0.8284625162463735,0.8082644594699815,0.004552548822552849,-3.433903446092845e-05,0.002892561971518326,0.002892561971518326,C:\Users\zhang\Desktop\vessel\images\22_training.tif,C:\Users\zhang\Desktop\vessel\1st_manual\22_manual1.gif,C:\Users\zhang\Desktop\vessel\mask\22_training_mask.gif,320,320,128,64,2420,745,12,18,4,10,0.3078512383973089,0.2683855144548707,0.2683855144548707,0.0268456372235484,0.2827954747690924,0.205020323395729,0.2400073856115341,0.2400073856115341,0.4155959188938141,0.2371521741151809,0.27253258228302,0.010262906551361,0.5477241277694702,0.0170214362442493,-0.0067585296928882,0.4787483215332031,False,tied,tied
22_y320_x384.png,0.3685938417911529,0.999146,22,False,0.8939125297075761,0.8650271636687813,0.8799762330956978,0.8470117219130348,0.8895298530580763,0.8818987678527344,0.8799762330956978,0.8470117219130348,0.01393629661187823,0.0043826766494997615,0.018015441755746542,-0.01687160418395306,C:\Users\zhang\Desktop\vessel\images\22_training.tif,C:\Users\zhang\Desktop\vessel\1st_manual\22_manual1.gif,C:\Users\zhang\Desktop\vessel\mask\22_training_mask.gif,320,384,128,64,3497,687,11,17,4,9,0.1964541029555215,0.1793622682118464,0.1793622682118464,0.0271470156164917,0.1891005688041591,0.0134566482156515,0.0164765752851963,0.0164765752851963,0.4237979054450989,0.0157242380082607,0.2164539992809295,-0.027353435754776,0.4424467086791992,0.0163318496197462,-0.0436852872371673,0.3685938417911529,False,better,tied
22_y384_x64.png,0.5000293254852295,0.917847,22,False,0.7916145187997042,0.7606734770855473,0.7916270225447922,0.7504509876701685,0.7919379851412776,0.7678893519669913,0.7916270225447922,0.7504509876701685,-1.250374508798835e-05,-0.00032346634157331966,0.010222489415378844,-0.007215874881443929,C:\Users\zhang\Desktop\vessel\images\22_training.tif,C:\Users\zhang\Desktop\vessel\1st_manual\22_manual1.gif,C:\Users\zhang\Desktop\vessel\mask\22_training_mask.gif,384,64,128,64,1663,541,8,16,4,8,0.3253156925717637,0.2816506896038534,0.2816506896038534,0.028280960660241,0.2975813937490861,0.2350530177354812,0.2733153104782104,0.2733153104782104,0.4546581506729126,0.2720955312252044,0.3296695351600647,-0.0320881307125091,0.4291956722736358,-0.0324635878205299,0.0003754571080207,0.5000293254852295,False,tied,tied
22_y384_x128.png,0.5021559000015259,1.0,22,False,0.8275862072612944,0.8242730685871341,0.8281786945271077,0.8124736586073591,0.8257383969921132,0.8246944760864118,0.8281786945271077,0.8124736586073591,-0.0005924872658132907,0.0018478102691812381,0.011799409979775022,-0.0004214074992776595,C:\Users\zhang\Desktop\vessel\images\22_training.tif,C:\Users\zhang\Desktop\vessel\1st_manual\22_manual1.gif,C:\Users\zhang\Desktop\vessel\mask\22_training_mask.gif,384,128,128,64,2373,757,15,20,3,14,0.3190054769532006,0.2768780260792484,0.2768780260792484,0.0302509903533554,0.2936296950712073,0.2242017090320587,0.2613314986228943,0.2613314986228943,0.5082724690437317,0.2627565264701843,0.2755199372768402,0.018109768629074,0.5696852803230286,0.0170214362442493,0.0010883323848247,0.5021559000015259,False,tied,tied
22_y384_x192.png,0.5025299191474915,1.0,22,False,0.861810755851241,0.8659370695419388,0.8583261434713958,0.8505471927135868,0.8610204434615694,0.8570451407077799,0.8583261434713958,0.8505471927135868,0.003484612379845209,0.0007903123896716435,0.015389876828352023,0.008891928834158902,C:\Users\zhang\Desktop\vessel\images\22_training.tif,C:\Users\zhang\Desktop\vessel\1st_manual\22_manual1.gif,C:\Users\zhang\Desktop\vessel\mask\22_training_mask.gif,384,192,128,64,2924,819,17,20,3,14,0.2800957582760063,0.2469348862864409,0.2469348862864409,0.0304029300317102,0.2619499744267509,0.1572907269001007,0.1861464828252792,0.1861464828252792,0.5124074816703796,0.1878882944583892,0.243714839220047,0.0182351469993591,0.5700361728668213,0.0170214362442493,0.0012137107551097,0.5025299191474915,False,tied,tied
22_y384_x256.png,0.5207538604736328,1.0,22,False,0.8666222076248379,0.8441052262289535,0.8628454454745045,0.8213705721943144,0.8607637717797165,0.8272166260889359,0.8628454454745045,0.8213705721943144,0.0037767621503334015,0.005858435845121357,0.022734654034639035,0.016888600140017584,C:\Users\zhang\Desktop\vessel\images\22_training.tif,C:\Users\zhang\Desktop\vessel\1st_manual\22_manual1.gif,C:\Users\zhang\Desktop\vessel\mask\22_training_mask.gif,384,256,128,64,3079,849,17,25,6,13,0.2757388753629786,0.2435255208478732,0.2435255208478732,0.0342167251564578,0.2601908124787431,0.1497984081506729,0.1775857955217361,0.1775857955217361,0.6161996722221375,0.1837308555841446,0.2358465194702148,0.0243442952632904,0.5871338844299316,0.0170214362442493,0.007322859019041,0.5207538604736328,False,tied,better
22_y384_x320.png,0.5111030340194702,1.0,22,False,0.8559057848009944,0.855609415319912,0.8539445631593024,0.8320637090302503,0.8538011698497232,0.8341412713499263,0.8539445631593024,0.8320637090302503,0.0019612216416919903,0.002104614951271233,0.023545706289661683,0.021468143969985642,C:\Users\zhang\Desktop\vessel\images\22_training.tif,C:\Users\zhang\Desktop\vessel\1st_manual\22_manual1.gif,C:\Users\zhang\Desktop\vessel\mask\22_training_mask.gif,384,320,128,64,2888,826,14,24,5,14,0.2860110793420669,0.2515452411298451,0.2515452411298451,0.0301452780854082,0.2667110436196857,0.1674629747867584,0.1977227479219436,0.1977227479219436,0.5053954720497131,0.1991400569677353,0.2456019669771194,0.0211090892553329,0.5780795216560364,0.0170214362442493,0.0040876530110836,0.5111030340194702,False,tied,tied
22_y384_x384.png,0.4652696251869201,0.877319,22,False,0.8761061949394485,0.8933552055235635,0.8842924434071422,0.885561932380796,0.8752019388626778,0.8888433105461717,0.8842924434071422,0.885561932380796,-0.008186248467693669,0.0009042560767706931,0.007793273142767565,0.004511894977391795,C:\Users\zhang\Desktop\vessel\images\22_training.tif,C:\Users\zhang\Desktop\vessel\1st_manual\22_manual1.gif,C:\Users\zhang\Desktop\vessel\mask\22_training_mask.gif,384,384,128,64,2437,556,9,14,2,10,0.2281493630359073,0.2055084534652161,0.2055084534652161,0.0251798556622328,0.2158577998564618,0.0679612979292869,0.0821277350187301,0.0821277350187301,0.3702617287635803,0.0789592638611793,0.2714662849903106,-0.0556084811687469,0.3633689284324646,-0.044331531971693,-0.0112769491970539,0.4652696251869201,False,worse,tied
22_y448_x192.png,0.5547835826873779,0.900513,22,False,0.8455560955668867,0.8366170070321143,0.8448275865890946,0.8241230138196876,0.846043165836827,0.8476693856431071,0.8448275865890946,0.8241230138196876,0.0007285089777920861,-0.0004870702699403262,0.012493993212426724,-0.011052378610992841,C:\Users\zhang\Desktop\vessel\images\22_training.tif,C:\Users\zhang\Desktop\vessel\1st_manual\22_manual1.gif,C:\Users\zhang\Desktop\vessel\mask\22_training_mask.gif,448,192,128,64,2081,617,13,17,2,13,0.2964920696948963,0.2596622092751339,0.2596622092751339,0.0308752020927844,0.2756964556495912,0.1854865849018097,0.2181038409471511,0.2181038409471511,0.525260329246521,0.2203751355409622,0.2955197989940643,-0.0198233425617218,0.4635213017463684,-0.0385538935661315,0.0187305510044097,0.5547835826873779,False,tied,tied
22_y448_x256.png,0.5562225580215454,0.890625,22,False,0.8648872338818804,0.8410462742815038,0.8611346319620352,0.8185110631045832,0.8679012348397094,0.8486921495022448,0.8611346319620352,0.8185110631045832,0.0037526019198451666,-0.0030140009578289995,0.02253521117692059,-0.007645875220741005,C:\Users\zhang\Desktop\vessel\images\22_training.tif,C:\Users\zhang\Desktop\vessel\1st_manual\22_manual1.gif,C:\Users\zhang\Desktop\vessel\mask\22_training_mask.gif,448,256,128,64,2485,652,13,16,2,12,0.262374244417005,0.2329942688235631,0.2329942688235631,0.0286809811551996,0.2463592772903594,0.1268160045146942,0.1511426120996475,0.1511426120996475,0.465544730424881,0.1510429680347442,0.2684952914714813,-0.0221360176801681,0.4570487737655639,-0.0413489416241645,0.0192129239439964,0.5562225580215454,False,tied,tied
22_y456_x192.png,0.5525642037391663,0.838013,22,False,0.8458781366256461,0.8400876186194545,0.8372223788663976,0.8154435880862893,0.8475129115316311,0.8537787466934351,0.8372223788663976,0.8154435880862893,0.008655757759248539,-0.0016347749059849592,0.024644030533165218,-0.013691128073980652,C:\Users\zhang\Desktop\vessel\images\22_training.tif,C:\Users\zhang\Desktop\vessel\1st_manual\22_manual1.gif,C:\Users\zhang\Desktop\vessel\mask\22_training_mask.gif,456,192,128,64,1826,567,10,14,3,8,0.3105147847178818,0.2704200254558633,0.2704200254558633,0.0278659607078313,0.285491053063791,0.2096006870269775,0.2451159060001373,0.2451159060001373,0.4433639645576477,0.2435225695371627,0.3154292106628418,-0.0299381613731384,0.4352128207683563,-0.0479247123003006,0.0179865509271621,0.5525642037391663,False,better,tied
22_y456_x256.png,0.5519362688064575,0.828125,22,False,0.8438399167045778,0.828028743182604,0.8397849466672448,0.8018480451650511,0.8481404962599677,0.8429158067612125,0.8397849466672448,0.8018480451650511,0.004054970037333017,-0.004300579555389872,0.02618069801755285,-0.014887063578608473,C:\Users\zhang\Desktop\vessel\images\22_training.tif,C:\Users\zhang\Desktop\vessel\1st_manual\22_manual1.gif,C:\Users\zhang\Desktop\vessel\mask\22_training_mask.gif,456,256,128,64,1948,585,10,13,2,9,0.3003080066719301,0.2626011646136124,0.2626011646136124,0.0250427346146541,0.275753667163448,0.1920486688613891,0.2254833430051803,0.2254833430051803,0.3665300011634826,0.2205103635787964,0.3055790066719055,-0.0298253297805786,0.4355286061763763,-0.0476013906300067,0.0177760608494281,0.5519362688064575,False,tied,tied
36_y64_x64.png,0.5902696251869202,0.837891,36,True,0.8630565586930048,0.8176014554600937,0.8565143000329644,0.7989056051121495,0.8651605235073473,0.8294573605587899,0.8565143000329644,0.7989056051121495,0.006542258660040434,-0.002103964814342496,0.018695850347944187,-0.011855905098696273,C:\Users\zhang\Desktop\vessel\images\36_training.tif,C:\Users\zhang\Desktop\vessel\1st_manual\36_manual1.gif,C:\Users\zhang\Desktop\vessel\mask\36_training_mask.gif,64,64,128,64,2193,635,15,16,1,14,0.2895576822181592,0.2542992775746795,0.2542992775746795,0.0313385821836443,0.2702380351937105,0.1735619157552719,0.2046379297971725,0.2046379297971725,0.537871241569519,0.207475334405899,0.2875353395938873,-0.0172972977161407,0.4705909788608551,-0.0479237288236618,0.030626431107521,0.5902696251869202,True,better,tied
36_y64_x128.png,0.536357045173645,0.991943,36,False,0.8666297733506184,0.8207547141133658,0.861389818169101,0.8099231278479275,0.8620120948103132,0.8218029321390533,0.861389818169101,0.8099231278479275,0.0052399551815174306,0.004617678540305259,0.010831586265438231,-0.0010482180256875528,C:\Users\zhang\Desktop\vessel\images\36_training.tif,C:\Users\zhang\Desktop\vessel\1st_manual\36_manual1.gif,C:\Users\zhang\Desktop\vessel\mask\36_training_mask.gif,64,128,128,64,2862,831,17,20,3,14,0.2903563931154563,0.2549184539499324,0.2549184539499324,0.0299638985563911,0.2701951553385481,0.1749354004859924,0.2061926275491714,0.2061926275491714,0.5004592537879944,0.2073739916086197,0.2469795644283294,0.0232155919075012,0.5839750170707703,0.0106621067970991,0.0125534851104021,0.536357045173645,False,better,tied
36_y64_x192.png,0.5173846483230591,1.0,36,False,0.8496254342232314,0.7770721899162025,0.8441510820605957,0.7693850241664939,0.8352532458671544,0.7633689814058523,0.8441510820605957,0.7693850241664939,0.005474352162635698,0.01437218835607701,0.007687165749708624,0.013703208510350229,C:\Users\zhang\Desktop\vessel\images\36_training.tif,C:\Users\zhang\Desktop\vessel\1st_manual\36_manual1.gif,C:\Users\zhang\Desktop\vessel\mask\36_training_mask.gif,64,192,128,64,2992,842,18,21,3,15,0.2814171113589,0.247966583777218,0.247966583777218,0.0311757716012378,0.2634276829383735,0.1595629751682281,0.1887369900941848,0.1887369900941848,0.5334402918815613,0.1913804858922958,0.2402128130197525,0.0232148617506027,0.5839729309082031,0.0170214362442493,0.0061934255063533,0.5173846483230591,False,better,better
36_y64_x256.png,0.490077406167984,1.0,36,False,0.8358539287424309,0.7606579363522727,0.8435599781765986,0.7683786479745597,0.8348370468885342,0.7609936194662852,0.8435599781765986,0.7683786479745597,-0.007706049434167639,0.0010168818538967006,-0.007720711622286935,-0.00033568311401244166,C:\Users\zhang\Desktop\vessel\images\36_training.tif,C:\Users\zhang\Desktop\vessel\1st_manual\36_manual1.gif,C:\Users\zhang\Desktop\vessel\mask\36_training_mask.gif,64,256,128,64,2979,806,17,21,4,13,0.2705605898940564,0.2394582124434436,0.2394582124434436,0.0323200988545893,0.2549368386388743,0.1408936083316803,0.1673731058835983,0.1673731058835983,0.5645830631256104,0.1713142246007919,0.2408761233091354,0.0140607208013534,0.5583531260490417,0.0170214362442493,-0.0029607154428958,0.490077406167984,False,worse,tied
36_y64_x320.png,0.4987162053585052,0.969055,36,False,0.8684948584161812,0.8144359999578141,0.8775222901962736,0.8196960817659378,0.8703391132878024,0.8287551115465952,0.8775222901962736,0.8196960817659378,-0.009027431780092354,-0.0018442548716212093,-0.005260081808123651,-0.014319111588781075,C:\Users\zhang\Desktop\vessel\images\36_training.tif,C:\Users\zhang\Desktop\vessel\1st_manual\36_manual1.gif,C:\Users\zhang\Desktop\vessel\mask\36_training_mask.gif,64,320,128,64,3422,768,17,14,2,10,0.2244301571466097,0.2024755579284118,0.2024755579284118,0.0286458329603407,0.2140757199503499,0.0615655668079853,0.0745123624801635,0.0745123624801635,0.4645881354808807,0.0747476741671562,0.2197567522525787,-0.005681037902832,0.5031015872955322,-0.0056162979453802,-6.473995745182037e-05,0.4987162053585052,False,worse,tied
36_y128_x64.png,0.5165954232215881,0.998169,36,False,0.8297182751689895,0.762603112911993,0.8264379419111051,0.7506874392727431,0.8367296836809975,0.780934918510839,0.8264379419111051,0.7506874392727431,0.00328033325788446,-0.007011408512007988,0.011915673639249946,-0.01833180559884595,C:\Users\zhang\Desktop\vessel\images\36_training.tif,C:\Users\zhang\Desktop\vessel\1st_manual\36_manual1.gif,C:\Users\zhang\Desktop\vessel\mask\36_training_mask.gif,128,64,128,64,2182,738,15,19,4,11,0.3382218132987084,0.2913417277110174,0.2913417277110174,0.0316395659669435,0.3097775793366895,0.2572470009326935,0.2976487874984741,0.2976487874984741,0.5460624098777771,0.3009186089038849,0.2883012592792511,0.0214763283729553,0.5791072845458984,0.0155474850907921,0.0059288432821631,0.5165954232215881,False,tied,worse
36_y128_x128.png,0.5565809607505798,1.0,36,False,0.8480794133619349,0.8020408130528945,0.8473465825565701,0.7918367314618908,0.8463377529964405,0.7946938743073719,0.8473465825565701,0.7918367314618908,0.0007328308053647925,0.0017416603654943907,0.010204081591003722,0.007346938745522613,C:\Users\zhang\Desktop\vessel\images\36_training.tif,C:\Users\zhang\Desktop\vessel\1st_manual\36_manual1.gif,C:\Users\zhang\Desktop\vessel\mask\36_training_mask.gif,128,128,128,64,2450,825,14,21,5,11,0.3367346925031236,0.290229843502382,0.290229843502382,0.0289090905586776,0.3070104051596645,0.2546896636486053,0.2948569655418396,0.2948569655418396,0.4717527031898498,0.2943789660930633,0.2706559002399444,0.036354511976242,0.6207470893859863,0.0170214362442493,0.0193330757319927,0.5565809607505798,False,tied,tied
36_y128_x192.png,0.5807345509529114,1.0,36,False,0.8268204146341653,0.7970358139273946,0.8213596401000223,0.7883902808217773,0.8213447175638321,0.7920955092956133,0.8213596401000223,0.7883902808217773,0.005460774534143065,0.005475697070333241,0.008645533105617331,0.0049403046317813,C:\Users\zhang\Desktop\vessel\images\36_training.tif,C:\Users\zhang\Desktop\vessel\1st_manual\36_manual1.gif,C:\Users\zhang\Desktop\vessel\mask\36_training_mask.gif,128,192,128,64,2429,849,15,22,3,16,0.349526552698532,0.2997538292353225,0.2997538292353225,0.0277974083887231,0.3164185884499982,0.2766871452331543,0.3187709152698517,0.3187709152698517,0.4414983093738556,0.3166131973266601,0.2719671428203583,0.0444514453411102,0.6434080600738525,0.0170214362442493,0.0274300090968608,0.5807345509529114,False,better,better
36_y128_x256.png,0.4951446652412414,1.0,36,False,0.8137054689954495,0.7725118450128744,0.822121896564059,0.7845756105791658,0.819077474654999,0.7880224007409633,0.822121896564059,0.7845756105791658,-0.008416427568609497,-0.005372005659549539,-0.012063765566291407,-0.015510555728088904,C:\Users\zhang\Desktop\vessel\images\36_training.tif,C:\Users\zhang\Desktop\vessel\1st_manual\36_manual1.gif,C:\Users\zhang\Desktop\vessel\mask\36_training_mask.gif,128,256,128,64,2321,746,13,19,4,11,0.3214131825876209,0.2787017567918419,0.2787017567918419,0.0286193025654249,0.2946542565981243,0.2283421009778976,0.2659107446670532,0.2659107446670532,0.463866114616394,0.2651778161525726,0.27889484167099,0.0157594084739685,0.5631072521209717,0.0170214362442493,-0.0012620277702808,0.4951446652412414,False,worse,worse
36_y128_x320.png,0.413619190454483,1.0,36,False,0.8465816162142924,0.828159997349888,0.8756433672992805,0.8438399972997119,0.8493937462517649,0.851839997274112,0.8756433672992805,0.8438399972997119,-0.029061751084988097,-0.0028121300374724933,-0.015679999949823942,-0.023679999924223982,C:\Users\zhang\Desktop\vessel\images\36_training.tif,C:\Users\zhang\Desktop\vessel\1st_manual\36_manual1.gif,C:\Users\zhang\Desktop\vessel\mask\36_training_mask.gif,128,320,128,64,3125,728,17,16,1,14,0.2329599992545279,0.2094177818510359,0.2094177818510359,0.0300824171691975,0.2220173680036176,0.0762338787317276,0.0919437482953071,0.0919437482953071,0.5036847591400146,0.0935160592198371,0.2335875034332275,-0.0115701407194137,0.4866196513175964,0.0170214362442493,-0.0285915769636631,0.413619190454483,False,worse,tied
36_y128_x384.png,0.4373364746570587,0.971802,36,False,0.8713003885478768,0.8723518346142348,0.8985946543144191,0.8744971818865723,0.8719416971994512,0.898364170291327,0.8985946543144191,0.8744971818865723,-0.02729426576654226,-0.0006413086515744126,-0.0021453472723375056,-0.026012335677092158,C:\Users\zhang\Desktop\vessel\images\36_training.tif,C:\Users\zhang\Desktop\vessel\1st_manual\36_manual1.gif,C:\Users\zhang\Desktop\vessel\mask\36_training_mask.gif,128,384,128,64,3729,705,13,13,3,7,0.1890587283747419,0.1731620095710518,0.1731620095710518,0.0261702123947487,0.1822253827094037,0.000739196606446,0.0009081918396987,0.0009081918396987,0.397214263677597,0.0,0.2066684365272522,-0.0244430601596832,0.450592041015625,-0.0038021656218916,-0.0206408947706222,0.4373364746570587,False,worse,tied
36_y192_x0.png,0.5589815378189087,0.882019,36,False,0.7468354441824798,0.6655922589396273,0.7651549179831391,0.6865431048626663,0.7239858918695506,0.6615632501082735,0.7651549179831391,0.6865431048626663,-0.018319473800659236,0.022849552312929178,-0.020950845923039085,0.004029008831353709,C:\Users\zhang\Desktop\vessel\images\36_training.tif,C:\Users\zhang\Desktop\vessel\1st_manual\36_manual1.gif,C:\Users\zhang\Desktop\vessel\mask\36_training_mask.gif,192,0,128,64,1241,474,8,23,7,9,0.3819500372123284,0.3234955721683191,0.3234955721683191,0.0425105476263597,0.3509995200234748,0.3324441015720367,0.3783847093582153,0.3783847093582153,0.8419156670570374,0.3983378708362579,0.3742417693138122,-0.0232422351837158,0.4539527893066406,-0.0433800593018531,0.0201378241181373,0.5589815378189087,False,worse,better
36_y192_x64.png,0.5307239294052124,1.0,36,False,0.7620320863568446,0.6909090867217631,0.7718832898810236,0.7054545411790634,0.7620902312168445,0.7115151472029385,0.7718832898810236,0.7054545411790634,-0.009851203524179009,-5.814485999988683e-05,-0.014545454457300266,-0.020606060481175414,C:\Users\zhang\Desktop\vessel\images\36_training.tif,C:\Users\zhang\Desktop\vessel\1st_manual\36_manual1.gif,C:\Users\zhang\Desktop\vessel\mask\36_training_mask.gif,192,64,128,64,1650,650,10,29,9,11,0.3939393915518824,0.3321338333098347,0.3321338333098347,0.0397692301573964,0.358551247029749,0.3530615568161011,0.4000747501850128,0.4000747501850128,0.7673108577728271,0.4161846935749054,0.3308646976947784,0.0276865363121032,0.5964878797531128,0.0170214362442493,0.0106651000678539,0.5307239294052124,False,worse,tied
36_y192_x128.png,0.5655413866043091,1.0,36,False,0.8074927959438248,0.7757475040102575,0.8143851513503911,0.7774086335691659,0.80489888976104,0.7823920222458913,0.8143851513503911,0.7774086335691659,-0.006892355406566297,0.0025939061827848775,-0.001661129558908403,-0.006644518235633834,C:\Users\zhang\Desktop\vessel\images\36_training.tif,C:\Users\zhang\Desktop\vessel\1st_manual\36_manual1.gif,C:\Users\zhang\Desktop\vessel\mask\36_training_mask.gif,192,128,128,64,1806,706,11,31,10,11,0.3909191561964609,0.3299647920549517,0.3299647920549517,0.0401558067966599,0.3564647969338692,0.3478677868843078,0.3946284651756286,0.3946284651756286,0.777831494808197,0.4112538695335388,0.3171065151691437,0.0393582880496978,0.6291537880897522,0.0170214362442493,0.0223368518054485,0.5655413866043091,False,worse,tied
36_y192_x192.png,0.5530785918235779,1.0,36,False,0.7757685359380092,0.7795275543335702,0.7730518479569952,0.7540884266863209,0.7737313439590109,0.7849787959722665,0.7730518479569952,0.7540884266863209,0.0027166879810139877,0.0020371919789983206,0.025439127647249316,-0.005451241638696258,C:\Users\zhang\Desktop\vessel\images\36_training.tif,C:\Users\zhang\Desktop\vessel\1st_manual\36_manual1.gif,C:\Users\zhang\Desktop\vessel\mask\36_training_mask.gif,192,192,128,64,1651,671,9,28,9,10,0.4064203488405793,0.3410477165874058,0.3410477165874058,0.0365126671160556,0.3659528400802995,0.3745243847370147,0.4224568605422973,0.4224568605422973,0.6786836385726929,0.4336768388748169,0.3307724297046661,0.0351804196834564,0.6174611449241638,0.0170214362442493,0.018158983439207,0.5530785918235779,False,tied,tied
36_y192_x256.png,0.4523341357707977,1.0,36,False,0.7583401145691887,0.715821808930764,0.7734288870633163,0.7183819727681414,0.7635972004211169,0.7260624642802741,0.7734288870633163,0.7183819727681414,-0.015088772494127545,-0.005257085851928189,-0.0025601638373774493,-0.01024065534951013,C:\Users\zhang\Desktop\vessel\images\36_training.tif,C:\Users\zhang\Desktop\vessel\1st_manual\36_manual1.gif,C:\Users\zhang\Desktop\vessel\mask\36_training_mask.gif,192,256,128,64,1953,656,7,21,8,5,0.335893495463935,0.2896003529726079,0.2896003529726079,0.029344511747797,0.3065967148925497,0.253243088722229,0.293276309967041,0.293276309967041,0.4836026728153229,0.2934013307094574,0.3051885664463043,0.0014081597328186,0.5229422450065613,0.0170214362442493,-0.0156132765114307,0.4523341357707977,False,worse,worse
36_y192_x320.png,0.3494843244552612,1.0,36,False,0.7860441257412927,0.7302192529541502,0.8137034263223221,0.7755004729480435,0.753981460057092,0.7559580516875212,0.8137034263223221,0.7755004729480435,-0.02765930058102939,0.032062665684200686,-0.04528121999389323,-0.025738798733370927,C:\Users\zhang\Desktop\vessel\images\36_training.tif,C:\Users\zhang\Desktop\vessel\1st_manual\36_manual1.gif,C:\Users\zhang\Desktop\vessel\mask\36_training_mask.gif,192,320,128,64,2098,595,6,15,5,5,0.2836034304880675,0.249671302802243,0.249671302802243,0.0231092433090883,0.2612107325697513,0.1633226871490478,0.1930174231529235,0.1930174231529235,0.3139101564884186,0.186141237616539,0.2942806184291839,-0.0330698788166046,0.4264480173587799,0.0170214362442493,-0.0500913150608539,0.3494843244552612,False,worse,better
36_y192_x384.png,0.3994360566139221,1.0,36,False,0.8682939915929533,0.8291495880400881,0.8807938374712184,0.8639856535246269,0.834086345589751,0.8511782765082523,0.8807938374712184,0.8639856535246269,-0.012499845878265137,0.03420764600320225,-0.03483606548453877,-0.022028688468164193,C:\Users\zhang\Desktop\vessel\images\36_training.tif,C:\Users\zhang\Desktop\vessel\1st_manual\36_manual1.gif,C:\Users\zhang\Desktop\vessel\mask\36_training_mask.gif,192,384,128,64,3904,733,18,17,2,13,0.1877561470600508,0.172065936453569,0.172065936453569,0.032810367901632,0.1833570298103299,0.0,0.0,0.0,0.5779257416725159,0.0021506235934793,0.199681743979454,-0.0163247138261795,0.4733129739761352,0.0170214362442493,-0.0333461500704288,0.3994360566139221,False,worse,better
36_y192_x437.png,0.5238466262817383,0.819275,36,False,0.865982204153344,0.820067407777891,0.8837653480439763,0.8397718412243406,0.849470899670012,0.8325123131124907,0.8837653480439763,0.8397718412243406,-0.01778314389063229,0.016511304483332045,-0.019704433446449565,-0.012444905334599743,C:\Users\zhang\Desktop\vessel\images\36_training.tif,C:\Users\zhang\Desktop\vessel\1st_manual\36_manual1.gif,C:\Users\zhang\Desktop\vessel\mask\36_training_mask.gif,192,437,128,64,3857,635,16,17,2,13,0.1646357268223082,0.1524083572835972,0.1524083572835972,0.0347244089019778,0.162992937520386,0.0,0.0,0.0,0.6300163865089417,0.0,0.2015269249677658,-0.0385339856147766,0.4111555516719818,-0.0468936264514923,0.0083596408367156,0.5238466262817383,False,worse,better
36_y256_x0.png,0.60186368227005,0.903198,36,True,0.7676027685486252,0.7231595036567523,0.7745713100185223,0.7101226939407769,0.7240506340757357,0.6579754550768754,0.7745713100185223,0.7101226939407769,-0.006968541469897116,0.043552134472889525,0.013036809715975428,0.06518404857987692,C:\Users\zhang\Desktop\vessel\images\36_training.tif,C:\Users\zhang\Desktop\vessel\1st_manual\36_manual1.gif,C:\Users\zhang\Desktop\vessel\mask\36_training_mask.gif,256,0,128,64,1304,532,7,18,6,6,0.4079754569940532,0.3421528264717489,0.3421528264717489,0.0312030069322743,0.3635052205043393,0.3771986365318298,0.4252317547798157,0.4252317547798157,0.534181535243988,0.4278923869132995,0.3667018711566925,-0.0031966567039489,0.5100546479225159,-0.0377097465097904,0.0345130898058414,0.60186368227005,True,worse,better
36_y256_x64.png,0.5731769800186157,1.0,36,False,0.8023471284671182,0.755232553748648,0.8003778343816819,0.7389534840758518,0.7800751886589123,0.7238372050939698,0.8003778343816819,0.7389534840758518,0.001969294085436335,0.022271939808205854,0.01627906967279613,0.03139534865467819,C:\Users\zhang\Desktop\vessel\images\36_training.tif,C:\Users\zhang\Desktop\vessel\1st_manual\36_manual1.gif,C:\Users\zhang\Desktop\vessel\mask\36_training_mask.gif,256,64,128,64,1720,691,14,30,8,14,0.4017441837107896,0.3377173067073754,0.3377173067073754,0.0425470326693627,0.3664550452703513,0.3664830327033996,0.4140944480895996,0.4140944480895996,0.8429086208343506,0.4348636865615845,0.3245370984077453,0.0419179499149322,0.6363175511360168,0.0170214362442493,0.0248965136706829,0.5731769800186157,False,tied,better
36_y256_x128.png,0.5993478894233704,1.0,36,True,0.7645074231966686,0.7011138570475628,0.7695445283156203,0.7004950451702039,0.7598310050054241,0.7233910846324809,0.7695445283156203,0.7004950451702039,-0.0050371051189516125,0.004676418191244536,0.0006188118773589046,-0.022277227584918124,C:\Users\zhang\Desktop\vessel\images\36_training.tif,C:\Users\zhang\Desktop\vessel\1st_manual\36_manual1.gif,C:\Users\zhang\Desktop\vessel\mask\36_training_mask.gif,256,128,128,64,1616,690,9,32,12,8,0.4269801953775978,0.3555604598963582,0.3555604598963582,0.0410144921592102,0.384726723285447,0.4098800420761108,0.4588972926139831,0.4588972926139831,0.8012006282806396,0.4780448973178863,0.334035575389862,0.050691157579422,0.6608712673187256,0.0170214362442493,0.0336697213351726,0.5993478894233704,True,worse,tied
36_y256_x192.png,0.5283802151679993,1.0,36,False,0.7247386770238533,0.6540880457436196,0.7230460932944044,0.6303284372443855,0.7074268578116021,0.6589797298464031,0.7230460932944044,0.6303284372443855,0.0016925837294489154,0.017311819212251223,0.023759608499234086,-0.004891684102783511,C:\Users\zhang\Desktop\vessel\images\36_training.tif,C:\Users\zhang\Desktop\vessel\1st_manual\36_manual1.gif,C:\Users\zhang\Desktop\vessel\mask\36_training_mask.gif,256,192,128,64,1431,600,5,32,13,6,0.4192872088100125,0.3501547799594965,0.3501547799594965,0.0418333326361111,0.3794510627278363,0.3966508209705353,0.4453240633010864,0.4453240633010864,0.8234853744506836,0.4655770063400268,0.352550208568573,0.0269008576869964,0.5942890048027039,0.0170214362442493,0.0098794214427471,0.5283802151679993,False,tied,better
36_y256_x256.png,0.5275992155075073,1.0,36,False,0.7202572356261825,0.6462781266804494,0.7118983966848316,0.6145412543881059,0.6970767757883817,0.6260819352216853,0.7118983966848316,0.6145412543881059,0.008358838941350921,0.023180459837800815,0.031736872292343454,0.020196191458764057,C:\Users\zhang\Desktop\vessel\images\36_training.tif,C:\Users\zhang\Desktop\vessel\1st_manual\36_manual1.gif,C:\Users\zhang\Desktop\vessel\mask\36_training_mask.gif,256,256,128,64,1733,679,7,23,8,7,0.3918061143000224,0.3306022665070665,0.3306022665070665,0.0293814428662526,0.3500294097167286,0.3493930697441101,0.396229088306427,0.396229088306427,0.4846077263355255,0.3960451781749725,0.3233903646469116,0.0266390442848205,0.59355628490448,0.0170214362442493,0.0096176080405712,0.5275992155075073,False,better,better
36_y256_x320.png,0.4755246341228485,1.0,36,False,0.7127272735308329,0.6687664006888903,0.7342968323115708,0.6934383165698776,0.684859617725375,0.685039366482733,0.7342968323115708,0.6934383165698776,-0.021569558780737963,0.027867655805457914,-0.024671915880987383,-0.016272965793842742,C:\Users\zhang\Desktop\vessel\images\36_training.tif,C:\Users\zhang\Desktop\vessel\1st_manual\36_manual1.gif,C:\Users\zhang\Desktop\vessel\mask\36_training_mask.gif,256,320,128,64,1905,676,8,16,5,6,0.3548556411818601,0.3036949107829359,0.3036949107829359,0.0238165676950211,0.3181608515855263,0.2858512699604034,0.3286667168140411,0.3286667168140411,0.3331598937511444,0.3207306861877441,0.3089786171913147,0.0091822445392608,0.5446996688842773,0.0170214362442493,-0.0078391917049884,0.4755246341228485,False,worse,better
36_y256_x384.png,0.4565361738204956,1.0,36,False,0.8311173976929033,0.8064781751126044,0.8479313686897311,0.8410650539635876,0.8149058151584687,0.8193796299220981,0.8479313686897311,0.8410650539635876,-0.0168139709968278,0.016211582534434554,-0.034586878850983105,-0.012901454809493673,C:\Users\zhang\Desktop\vessel\images\36_training.tif,C:\Users\zhang\Desktop\vessel\1st_manual\36_manual1.gif,C:\Users\zhang\Desktop\vessel\mask\36_training_mask.gif,256,384,128,64,3643,809,18,18,3,12,0.2220697221463911,0.2005459148880627,0.2005459148880627,0.0311495669820819,0.21303975170564,0.0575064569711685,0.069667175412178,0.069667175412178,0.5327271223068237,0.0722994059324264,0.2102229595184326,0.0028167963027954,0.5268846154212952,0.0170214362442493,-0.0142046399414539,0.4565361738204956,False,worse,better
36_y256_x437.png,0.5837335586547852,0.841125,36,True,0.8567756677755595,0.8262186702665417,0.8752660708453724,0.8493527930340049,0.857182822972188,0.8438446685655613,0.8752660708453724,0.8493527930340049,-0.018490403069812977,-0.00040715519662848365,-0.023134122767463183,-0.017625998299019563,C:\Users\zhang\Desktop\vessel\images\36_training.tif,C:\Users\zhang\Desktop\vessel\1st_manual\36_manual1.gif,C:\Users\zhang\Desktop\vessel\mask\36_training_mask.gif,256,437,128,64,3631,715,16,17,3,11,0.1969154497468591,0.1797477889489433,0.1797477889489433,0.0319580415110763,0.1912365635504523,0.0142499897629022,0.0174445938318967,0.0174445938318967,0.554729700088501,0.0207722336053848,0.2107256054878235,-0.0194890350103378,0.4644569456577301,-0.0479244031012058,0.0284353680908679,0.5837335586547852,True,worse,tied
36_y320_x64.png,0.5158075094223022,1.0,36,False,0.8483240900691487,0.7944896079743016,0.8375000004062501,0.7565492287418734,0.8358655047674582,0.7579042422858886,0.8375000004062501,0.7565492287418734,0.010824089662898606,0.012458585301690417,0.03794037923242821,0.036585365688412974,C:\Users\zhang\Desktop\vessel\images\36_training.tif,C:\Users\zhang\Desktop\vessel\1st_manual\36_manual1.gif,C:\Users\zhang\Desktop\vessel\mask\36_training_mask.gif,320,64,128,64,2214,743,17,20,3,14,0.3355916877344548,0.289374405448989,0.289374405448989,0.0335127855516448,0.3087698902368824,0.2527240812778473,0.2927089929580688,0.2927089929580688,0.5970420241355896,0.2985371053218841,0.2860837280750274,0.0226861536502838,0.582493245601654,0.0170214362442493,0.0056647174060344,0.5158075094223022,False,better,better
36_y320_x128.png,0.5325851440429688,1.0,36,False,0.8261748362148185,0.7661668192775687,0.820791311557302,0.7436738484363924,0.8258455329988755,0.7666354228367599,0.820791311557302,0.7436738484363924,0.005383524657516459,0.0003293032159429332,0.022492970841176296,-0.0004686035591912052,C:\Users\zhang\Desktop\vessel\images\36_training.tif,C:\Users\zhang\Desktop\vessel\1st_manual\36_manual1.gif,C:\Users\zhang\Desktop\vessel\mask\36_training_mask.gif,320,128,128,64,2134,753,13,19,5,9,0.3528584800709536,0.302219746579004,0.302219746579004,0.029415670260084,0.3199997394019123,0.2824169099330902,0.324962705373764,0.324962705373764,0.4855392575263977,0.3250764608383178,0.2916892468929291,0.028310477733612,0.5982341170310974,0.0170214362442493,0.0112890414893627,0.5325851440429688,False,better,tied
36_y320_x192.png,0.472880870103836,1.0,36,False,0.8379728769022773,0.7900403733062342,0.8306724725915036,0.7703005797653629,0.8280952385045353,0.7801704765357986,0.8306724725915036,0.7703005797653629,0.007300404310773723,0.009877638397742028,0.019739793540871298,0.009869896770435593,C:\Users\zhang\Desktop\vessel\images\36_training.tif,C:\Users\zhang\Desktop\vessel\1st_manual\36_manual1.gif,C:\Users\zhang\Desktop\vessel\mask\36_training_mask.gif,320,192,128,64,2229,721,10,17,3,11,0.3234634350674588,0.2802521148515104,0.2802521148515104,0.0233703186772493,0.2933512773196162,0.2318678051233291,0.2698036134243011,0.2698036134243011,0.3210152685642242,0.262098491191864,0.2850552797317505,0.0082959830760955,0.5422192811965942,0.0170214362442493,-0.0087254531681537,0.472880870103836,False,better,better
36_y320_x256.png,0.5154318809509277,1.0,36,False,0.7853211014801544,0.747878178992121,0.7694822894564516,0.704942582601385,0.7712695473859805,0.726410380796753,0.7694822894564516,0.704942582601385,0.015838812023702853,0.014051554094173913,0.042935596390735964,0.021467798195367926,C:\Users\zhang\Desktop\vessel\images\36_training.tif,C:\Users\zhang\Desktop\vessel\1st_manual\36_manual1.gif,C:\Users\zhang\Desktop\vessel\mask\36_training_mask.gif,320,256,128,64,2003,724,10,18,4,10,0.3614578114754977,0.3085560458542924,0.3085560458542924,0.0248618781096425,0.3238986114583378,0.2972047328948974,0.3408726751804352,0.3408726751804352,0.3616079986095428,0.3342906236648559,0.3013383746147156,0.0225602388381958,0.5821408629417419,0.0170214362442493,0.0055388025939464,0.5154318809509277,False,better,better
36_y320_x320.png,0.5095484852790833,1.0,36,False,0.7620826529019785,0.7344734440392734,0.7649106526690401,0.7416741640788741,0.7647191523466746,0.7628262791952012,0.7649106526690401,0.7416741640788741,-0.0028279997670616064,-0.0026364994446961276,-0.007200720039600705,-0.02835283515592779,C:\Users\zhang\Desktop\vessel\images\36_training.tif,C:\Users\zhang\Desktop\vessel\1st_manual\36_manual1.gif,C:\Users\zhang\Desktop\vessel\mask\36_training_mask.gif,320,320,128,64,2222,754,13,14,2,10,0.3393339318661839,0.2921724246131721,0.2921724246131721,0.023872678728479,0.3061223014653942,0.2591594457626343,0.2997346222400665,0.2997346222400665,0.3346869945526123,0.2922801375389099,0.2855343520641327,0.0205879509449005,0.5766209959983826,0.0170214362442493,0.0035665147006511,0.5095484852790833,False,tied,tied
36_y320_x384.png,0.4770621955394745,0.996033,36,False,0.8279911142050284,0.8122664980938153,0.8367509142636291,0.8194271456431284,0.8260936778078626,0.8318804457288902,0.8367509142636291,0.8194271456431284,-0.008759800058600775,0.0018974363971657748,-0.007160647549313004,-0.019613947635074847,C:\Users\zhang\Desktop\vessel\images\36_training.tif,C:\Users\zhang\Desktop\vessel\1st_manual\36_manual1.gif,C:\Users\zhang\Desktop\vessel\mask\36_training_mask.gif,320,384,128,64,3212,812,14,14,2,10,0.2528019917409651,0.2253826360846872,0.2253826360846872,0.0233990144901599,0.2359300992198393,0.1103550791740417,0.1320303529500961,0.1320303529500961,0.3217962086200714,0.1263958513736724,0.2294044643640518,0.0065256357192993,0.5372645854949951,0.0138493878766894,-0.0073237521573901,0.4770621955394745,False,worse,tied
36_y384_x64.png,0.4727380573749542,0.929504,36,False,0.879620379921028,0.8298774701702286,0.8635658918254111,0.7874646522739648,0.861011753037783,0.7940622017244947,0.8635658918254111,0.7874646522739648,0.016054488095616937,0.01860862688324505,0.04241281789626383,0.035815268445733905,C:\Users\zhang\Desktop\vessel\images\36_training.tif,C:\Users\zhang\Desktop\vessel\1st_manual\36_manual1.gif,C:\Users\zhang\Desktop\vessel\mask\36_training_mask.gif,384,64,128,64,2122,585,10,15,2,11,0.2756833163257148,0.2434819694219637,0.2434819694219637,0.0262393157907809,0.256259569992012,0.1497028768062591,0.1774764358997345,0.1774764358997345,0.3990948796272278,0.1744401901960373,0.2925481498241424,-0.0362885892391204,0.4174397885799408,-0.0275152660906314,-0.0087733231484889,0.4727380573749542,False,better,better
36_y384_x128.png,0.3723736703395843,1.0,36,False,0.8982412062432136,0.8787382184402366,0.8900656642870882,0.8607128190876164,0.9014912835507429,0.8791478866073417,0.8900656642870882,0.8607128190876164,0.008175541956125354,-0.003250077307529353,0.018025399352620153,-0.0004096681671050817,C:\Users\zhang\Desktop\vessel\images\36_training.tif,C:\Users\zhang\Desktop\vessel\1st_manual\36_manual1.gif,C:\Users\zhang\Desktop\vessel\mask\36_training_mask.gif,384,128,128,64,2441,643,10,16,3,10,0.2634166314485185,0.2338196634361205,0.2338196634361205,0.0256609638310892,0.2458197392889839,0.1286084949970245,0.1532151103019714,0.1532151103019714,0.3833550810813904,0.1497678756713867,0.271216481924057,-0.0253967493772506,0.4479229152202606,0.0170214362442493,-0.0424181856215,0.3723736703395843,False,better,tied
36_y384_x192.png,0.4024381637573242,1.0,36,False,0.9094294905884045,0.8882275102902529,0.905775076146952,0.8869047589718757,0.9097946820770874,0.8938492033933557,0.905775076146952,0.8869047589718757,0.003654414441452536,-0.0003651914886828589,0.0013227513183772244,-0.005621693103102787,C:\Users\zhang\Desktop\vessel\images\36_training.tif,C:\Users\zhang\Desktop\vessel\1st_manual\36_manual1.gif,C:\Users\zhang\Desktop\vessel\mask\36_training_mask.gif,384,192,128,64,3024,720,11,15,2,11,0.2380952373078861,0.2135740996621209,0.2135740996621209,0.0227083330179398,0.2232739232203891,0.0850646793842315,0.1023799702525138,0.1023799702525138,0.302999347448349,0.0964856594800949,0.2385922372341156,-0.0153183192014694,0.4761295616626739,0.0170214362442493,-0.0323397554457187,0.4024381637573242,False,tied,tied
36_y384_x256.png,0.4169646203517914,1.0,36,False,0.8940428913517984,0.8760896610333447,0.8966177410711268,0.8748443310247686,0.8974520291012079,0.8882316286169625,0.8966177410711268,0.8748443310247686,-0.0025748497193284203,-0.003409137749409541,0.0012453300085761843,-0.012141967583617741,C:\Users\zhang\Desktop\vessel\images\36_training.tif,C:\Users\zhang\Desktop\vessel\1st_manual\36_manual1.gif,C:\Users\zhang\Desktop\vessel\mask\36_training_mask.gif,384,256,128,64,3212,739,14,18,3,12,0.2300747190844498,0.2070749147624182,0.2070749147624182,0.0286874150380593,0.2189558028099387,0.0712722167372703,0.0860609859228134,0.0860609859228134,0.4657198190689087,0.0862807109951973,0.2294044643640518,-0.0104486644268035,0.4897583425045013,0.0170214362442493,-0.0274701006710529,0.4169646203517914,False,tied,tied
36_y384_x320.png,0.3773297071456909,0.999329,36,False,0.885899513961265,0.8643263729780949,0.8803858522823379,0.8659076506454533,0.8878754522914366,0.8927893709905459,0.8803858522823379,0.8659076506454533,0.005513661678927084,-0.0019759383301716227,-0.0015812776673583828,-0.028462998012451002,C:\Users\zhang\Desktop\vessel\images\36_training.tif,C:\Users\zhang\Desktop\vessel\1st_manual\36_manual1.gif,C:\Users\zhang\Desktop\vessel\mask\36_training_mask.gif,384,320,128,64,3162,693,11,15,2,11,0.2191650846958726,0.1981662676594909,0.1981662676594909,0.0235930732526252,0.2075169701976703,0.0525115057826042,0.063692033290863,0.063692033290863,0.3270775377750397,0.0592474751174449,0.231794461607933,-0.0242774933576583,0.4510554075241089,0.0164792947471141,-0.0407567881047725,0.3773297071456909,False,better,tied
36_y384_x384.png,0.5169488787651062,0.855469,36,False,0.8768071678338278,0.8364413331917585,0.8635990142489749,0.8166278134552143,0.8757491013269095,0.85159284828441,0.8635990142489749,0.8166278134552143,0.013208153584852944,0.0010580665069183093,0.019813519736544216,-0.015151515092651446,C:\Users\zhang\Desktop\vessel\images\36_training.tif,C:\Users\zhang\Desktop\vessel\1st_manual\36_manual1.gif,C:\Users\zhang\Desktop\vessel\mask\36_training_mask.gif,384,384,128,64,2574,602,8,18,5,8,0.2338772329686199,0.2101614334745651,0.2101614334745651,0.027906976280615,0.2218913737527145,0.0778111889958381,0.0938110202550888,0.0938110202550888,0.4444802105426788,0.0932183116674423,0.2631352841854095,-0.0412439107894897,0.4035712480545044,-0.0472912490367889,0.0060473382472991,0.5169488787651062,False,better,tied
36_y448_x192.png,0.5195604562759399,0.901917,36,False,0.8851132688407903,0.8668779680393107,0.887859875401933,0.8736133087416271,0.8856447690883115,0.8652931819917068,0.887859875401933,0.8736133087416271,-0.0027466065611426727,-0.0005315002475211328,-0.006735340702316406,0.0015847860476039255,C:\Users\zhang\Desktop\vessel\images\36_training.tif,C:\Users\zhang\Desktop\vessel\1st_manual\36_manual1.gif,C:\Users\zhang\Desktop\vessel\mask\36_training_mask.gif,448,192,128,64,2524,639,8,12,3,6,0.2531695711047164,0.2256759988441354,0.2256759988441354,0.0205007821517874,0.2349290678225167,0.1109871938824653,0.1327669620513916,0.1327669620513916,0.2429209947586059,0.1240301206707954,0.2661232948303222,-0.0311942249536514,0.4316974580287933,-0.0381170287728309,0.0069228038191795,0.5195604562759399,False,tied,tied
36_y448_x256.png,0.5448848605155945,0.88385,36,False,0.8921852389794044,0.8832378191861109,0.8907899528744267,0.8764326616173614,0.8899065764976981,0.8699856702364409,0.8907899528744267,0.8764326616173614,0.0013952861049776333,0.002278662481706273,0.0068051575687494426,0.013252148949669973,C:\Users\zhang\Desktop\vessel\images\36_training.tif,C:\Users\zhang\Desktop\vessel\1st_manual\36_manual1.gif,C:\Users\zhang\Desktop\vessel\mask\36_training_mask.gif,448,256,128,64,2792,665,11,13,1,11,0.2381805149062302,0.213642975350381,0.213642975350381,0.0223308267318672,0.2231846238804409,0.0852113291621208,0.102552905678749,0.102552905678749,0.292725533246994,0.0962746515870094,0.2507516145706177,-0.027566984295845,0.4418490529060364,-0.0429792180657386,0.0154122337698936,0.5448848605155945,False,tied,tied
36_y456_x192.png,0.5272297859191895,0.839417,36,False,0.8807932746695555,0.86311786707597,0.8864075587579825,0.871989856899071,0.8816785639591639,0.8610054885466603,0.8864075587579825,0.871989856899071,-0.005614284088427013,-0.0008852892896084041,-0.008871989823101,0.0021123785293097885,C:\Users\zhang\Desktop\vessel\images\36_training.tif,C:\Users\zhang\Desktop\vessel\1st_manual\36_manual1.gif,C:\Users\zhang\Desktop\vessel\mask\36_training_mask.gif,456,192,128,64,2367,605,8,12,3,6,0.2555978020464816,0.2276117954636463,0.2276117954636463,0.0216528922040844,0.2374687028067512,0.1151628941297531,0.1376276016235351,0.1376276016235351,0.2742756009101867,0.1300320029258728,0.2759055495262146,-0.0384368449449539,0.4114274084568023,-0.0479306243360042,0.0094937793910503,0.5272297859191895,False,worse,tied
36_y456_x256.png,0.5373483300209045,0.82135,36,False,0.8894000385482077,0.8797876341304981,0.8888033861315826,0.8759954460523494,0.887074830151458,0.865377319433533,0.8888033861315826,0.8759954460523494,0.0005966524166250986,0.002325208396749656,0.0037921880781487394,0.014410314696965076,C:\Users\zhang\Desktop\vessel\images\36_training.tif,C:\Users\zhang\Desktop\vessel\1st_manual\36_manual1.gif,C:\Users\zhang\Desktop\vessel\mask\36_training_mask.gif,456,256,128,64,2637,633,11,13,1,11,0.2400455053468126,0.2151480768039282,0.2151480768039282,0.0234597152691988,0.225242702049,0.0884184390306472,0.1063321158289909,0.1063321158289909,0.3234482109546661,0.1011384651064872,0.2594519555568695,-0.0342092514038085,0.4232592582702636,-0.0470950379967689,0.0128857865929603,0.5373483300209045,False,tied,tied
38_y64_x64.png,0.1668489724397659,0.812744,38,False,0.8068796078286015,0.8437821084914481,0.8159354522645716,0.8314491178679433,0.8285280737049667,0.8417266100541972,0.8159354522645716,0.8314491178679433,-0.009055844435970184,-0.021648465876365264,0.012332990623504791,0.0020554984372508356,C:\Users\zhang\Desktop\vessel\images\38_training.tif,C:\Users\zhang\Desktop\vessel\1st_manual\38_manual1.gif,C:\Users\zhang\Desktop\vessel\mask\38_training_mask.gif,64,64,128,64,973,272,3,5,1,3,0.279547787466107,0.2465067244674392,0.2465067244674392,0.0148897053349373,0.2538475494482407,0.1563483923673629,0.1850713789463043,0.1850713789463043,0.090215764939785,0.1687398850917816,0.4112810492515564,-0.1574335098266601,0.0783897265791893,-0.0461178794503212,-0.1113156303763389,0.1668489724397659,False,worse,worse
38_y64_x128.png,0.2149722129106521,0.986206,38,False,0.8363534992016909,0.8625646873918075,0.8368105177570434,0.8418631348944041,0.8324022351050216,0.8568142561425287,0.8368105177570434,0.8418631348944041,-0.00045701855535251745,0.003951264096669238,0.020701552497403353,0.005750431249278765,C:\Users\zhang\Desktop\vessel\images\38_training.tif,C:\Users\zhang\Desktop\vessel\1st_manual\38_manual1.gif,C:\Users\zhang\Desktop\vessel\mask\38_training_mask.gif,64,128,128,64,1739,440,5,9,2,5,0.2530189749682635,0.2255558194291667,0.2255558194291667,0.0187499995738636,0.2340141624655254,0.1107282266020774,0.132465198636055,0.132465198636055,0.1952734887599945,0.1218679472804069,0.3228639960289001,-0.0888498276472091,0.2703358829021454,0.0063335862942039,-0.0951834172010421,0.2149722129106521,False,tied,tied
38_y64_x192.png,0.2639303505420685,1.0,38,False,0.8224582705552396,0.8109725645338027,0.7991718431698451,0.7700748091268089,0.8116237578087593,0.7940149586333418,0.7991718431698451,0.7700748091268089,0.023286427385394437,0.010834512746480285,0.04089775540699381,0.016957605900460915,C:\Users\zhang\Desktop\vessel\images\38_training.tif,C:\Users\zhang\Desktop\vessel\1st_manual\38_manual1.gif,C:\Users\zhang\Desktop\vessel\mask\38_training_mask.gif,64,192,128,64,2005,517,7,12,2,8,0.2578553603099483,0.2294081757617712,0.2294081757617712,0.0218568661149542,0.239436463328373,0.1190450936555862,0.1421381831169128,0.1421381831169128,0.2798267602920532,0.1346823871135711,0.3011863529682159,-0.0617498904466629,0.3461808562278747,0.0170214362442493,-0.0787713229656219,0.2639303505420685,False,better,better
38_y64_x256.png,0.3067835569381714,1.0,38,False,0.8181818185929856,0.8036428218407693,0.8067765572189183,0.7827632128708875,0.8189556019807785,0.7907596588593528,0.8067765572189183,0.7827632128708875,0.011405261374067277,-0.0007737833877929923,0.020879608969881835,0.012883162981416452,C:\Users\zhang\Desktop\vessel\images\38_training.tif,C:\Users\zhang\Desktop\vessel\1st_manual\38_manual1.gif,C:\Users\zhang\Desktop\vessel\mask\38_training_mask.gif,64,256,128,64,2251,569,9,13,2,9,0.2527765426353774,0.2253623221290563,0.2253623221290563,0.0239894547629269,0.2361749605930226,0.1103113144636154,0.1319793164730072,0.1319793164730072,0.3378650248050689,0.1269745081663131,0.2835592925548553,-0.0473843365907669,0.3863859474658966,0.0170214362442493,-0.0644057691097259,0.3067835569381714,False,better,tied
38_y64_x320.png,0.4226480722427368,0.967651,38,False,0.8419410747973292,0.8580007034334132,0.8485273494941666,0.8548216147833924,0.8528486545738402,0.8618862562278832,0.8485273494941666,0.8548216147833924,-0.00658627469683748,-0.010907579776511023,0.0031790886500208115,-0.003885552794470004,C:\Users\zhang\Desktop\vessel\images\38_training.tif,C:\Users\zhang\Desktop\vessel\1st_manual\38_manual1.gif,C:\Users\zhang\Desktop\vessel\mask\38_training_mask.gif,64,320,128,64,2831,656,10,10,1,8,0.2317202393792997,0.2084117608992254,0.2084117608992254,0.0195121948245092,0.2165449026639949,0.0741019323468208,0.089417740702629,0.089417740702629,0.2160166203975677,0.0805830582976341,0.2486385405063629,-0.0320936441421508,0.429180234670639,-0.0065287947654724,-0.0255648493766784,0.4226480722427368,False,worse,worse
38_y128_x64.png,0.4240243136882782,0.994751,38,False,0.754833041498976,0.7655971411265852,0.7483870979337,0.7237076584339781,0.7776210635748891,0.7370766422720442,0.7483870979337,0.7237076584339781,0.006445943565276058,-0.022788022075913128,0.04188948269260706,0.028520498854541,C:\Users\zhang\Desktop\vessel\images\38_training.tif,C:\Users\zhang\Desktop\vessel\1st_manual\38_manual1.gif,C:\Users\zhang\Desktop\vessel\mask\38_training_mask.gif,128,64,128,64,1122,488,7,11,2,7,0.4349376075317503,0.3611213691943912,0.3611213691943912,0.0224385241303581,0.3773274303077037,0.4235639572143554,0.4728603065013885,0.4728603065013885,0.2956565320491791,0.4605582654476166,0.3895896971225738,-0.0122622549533844,0.4846826195716858,0.0128412349149584,-0.0251034907996654,0.4240243136882782,False,better,worse
38_y128_x128.png,0.5096588730812073,1.0,38,False,0.788856305604527,0.7819767396396702,0.7778774296625488,0.7563953444395619,0.8031448448649989,0.7720930187669011,0.7778774296625488,0.7563953444395619,0.010978875941978217,-0.01428853926047191,0.02558139520010827,0.00988372087276912,C:\Users\zhang\Desktop\vessel\images\38_training.tif,C:\Users\zhang\Desktop\vessel\1st_manual\38_manual1.gif,C:\Users\zhang\Desktop\vessel\mask\38_training_mask.gif,128,128,128,64,1720,674,9,14,3,8,0.3918604628380205,0.3306413146735757,0.3306413146735757,0.0219584566475006,0.3451620606218403,0.3494865000247955,0.3963271975517273,0.3963271975517273,0.2825915217399597,0.3845422565937042,0.3245370984077453,0.020624965429306,0.5767245888710022,0.0170214362442493,0.0036035291850566,0.5096588730812073,False,better,worse
38_y128_x192.png,0.530053973197937,1.0,38,False,0.8014303748392294,0.8096047564402687,0.7979712599366627,0.8023799370914579,0.8145091229050628,0.7968550752364849,0.7979712599366627,0.8023799370914579,0.0034591149025666734,-0.013078748065833423,0.007224819348810807,0.012749681203783836,C:\Users\zhang\Desktop\vessel\images\38_training.tif,C:\Users\zhang\Desktop\vessel\1st_manual\38_manual1.gif,C:\Users\zhang\Desktop\vessel\mask\38_training_mask.gif,128,192,128,64,2353,794,13,13,3,7,0.3374415625268102,0.2907585072647801,0.2907585072647801,0.0232367755259851,0.3042710875959446,0.2559052407741546,0.2961843907833099,0.2961843907833099,0.3173809051513672,0.287905216217041,0.2768091559410095,0.0274619460105896,0.5958593487739563,0.0170214362442493,0.0104405097663402,0.530053973197937,False,tied,worse
38_y128_x256.png,0.4705254137516022,1.0,38,False,0.8290398129800159,0.8547283667817771,0.8313725493502498,0.8531187088405685,0.8351340539513125,0.8398390308255974,0.8313725493502498,0.8531187088405685,-0.002332736370233901,-0.006094240971296516,0.0016096579412085976,0.014889335956179695,C:\Users\zhang\Desktop\vessel\images\38_training.tif,C:\Users\zhang\Desktop\vessel\1st_manual\38_manual1.gif,C:\Users\zhang\Desktop\vessel\mask\38_training_mask.gif,128,256,128,64,2485,753,11,12,3,6,0.3030181074325226,0.2646831947710326,0.2646831947710326,0.0213811418143274,0.27600165261757,0.1967090368270874,0.2307111471891403,0.2307111471891403,0.2668799161911011,0.2210964262485504,0.2684952914714813,0.0075063705444335,0.5400093793869019,0.0170214362442493,-0.0095150656998157,0.4705254137516022,False,tied,worse
38_y128_x320.png,0.4345861077308655,1.0,38,False,0.8118393238288693,0.8198757732147679,0.8263198167055856,0.8385093135151035,0.8107896798069005,0.8051242204770022,0.8263198167055856,0.8385093135151035,-0.014480492876716378,0.0010496440219687209,-0.018633540300335594,0.014751552737765738,C:\Users\zhang\Desktop\vessel\images\38_training.tif,C:\Users\zhang\Desktop\vessel\1st_manual\38_manual1.gif,C:\Users\zhang\Desktop\vessel\mask\38_training_mask.gif,128,320,128,64,2576,727,9,13,3,7,0.2822204957988334,0.2485933373121085,0.2485933373121085,0.0198762033029408,0.2584755207364526,0.1609445065259933,0.1903107017278671,0.1903107017278671,0.2259230613708496,0.1796771138906479,0.2630169689655304,-0.0045414566993713,0.5062909126281738,0.0170214362442493,-0.0215628929436206,0.4345861077308655,False,worse,tied
38_y128_x384.png,0.4835343062877655,0.973572,38,False,0.835584263306541,0.8365667229965704,0.8449669363042367,0.8450911203847997,0.8289163724544812,0.8274544361332908,0.8449669363042367,0.8450911203847997,-0.009382672997695685,0.006667890852059766,-0.008524397388229299,0.009112286863279584,C:\Users\zhang\Desktop\vessel\images\38_training.tif,C:\Users\zhang\Desktop\vessel\1st_manual\38_manual1.gif,C:\Users\zhang\Desktop\vessel\mask\38_training_mask.gif,128,384,128,64,3402,772,13,10,1,8,0.226925337369414,0.204511314137675,0.204511314137675,0.0204663209784155,0.2128825025353934,0.0658564046025276,0.0796239897608757,0.0796239897608757,0.2419830858707428,0.0719277709722518,0.22064970433712,-0.0077672004699707,0.4972630143165588,-0.0026130643673241,-0.0051541361026465,0.4835343062877655,False,worse,better
38_y192_x0.png,0.4684774875640869,0.852173,38,False,0.656565659456518,0.6190476092214665,0.5852749339676148,0.49841269050138587,0.6560283718437201,0.58730157797934,0.5852749339676148,0.49841269050138587,0.07129072548890325,0.0005372876127979209,0.12063491872008064,0.03174603124212649,C:\Users\zhang\Desktop\vessel\images\38_training.tif,C:\Users\zhang\Desktop\vessel\1st_manual\38_manual1.gif,C:\Users\zhang\Desktop\vessel\mask\38_training_mask.gif,192,0,128,64,630,306,1,14,6,2,0.4857142780045353,0.3958956519027585,0.3958956519027585,0.0300653584945961,0.4197011413045751,0.5108819007873535,0.5601760149002075,0.5601760149002075,0.5032204389572144,0.5606994032859802,0.4774313271045685,-0.0577301979064941,0.3574308454990387,-0.0475286096334457,-0.0102015882730484,0.4684774875640869,False,better,tied
38_y192_x64.png,0.5202934145927429,1.0,38,False,0.732574033109002,0.7262872563117683,0.7322611176335803,0.6991869855538665,0.73091976648278,0.6747967418717549,0.7322611176335803,0.6991869855538665,0.0003129154754217822,0.001654266626222034,0.02710027075790178,0.0514905144400134,C:\Users\zhang\Desktop\vessel\images\38_training.tif,C:\Users\zhang\Desktop\vessel\1st_manual\38_manual1.gif,C:\Users\zhang\Desktop\vessel\mask\38_training_mask.gif,192,64,128,64,1107,533,7,17,5,7,0.4814814771320553,0.3930425851737446,0.3930425851737446,0.0289868662479012,0.4158287308660658,0.503602921962738,0.5530121922492981,0.5530121922492981,0.4738693535327911,0.5515478253364563,0.3916387856006622,0.0241899490356445,0.5867019295692444,0.0170214362442493,0.0071685127913951,0.5202934145927429,False,tied,tied
38_y192_x128.png,0.6629345417022705,1.0,38,True,0.7351425636030829,0.7269021689748494,0.7004933061998121,0.6752717345429909,0.7213352695162,0.6752717345429909,0.7004933061998121,0.6752717345429909,0.03464925740327085,0.01380729408688297,0.05163043443185844,0.05163043443185844,C:\Users\zhang\Desktop\vessel\images\38_training.tif,C:\Users\zhang\Desktop\vessel\1st_manual\38_manual1.gif,C:\Users\zhang\Desktop\vessel\mask\38_training_mask.gif,192,128,128,64,1472,713,8,26,9,8,0.484374996709409,0.3949938060240497,0.3949938060240497,0.0319775591588,0.420255681623037,0.5085788369178772,0.5579115748405457,0.5579115748405457,0.555260956287384,0.5620099902153015,0.3482485711574554,0.0720071196556091,0.7205284833908081,0.0170214362442493,0.0549856834113597,0.6629345417022705,True,better,better
38_y192_x192.png,0.5797283053398132,1.0,38,False,0.7409200977484605,0.7601135503185695,0.7244318191603983,0.7239176669700662,0.7584229399339679,0.7508871486807158,0.7244318191603983,0.7239176669700662,0.016488278588062122,-0.01750284218550746,0.03619588334850332,0.00922640163785371,C:\Users\zhang\Desktop\vessel\images\38_training.tif,C:\Users\zhang\Desktop\vessel\1st_manual\38_manual1.gif,C:\Users\zhang\Desktop\vessel\mask\38_training_mask.gif,192,192,128,64,1409,634,9,25,9,7,0.4499645106461,0.3715390807164724,0.3715390807164724,0.0369873811200728,0.3990235958753957,0.4494049847126007,0.4990184605121612,0.4990184605121612,0.6916030645370483,0.5118324756622314,0.3549094498157501,0.0441141426563262,0.6424640417098999,0.0170214362442493,0.0270927064120769,0.5797283053398132,False,better,worse
38_y192_x256.png,0.4848999679088592,1.0,38,False,0.7793296097090446,0.7831578892409973,0.781857452189138,0.7621052578097877,0.7804878056539845,0.7747368366685135,0.781857452189138,0.7621052578097877,-0.002527842480093412,-0.0011581959449398216,0.021052631431209612,0.008421052572483823,C:\Users\zhang\Desktop\vessel\images\38_training.tif,C:\Users\zhang\Desktop\vessel\1st_manual\38_manual1.gif,C:\Users\zhang\Desktop\vessel\mask\38_training_mask.gif,192,256,128,64,1425,570,9,26,10,6,0.3999999971929824,0.3364722346162004,0.3364722346162004,0.043157893979686,0.3655151006735485,0.3634836673736572,0.4109682142734527,0.4109682142734527,0.8595332503318787,0.4326423406600952,0.353190004825592,0.0123251080513,0.5534956455230713,0.0170214362442493,-0.0046963281929492,0.4848999679088592,False,tied,tied
38_y192_x320.png,0.4953831136226654,1.0,38,False,0.7531335156590367,0.7083546862718878,0.7509749310557802,0.6909277258281511,0.756473829871973,0.7037416673308987,0.7509749310557802,0.6909277258281511,0.0021585846032565748,-0.003340314212936235,0.017426960443736705,0.004613018940989089,C:\Users\zhang\Desktop\vessel\images\38_training.tif,C:\Users\zhang\Desktop\vessel\1st_manual\38_manual1.gif,C:\Users\zhang\Desktop\vessel\mask\38_training_mask.gif,192,320,128,64,1951,691,11,20,5,10,0.3541773431359439,0.3031941431185941,0.3031941431185941,0.0296671486299978,0.3211839545338825,0.2846848964691162,0.3274093270301819,0.3274093270301819,0.49238321185112,0.3278751075267792,0.3053446114063263,0.0158393383026123,0.5633309483528137,0.0170214362442493,-0.001182097941637,0.4953831136226654,False,tied,tied
38_y192_x384.png,0.52259761095047,1.0,38,False,0.8060713235984802,0.7985401436538974,0.8025458854314004,0.7915328444042836,0.7972773012765947,0.7865693407691405,0.8025458854314004,0.7915328444042836,0.003525438167079842,0.00879402232188553,0.007007299249613741,0.011970802884756826,C:\Users\zhang\Desktop\vessel\images\38_training.tif,C:\Users\zhang\Desktop\vessel\1st_manual\38_manual1.gif,C:\Users\zhang\Desktop\vessel\mask\38_training_mask.gif,192,384,128,64,3425,893,18,17,3,11,0.260729926246044,0.2316908597746059,0.2316908597746059,0.0278275472807665,0.2445856364844045,0.1239883601665496,0.1478698253631591,0.1478698253631591,0.4423185586929321,0.1468513458967209,0.219623252749443,0.02496238052845,0.588863730430603,0.0170214362442493,0.0079409442842006,0.52259761095047,False,tied,better
38_y192_x437.png,0.6693263649940491,0.832031,38,True,0.8071697025048139,0.8154205583661782,0.7939204294532552,0.7780373809052646,0.780034823302329,0.785046726679186,0.7939204294532552,0.7780373809052646,0.013249273051558652,0.02713487920248492,0.037383177460913575,0.03037383168699226,C:\Users\zhang\Desktop\vessel\images\38_training.tif,C:\Users\zhang\Desktop\vessel\1st_manual\38_manual1.gif,C:\Users\zhang\Desktop\vessel\mask\38_training_mask.gif,192,437,128,64,3424,826,18,21,1,19,0.2412383170524581,0.2161095240892102,0.2161095240892102,0.0298426146508158,0.2290080705887412,0.0904696509242057,0.1087462529540062,0.1087462529540062,0.4971585273742676,0.110037088394165,0.2196677327156067,0.0093403309583663,0.5451421141624451,-0.0477880612015724,0.0571283921599388,0.6693263649940491,True,better,better
38_y256_x0.png,0.4415484666824341,0.87439,38,False,0.7242869513890496,0.6925619720237691,0.7279151967498657,0.6809917242811285,0.7307032613147233,0.7041322197664096,0.7279151967498657,0.6809917242811285,-0.0036282453608160736,-0.006416309925673658,0.011570247742640594,-0.011570247742640483,C:\Users\zhang\Desktop\vessel\images\38_training.tif,C:\Users\zhang\Desktop\vessel\1st_manual\38_manual1.gif,C:\Users\zhang\Desktop\vessel\mask\38_training_mask.gif,256,0,128,64,605,294,2,12,5,2,0.4859504051909024,0.3960545710353238,0.3960545710353238,0.0295918357281688,0.4194945346462591,0.5112879872322083,0.5605750679969788,0.5605750679969788,0.4903335869312286,0.560211181640625,0.4835915565490722,-0.0640970170497894,0.3396119177341461,-0.0448680967092514,-0.019228920340538,0.4415484666824341,False,tied,worse
38_y256_x64.png,0.6138442754745483,1.0,38,True,0.7187370182021727,0.7232441411099988,0.7101576194826723,0.6780936398152706,0.7159292047967734,0.6764213990265769,0.7101576194826723,0.6780936398152706,0.00857939871950042,0.002807813405399373,0.045150501294728196,0.04682274208342185,C:\Users\zhang\Desktop\vessel\images\38_training.tif,C:\Users\zhang\Desktop\vessel\1st_manual\38_manual1.gif,C:\Users\zhang\Desktop\vessel\mask\38_training_mask.gif,256,64,128,64,1196,595,10,24,8,8,0.4974916346363576,0.4037914647724037,0.4037914647724037,0.0391596632074006,0.4354161403054242,0.5311347842216492,0.5800018310546875,0.5800018310546875,0.7507215738296509,0.5978384613990784,0.3798654079437256,0.0555507242679595,0.6744717955589294,0.0170214362442493,0.0385292880237102,0.6138442754745483,True,better,tied
38_y256_x128.png,0.7239670157432556,1.0,38,True,0.741110418773829,0.7528517062556926,0.7242611246370214,0.7065906165615297,0.7254707640387488,0.6958174860848069,0.7242611246370214,0.7065906165615297,0.01684929413680758,0.015639654735080222,0.04626108969416298,0.057034220170885774,C:\Users\zhang\Desktop\vessel\images\38_training.tif,C:\Users\zhang\Desktop\vessel\1st_manual\38_manual1.gif,C:\Users\zhang\Desktop\vessel\mask\38_training_mask.gif,256,128,128,64,1578,779,13,29,8,13,0.4936628612568893,0.4012313994358573,0.4012313994358573,0.0360077017200551,0.4301262405390706,0.5245506167411804,0.5735737085342407,0.5735737085342407,0.6649410724639893,0.5853369832038879,0.3376593887805938,0.0924668610095977,0.7777895927429199,0.0170214362442493,0.0754454284906387,0.7239670157432556,True,better,better
38_y256_x192.png,0.6093800663948059,1.0,38,True,0.7674278853142191,0.7578634969859733,0.7479417360736488,0.7008902035555478,0.7490518339157654,0.7032640907818155,0.7479417360736488,0.7008902035555478,0.01948614924057035,0.018376051398453774,0.056973293430425564,0.05459940620415782,C:\Users\zhang\Desktop\vessel\images\38_training.tif,C:\Users\zhang\Desktop\vessel\1st_manual\38_manual1.gif,C:\Users\zhang\Desktop\vessel\mask\38_training_mask.gif,256,192,128,64,1685,733,11,21,5,11,0.4350148342135618,0.361175186589207,0.361175186589207,0.0284447472244918,0.3817222603617844,0.4236968159675598,0.4729954600334167,0.4729954600334167,0.459115594625473,0.4709444940090179,0.3276680707931518,0.0540542006492614,0.6702834367752075,0.0170214362442493,0.0370327644050121,0.6093800663948059,True,better,better
38_y256_x256.png,0.5898274779319763,1.0,38,True,0.7273413907577742,0.707567959532932,0.7189542495140757,0.6465833898120251,0.716029293262696,0.6465833898120251,0.7189542495140757,0.6465833898120251,0.008387141243698437,0.01131209749507811,0.06098456972090682,0.06098456972090682,C:\Users\zhang\Desktop\vessel\images\38_training.tif,C:\Users\zhang\Desktop\vessel\1st_manual\38_manual1.gif,C:\Users\zhang\Desktop\vessel\mask\38_training_mask.gif,256,256,128,64,1361,628,7,26,11,4,0.4614254190931269,0.3794122738826196,0.3794122738826196,0.0372611459034849,0.4076869460720462,0.469113677740097,0.5187874436378479,0.5187874436378479,0.6990535259246826,0.5323064923286438,0.360187292098999,0.047499656677246,0.6519391536712646,0.0170214362442493,0.0304782204329967,0.5898274779319763,True,better,better
38_y256_x320.png,0.5001923441886902,1.0,38,False,0.7553252741642911,0.7425014106253457,0.739287870430634,0.6932654176951589,0.7698695143242305,0.7345783772802582,0.739287870430634,0.6932654176951589,0.01603740373365703,-0.014544240159939381,0.04923599293018677,0.007923033345087482,C:\Users\zhang\Desktop\vessel\images\38_training.tif,C:\Users\zhang\Desktop\vessel\1st_manual\38_manual1.gif,C:\Users\zhang\Desktop\vessel\mask\38_training_mask.gif,256,320,128,64,1767,659,11,19,7,5,0.3729484981723345,0.316960615647001,0.316960615647001,0.0330045518512207,0.3378829017948336,0.3169646263122558,0.3619759082794189,0.3619759082794189,0.5832104682922363,0.3673395216464996,0.3204313814640045,0.017451524734497,0.5678430199623108,0.0170214362442493,0.0004300884902477,0.5001923441886902,False,better,worse
38_y256_x384.png,0.4730948209762573,1.0,38,False,0.8071629915318139,0.8245257424643436,0.7878581176878272,0.7825203225524379,0.808865189453649,0.8221544687596393,0.7878581176878272,0.7825203225524379,0.019304873843986714,-0.0017021979218351246,0.04200541991190576,0.0023712737047043575,C:\Users\zhang\Desktop\vessel\images\38_training.tif,C:\Users\zhang\Desktop\vessel\1st_manual\38_manual1.gif,C:\Users\zhang\Desktop\vessel\mask\38_training_mask.gif,256,384,128,64,2952,793,12,19,5,9,0.268631435404365,0.2379387095136498,0.2379387095136498,0.0266708697771643,0.2506307741864199,0.1375761330127716,0.1635577082633972,0.1635577082633972,0.4108396172523498,0.1611377298831939,0.242263063788414,0.0083677023649215,0.542419970035553,0.0170214362442493,-0.0086537338793277,0.4730948209762573,False,better,tied
38_y256_x437.png,0.5487027764320374,0.857605,38,False,0.8242444710041458,0.8980868252461852,0.8115737476860025,0.8462104457460984,0.8146275702483526,0.8892568032036173,0.8115737476860025,0.8462104457460984,0.012670723318143229,0.009616900755793134,0.05187637950008683,0.008830022042567887,C:\Users\zhang\Desktop\vessel\images\38_training.tif,C:\Users\zhang\Desktop\vessel\1st_manual\38_manual1.gif,C:\Users\zhang\Desktop\vessel\mask\38_training_mask.gif,256,437,128,64,2718,644,11,17,3,11,0.2369389248089075,0.212639718552716,0.212639718552716,0.0277173908739535,0.2244273549416222,0.0830762237310409,0.1000338196754455,0.1000338196754455,0.4393206536769867,0.0992115661501884,0.2548434138298034,-0.0304160565137863,0.4338753223419189,-0.0471081547439098,0.0166920982301235,0.5487027764320374,False,better,better
38_y320_x64.png,0.5224047303199768,1.0,38,False,0.7887788785848882,0.8134785513037539,0.7963863801376428,0.7801225270243531,0.7941276893338078,0.791695025243737,0.7963863801376428,0.7801225270243531,-0.007607501552754692,-0.005348810748919686,0.033356024279400764,0.021783526060016878,C:\Users\zhang\Desktop\vessel\images\38_training.tif,C:\Users\zhang\Desktop\vessel\1st_manual\38_manual1.gif,C:\Users\zhang\Desktop\vessel\mask\38_training_mask.gif,320,64,128,64,1469,620,10,18,5,8,0.4220558174128263,0.3521035833623159,0.3521035833623159,0.0303225801560874,0.3734569616218148,0.4014118313789367,0.4502173662185669,0.4502173662185669,0.5102207064628601,0.4514111876487732,0.3485592305660248,0.0248977243900299,0.5886828303337097,0.0170214362442493,0.0078762881457805,0.5224047303199768,False,worse,worse
38_y320_x128.png,0.600751519203186,1.0,38,True,0.8241444871099229,0.8491674787014325,0.8314166874690074,0.8320274200194544,0.8284435608442478,0.8158667932621607,0.8314166874690074,0.8320274200194544,-0.007272200359084491,-0.00429907373432481,0.0171400586819781,0.03330068543927178,C:\Users\zhang\Desktop\vessel\images\38_training.tif,C:\Users\zhang\Desktop\vessel\1st_manual\38_manual1.gif,C:\Users\zhang\Desktop\vessel\mask\38_training_mask.gif,320,128,128,64,2042,801,15,19,3,13,0.3922624858361289,0.3309301115466404,0.3309301115466404,0.0281523092615192,0.3495630052350605,0.3501778542995453,0.3970523178577423,0.3970523178577423,0.4511569142341614,0.3949429392814636,0.2984013259410858,0.0511616766452789,0.6621881127357483,0.0170214362442493,0.0341402404010295,0.600751519203186,True,worse,tied
38_y320_x192.png,0.5934650301933289,1.0,38,True,0.8175335574296696,0.8087136895903996,0.8154877788979283,0.7821576731030802,0.8077007223633763,0.7659751005561198,0.8154877788979283,0.7821576731030802,0.0020457785317412602,0.009832835066293288,0.026556016487319423,0.04273858903427974,C:\Users\zhang\Desktop\vessel\images\38_training.tif,C:\Users\zhang\Desktop\vessel\1st_manual\38_manual1.gif,C:\Users\zhang\Desktop\vessel\mask\38_training_mask.gif,320,192,128,64,2410,864,15,17,3,11,0.3585062225788123,0.3063857303513697,0.3063857303513697,0.025289351559151,0.3218823232464957,0.2921290397644043,0.3354231715202331,0.3354231715202331,0.373241662979126,0.3295255899429321,0.2731632888317108,0.048719048500061,0.6553518772125244,0.0170214362442493,0.0316976122558116,0.5934650301933289,True,tied,better
38_y320_x256.png,0.5860111117362976,1.0,38,True,0.8051844470484857,0.7859089109151073,0.8067573139539406,0.7621642632846856,0.8049187165383104,0.751654337284335,0.8067573139539406,0.7621642632846856,-0.0015728669054548838,0.00026573051017531046,0.023744647630421722,0.034254573630772334,C:\Users\zhang\Desktop\vessel\images\38_training.tif,C:\Users\zhang\Desktop\vessel\1st_manual\38_manual1.gif,C:\Users\zhang\Desktop\vessel\mask\38_training_mask.gif,320,256,128,64,2569,876,16,21,3,15,0.3409887102335978,0.2934071853480678,0.2934071853480678,0.0276826480858145,0.3096517610637476,0.2620050609111786,0.3028349578380584,0.3028349578380584,0.4383751451969147,0.3006212413311004,0.2634314596652984,0.0462203025817871,0.6483585834503174,0.0170214362442493,0.0291988663375377,0.5860111117362976,True,tied,tied
38_y320_x320.png,0.4529966413974762,1.0,38,False,0.850681742848883,0.8595430078644387,0.8459556932063271,0.827620964960951,0.8632680623509992,0.8592069863601915,0.8459556932063271,0.827620964960951,0.004726049642555852,-0.012586319502116194,0.03192204290348766,0.0003360215042471637,C:\Users\zhang\Desktop\vessel\images\38_training.tif,C:\Users\zhang\Desktop\vessel\1st_manual\38_manual1.gif,C:\Users\zhang\Desktop\vessel\mask\38_training_mask.gif,320,320,128,64,2976,770,16,14,2,10,0.2587365582703744,0.2301084863603504,0.2301084863603504,0.027272726918536,0.2426598581806374,0.1205604374408721,0.143896609544754,0.143896609544754,0.4272191524505615,0.1423001736402511,0.241029605269432,0.0016302466392517,0.523563802242279,0.0170214362442493,-0.0153911896049976,0.4529966413974762,False,tied,worse
38_y320_x384.png,0.3934449553489685,0.998352,38,False,0.8470003552591403,0.8536672599153228,0.8306316381020465,0.7974955248747924,0.8547038949765181,0.8597495496967815,0.8306316381020465,0.7974955248747924,0.01636871715709376,-0.007703539717377805,0.05617173504053041,-0.0060822897814587495,C:\Users\zhang\Desktop\vessel\images\38_training.tif,C:\Users\zhang\Desktop\vessel\1st_manual\38_manual1.gif,C:\Users\zhang\Desktop\vessel\mask\38_training_mask.gif,320,384,128,64,2795,692,11,14,1,12,0.2475849722805546,0.2212096603764287,0.2212096603764287,0.0219653176016572,0.2309275412698747,0.1013836562633514,0.1215523108839988,0.1215523108839988,0.2827782332897186,0.1145733669400215,0.2505880296230316,-0.0196604877710342,0.4639770984649658,0.0156940277665853,-0.0353545174002647,0.3934449553489685,False,better,worse
38_y384_x64.png,0.4133622646331787,0.92218,38,False,0.8706365506874845,0.897761640061938,0.8725195433778727,0.877797937823364,0.8724106878642729,0.8790078591711563,0.8725195433778727,0.877797937823364,-0.0018829926903882743,-0.0017741371767884262,0.01996370223857402,0.018753780890781724,C:\Users\zhang\Desktop\vessel\images\38_training.tif,C:\Users\zhang\Desktop\vessel\1st_manual\38_manual1.gif,C:\Users\zhang\Desktop\vessel\mask\38_training_mask.gif,384,64,128,64,1653,495,4,11,3,5,0.2994555335786114,0.2619453564136178,0.2619453564136178,0.0176767673196612,0.2712060506451964,0.1905826777219772,0.223836675286293,0.223836675286293,0.1660655289888382,0.2097630202770233,0.3305880725383758,-0.0593820214271545,0.3528078496456146,-0.0307043138891458,-0.0286777075380086,0.4133622646331787,False,tied,tied
38_y384_x128.png,0.3732798993587494,1.0,38,False,0.8954770051397244,0.9301223808522605,0.8924793231535308,0.9159099845404264,0.8943469787634561,0.9056454760929905,0.8924793231535308,0.9159099845404264,0.0029976819861935455,0.001130026376268245,0.01421239631183413,0.024476904759270002,C:\Users\zhang\Desktop\vessel\images\38_training.tif,C:\Users\zhang\Desktop\vessel\1st_manual\38_manual1.gif,C:\Users\zhang\Desktop\vessel\mask\38_training_mask.gif,384,128,128,64,2533,655,8,15,4,7,0.2585866551180945,0.2299893890973054,0.2299893890973054,0.0228244271324514,0.2404881412026824,0.1203026548027992,0.1435975730419159,0.1435975730419159,0.3061588704586029,0.1371677964925766,0.2655811011791229,-0.0250929594039917,0.4487731456756592,0.0170214362442493,-0.042114395648241,0.3732798993587494,False,tied,tied
38_y384_x192.png,0.4333854615688324,1.0,38,False,0.8842171322808015,0.9128603792910256,0.8881819629581963,0.9044379627326272,0.8844189018447974,0.8973113025678285,0.8881819629581963,0.9044379627326272,-0.003964830677394837,-0.00020176956399597934,0.008422416558398371,0.015549076723197053,C:\Users\zhang\Desktop\vessel\images\38_training.tif,C:\Users\zhang\Desktop\vessel\1st_manual\38_manual1.gif,C:\Users\zhang\Desktop\vessel\mask\38_training_mask.gif,384,192,128,64,3087,752,14,19,3,13,0.2436022019967534,0.2180121698640924,0.2180121698640924,0.028656914512541,0.2305072820930701,0.0945347025990486,0.1135236471891403,0.1135236471891403,0.4648897349834442,0.1135801821947097,0.2354512363672256,-0.0049439519643783,0.5051644444465637,0.0170214362442493,-0.0219653882086277,0.4333854615688324,False,tied,tied
38_y384_x256.png,0.4857900142669678,1.0,38,False,0.8765377206513447,0.894975784216175,0.882414152099875,0.8983050820269216,0.8847528292365205,0.8992130723389434,0.882414152099875,0.8983050820269216,-0.005876431448530228,-0.008215108585175823,-0.0033292978107466453,-0.004237288122768468,C:\Users\zhang\Desktop\vessel\images\38_training.tif,C:\Users\zhang\Desktop\vessel\1st_manual\38_manual1.gif,C:\Users\zhang\Desktop\vessel\mask\38_training_mask.gif,384,256,128,64,3304,828,19,20,2,16,0.2506053261180226,0.2236276949921616,0.2236276949921616,0.0315217387497374,0.2377259625496594,0.1065775901079177,0.127623826265335,0.127623826265335,0.5428557395935059,0.1306399703025818,0.2251024842262268,0.0126234740018844,0.5543307065963745,0.0170214362442493,-0.0043979622423648,0.4857900142669678,False,worse,worse
38_y384_x320.png,0.3951992392539978,0.999939,38,False,0.8822055139812773,0.9103448244470868,0.8844795697251058,0.9068965485969084,0.8945203227011349,0.9372413760784779,0.8844795697251058,0.9068965485969084,-0.0022740557438284403,-0.012314808719857573,0.003448275850178373,-0.026896551631391152,C:\Users\zhang\Desktop\vessel\images\38_training.tif,C:\Users\zhang\Desktop\vessel\1st_manual\38_manual1.gif,C:\Users\zhang\Desktop\vessel\mask\38_training_mask.gif,384,320,128,64,2900,690,15,18,3,12,0.2379310336623067,0.2134414648449986,0.2134414648449986,0.0321739125771896,0.2271759589055392,0.0847822949290275,0.1020469292998313,0.1020469292998313,0.5606046915054321,0.1057073175907135,0.2449703216552734,-0.0177943557500839,0.4691998660564422,0.016972079873085,-0.0347664356231689,0.3951992392539978,False,tied,worse
38_y384_x384.png,0.4080515205860138,0.872009,38,False,0.8798474256838925,0.9081364769807317,0.8517392777719038,0.8274278160929933,0.8803858524746435,0.8982939573602758,0.8517392777719038,0.8274278160929933,0.02810814791198868,-0.000538426790751001,0.08070866088773843,0.009842519620455903,C:\Users\zhang\Desktop\vessel\images\38_training.tif,C:\Users\zhang\Desktop\vessel\1st_manual\38_manual1.gif,C:\Users\zhang\Desktop\vessel\mask\38_training_mask.gif,384,384,128,64,1524,437,5,16,5,6,0.2867454049426154,0.252116088487514,0.252116088487514,0.0299771160188302,0.2672315149571217,0.1687257587909698,0.1991560757160186,0.1991560757160186,0.5008189678192139,0.2003700733184814,0.3429619073867798,-0.0757303833961486,0.3070534467697143,-0.0452723875641822,-0.0304579958319664,0.4080515205860138,False,better,tied
38_y448_x192.png,0.4616559445858001,0.911743,38,False,0.8770195782607497,0.9216939635569558,0.8772398019877243,0.9192968401146749,0.8778349535394798,0.9200958812621018,0.8772398019877243,0.9192968401146749,-0.000220223726974611,-0.0008153752787301016,0.002397123442280824,0.0015980822948539197,C:\Users\zhang\Desktop\vessel\images\38_training.tif,C:\Users\zhang\Desktop\vessel\1st_manual\38_manual1.gif,C:\Users\zhang\Desktop\vessel\mask\38_training_mask.gif,448,192,128,64,2503,581,12,13,1,11,0.2321214533275211,0.2087374424987823,0.2087374424987823,0.0272805503049819,0.2201263871000248,0.0747918784618377,0.0902355015277862,0.0902355015277862,0.4274320602416992,0.0890471562743187,0.2673959136009216,-0.0472695231437683,0.3867072761058807,-0.0347811728715896,-0.0124883502721786,0.4616559445858001,False,tied,tied
38_y448_x256.png,0.4917334914207458,0.898499,38,False,0.8596988874979297,0.9016018265372914,0.8692968925076111,0.9025171583408825,0.8682306514618929,0.9061784855552472,0.8692968925076111,0.9025171583408825,-0.009598005009681443,-0.008531763963963268,-0.0009153318035911573,-0.0045766590179557864,C:\Users\zhang\Desktop\vessel\images\38_training.tif,C:\Users\zhang\Desktop\vessel\1st_manual\38_manual1.gif,C:\Users\zhang\Desktop\vessel\mask\38_training_mask.gif,448,256,128,64,2185,577,10,14,2,10,0.2640732253360492,0.2343392254834526,0.2343392254834526,0.0259965333449474,0.246523240462072,0.1297376304864883,0.1545196771621704,0.1545196771621704,0.3924876153469085,0.1514304876327514,0.2880919873714447,-0.0415687412023544,0.4026621282100677,-0.0391631983220577,-0.0024055428802967,0.4917334914207458,False,worse,worse
38_y456_x192.png,0.476721853017807,0.849243,38,False,0.8739529320423755,0.9194292869516185,0.8744241941229237,0.9160721740827856,0.8717743551274768,0.9143936176483691,0.8744241941229237,0.9160721740827856,-0.0004712620805482626,0.0021785769148986445,0.00335711286883289,0.0050356693032493904,C:\Users\zhang\Desktop\vessel\images\38_training.tif,C:\Users\zhang\Desktop\vessel\1st_manual\38_manual1.gif,C:\Users\zhang\Desktop\vessel\mask\38_training_mask.gif,456,192,128,64,2383,550,11,14,2,10,0.2308015097322639,0.2076655910917961,0.2076655910917961,0.0290909085619834,0.2197479525356395,0.0725220367312431,0.0875441506505012,0.0875441506505012,0.476700872182846,0.0881527811288833,0.2748793959617615,-0.0551314502954483,0.3647039830684662,-0.0476935878396034,-0.0074378624558448,0.476721853017807,False,tied,tied
38_y456_x256.png,0.4951851963996887,0.835999,38,False,0.8548812668388553,0.8995456794571142,0.8635812942486522,0.8995456794571142,0.8631984589036646,0.9045936350096233,0.8635812942486522,0.8995456794571142,-0.008700027409796807,-0.008317192064809298,0.0,-0.005047955552509142,C:\Users\zhang\Desktop\vessel\images\38_training.tif,C:\Users\zhang\Desktop\vessel\1st_manual\38_manual1.gif,C:\Users\zhang\Desktop\vessel\mask\38_training_mask.gif,456,256,128,64,1981,539,9,14,3,8,0.2720848042802382,0.2406571327272164,0.2406571327272164,0.027458255520255,0.2538731828136081,0.1435147076845169,0.1703834980726242,0.1703834980726242,0.4322682917118072,0.1688004583120346,0.3030204772949219,-0.0491473078727722,0.3814519047737121,-0.0478988699615001,-0.001248437911272,0.4951851963996887,False,worse,worse
