sample_id,patch_name,image_path,mask_path,fov_path,patch_y,patch_x,patch_size,stride,fov_ratio,vessel_area,skeleton_len,junction_count,endpoint_count,component_count,endpoint_eff,sci_raw,sci_stable,sci_base,topo_density,sci_topo,sci_raw_norm,sci_stable_norm,sci_base_norm,topo_density_norm,sci_topo_norm,sci_area_trend,sci_res,sci_res_norm,sci_fov_trend,sci_res2,sci_res2_norm
21,21_y64_x64.png,C:\Users\zhang\Desktop\vessel\images\21_training.tif,C:\Users\zhang\Desktop\vessel\1st_manual\21_manual1.gif,C:\Users\zhang\Desktop\vessel\mask\21_training_mask.gif,64,64,128,64,0.831726,2507,507,12,9,2,5,0.2022337447058885,0.18418128035716613,0.18418128035716613,0.03007889487023876,0.19526121909502447,0.023395584896206856,0.028576744720339775,0.028576744720339775,0.503588855266571,0.030283644795417786,0.26715269684791565,-0.07189147174358368,0.3177974820137024,-0.04777625575661659,-0.024115215986967087,0.4269723892211914
21,21_y64_x128.png,C:\Users\zhang\Desktop\vessel\images\21_training.tif,C:\Users\zhang\Desktop\vessel\1st_manual\21_manual1.gif,C:\Users\zhang\Desktop\vessel\mask\21_training_mask.gif,64,128,128,64,0.990601,3381,723,15,14,3,8,0.21384205793007377,0.19379058362166182,0.19379058362166182,0.028769017582724515,0.2049409130368179,0.043357789516448975,0.05270502343773842,0.05270502343773842,0.46794062852859497,0.053159523755311966,0.221592977643013,-0.01665206253528595,0.4723968207836151,0.009634699672460556,-0.026286762207746506,0.42049455642700195
21,21_y64_x192.png,C:\Users\zhang\Desktop\vessel\images\21_training.tif,C:\Users\zhang\Desktop\vessel\1st_manual\21_manual1.gif,C:\Users\zhang\Desktop\vessel\mask\21_training_mask.gif,64,192,128,64,1.0,2669,670,11,12,3,6,0.2510303475045697,0.22396748978731745,0.22396748978731745,0.024029850387614175,0.23473130032987494,0.10730850696563721,0.12847702205181122,0.12847702205181122,0.33896440267562866,0.12356273829936981,0.2576146125793457,-0.022883310914039612,0.45495733618736267,0.017021436244249344,-0.039904747158288956,0.3798713982105255
21,21_y64_x256.png,C:\Users\zhang\Desktop\vessel\images\21_training.tif,C:\Users\zhang\Desktop\vessel\1st_manual\21_manual1.gif,C:\Users\zhang\Desktop\vessel\mask\21_training_mask.gif,64,256,128,64,1.0,2471,691,11,19,4,11,0.2796438677472931,0.24658181089641804,0.24658181089641804,0.02800289395075407,0.2603918194978526,0.15651363134384155,0.18525990843772888,0.18525990843772888,0.44709059596061707,0.18420591950416565,0.2693558633327484,-0.00896403193473816,0.4939134120941162,0.017021436244249344,-0.025985468178987503,0.42139333486557007
21,21_y64_x320.png,C:\Users\zhang\Desktop\vessel\images\21_training.tif,C:\Users\zhang\Desktop\vessel\1st_manual\21_manual1.gif,C:\Users\zhang\Desktop\vessel\mask\21_training_mask.gif,64,320,128,64,0.964294,1959,582,8,15,4,7,0.2970903507039798,0.26012356420643656,0.26012356420643656,0.025687284782005416,0.2734873003509986,0.1865154206752777,0.2192622423171997,0.2192622423171997,0.384071409702301,0.2151542603969574,0.3047213852405548,-0.03123408555984497,0.4315858781337738,-0.008670290000736713,-0.022563796490430832,0.4316003620624542
21,21_y128_x64.png,C:\Users\zhang\Desktop\vessel\images\21_training.tif,C:\Users\zhang\Desktop\vessel\1st_manual\21_manual1.gif,C:\Users\zhang\Desktop\vessel\mask\21_training_mask.gif,128,64,128,64,0.99762,3394,684,19,15,4,7,0.20153211490414816,0.18359750484603535,0.18359750484603535,0.03793859593657024,0.1975283679486678,0.02218901738524437,0.02711094729602337,0.02711094729602337,0.7174902558326721,0.035641539841890335,0.22100836038589478,-0.023479998111724854,0.45328736305236816,0.015108820982277393,-0.03858881816267967,0.3837968707084656
21,21_y128_x128.png,C:\Users\zhang\Desktop\vessel\images\21_training.tif,C:\Users\zhang\Desktop\vessel\1st_manual\21_manual1.gif,C:\Users\zhang\Desktop\vessel\mask\21_training_mask.gif,128,128,128,64,1.0,3194,748,16,18,4,10,0.23418910383785502,0.21041415834362076,0.21041415834362076,0.03208556106837485,0.22391667099799067,0.07834751158952713,0.0944455936551094,0.0944455936551094,0.5582001805305481,0.09800465404987335,0.23026055097579956,-0.0063438862562179565,0.501246452331543,0.017021436244249344,-0.0233653225004673,0.4292093813419342
21,21_y128_x192.png,C:\Users\zhang\Desktop\vessel\images\21_training.tif,C:\Users\zhang\Desktop\vessel\1st_manual\21_manual1.gif,C:\Users\zhang\Desktop\vessel\mask\21_training_mask.gif,128,192,128,64,1.0,2420,655,11,14,3,8,0.27066115590635886,0.2395373602096873,0.2395373602096873,0.025648854570246498,0.2518250780420053,0.1410665214061737,0.1675718128681183,0.1675718128681183,0.38302552700042725,0.16396020352840424,0.27253258228302,-0.020707517862319946,0.4610467553138733,0.017021436244249344,-0.03772895410656929,0.38636189699172974
21,21_y128_x256.png,C:\Users\zhang\Desktop\vessel\images\21_training.tif,C:\Users\zhang\Desktop\vessel\1st_manual\21_manual1.gif,C:\Users\zhang\Desktop\vessel\mask\21_training_mask.gif,128,256,128,64,1.0,1924,616,8,16,4,8,0.3201663185022541,0.2777577275264332,0.2777577275264332,0.024837661934453543,0.29155543259840044,0.22619792819023132,0.2635403871536255,0.2635403871536255,0.36094895005226135,0.2578544318675995,0.30746710300445557,-0.01591166853904724,0.4744689464569092,0.017021436244249344,-0.032933104783296585,0.4006681740283966
21,21_y128_x320.png,C:\Users\zhang\Desktop\vessel\images\21_training.tif,C:\Users\zhang\Desktop\vessel\1st_manual\21_manual1.gif,C:\Users\zhang\Desktop\vessel\mask\21_training_mask.gif,128,320,128,64,1.0,1136,513,6,16,6,4,0.45158450306703785,0.37265572053996676,0.37265572053996676,0.029044833741816108,0.3943031674320068,0.4521908164024353,0.5018222332000732,0.5018222332000732,0.4754469096660614,0.5006767511367798,0.38770171999931335,0.006601452827453613,0.5374767780303955,0.017021436244249344,-0.01041998341679573,0.4678260087966919
21,21_y128_x384.png,C:\Users\zhang\Desktop\vessel\images\21_training.tif,C:\Users\zhang\Desktop\vessel\1st_manual\21_manual1.gif,C:\Users\zhang\Desktop\vessel\mask\21_training_mask.gif,128,384,128,64,0.966431,806,433,4,17,6,5,0.5372208370071857,0.42997613478659136,0.42997613478659136,0.030600461187056324,0.45629107083438647,0.5994549989700317,0.645749568939209,0.645749568939209,0.5177832841873169,0.6471719741821289,0.4399424195289612,0.016348659992218018,0.5647563934326172,-0.007313627749681473,0.02366228774189949,0.5694952011108398
21,21_y192_x0.png,C:\Users\zhang\Desktop\vessel\images\21_training.tif,C:\Users\zhang\Desktop\vessel\1st_manual\21_manual1.gif,C:\Users\zhang\Desktop\vessel\mask\21_training_mask.gif,192,0,128,64,0.875671,3411,766,26,18,1,16,0.22456757483269546,0.20258778154090074,0.20258778154090074,0.04125326316901746,0.21930259567436913,0.06180188059806824,0.07479414343833923,0.07479414343833923,0.8076988458633423,0.08710028976202011,0.22024722397327423,-0.0009446293115615845,0.516357421875,-0.044638749212026596,0.04369411990046501,0.62925124168396
21,21_y192_x64.png,C:\Users\zhang\Desktop\vessel\images\21_training.tif,C:\Users\zhang\Desktop\vessel\1st_manual\21_manual1.gif,C:\Users\zhang\Desktop\vessel\mask\21_training_mask.gif,192,64,128,64,1.0,2568,654,13,16,5,6,0.25467289620454475,0.22687489813664918,0.22687489813664918,0.03226299644857804,0.2415142262023576,0.1135723665356636,0.1357773244380951,0.1357773244380951,0.5630290508270264,0.1395927220582962,0.26349076628685,-0.021976545453071594,0.4574950933456421,0.017021436244249344,-0.03899798169732094,0.3825763165950775
21,21_y192_x128.png,C:\Users\zhang\Desktop\vessel\images\21_training.tif,C:\Users\zhang\Desktop\vessel\1st_manual\21_manual1.gif,C:\Users\zhang\Desktop\vessel\mask\21_training_mask.gif,192,128,128,64,1.0,1311,529,5,20,7,6,0.40350876885195447,0.338975364646349,0.338975364646349,0.03043478203336896,0.35960864732173575,0.3695175051689148,0.41725337505340576,0.41725337505340576,0.5132743120193481,0.4186836779117584,0.3658866584300995,-0.006278008222579956,0.5014308094978333,0.017021436244249344,-0.0232994444668293,0.42940589785575867
21,21_y192_x192.png,C:\Users\zhang\Desktop\vessel\images\21_training.tif,C:\Users\zhang\Desktop\vessel\1st_manual\21_manual1.gif,C:\Users\zhang\Desktop\vessel\mask\21_training_mask.gif,192,192,128,64,1.0,1070,455,4,22,10,2,0.4252336408856669,0.3543357587971428,0.3543357587971428,0.03999999912087914,0.38268261887790633,0.4068765640258789,0.4558221697807312,0.4558221697807312,0.7735912799835205,0.4732140898704529,0.3968142867088318,-0.014131665229797363,0.47945067286491394,0.017021436244249344,-0.031153101474046707,0.4059780240058899
21,21_y192_x256.png,C:\Users\zhang\Desktop\vessel\images\21_training.tif,C:\Users\zhang\Desktop\vessel\1st_manual\21_manual1.gif,C:\Users\zhang\Desktop\vessel\mask\21_training_mask.gif,192,256,128,64,1.0,791,364,4,17,7,3,0.4601769853327815,0.37855765120402374,0.37855765120402374,0.03859890003849176,0.4077814690792844,0.46696674823760986,0.5166415572166443,0.5166415572166443,0.7354604005813599,0.532529890537262,0.44280147552490234,-0.03501999378204346,0.4209901988506317,0.017021436244249344,-0.0520414300262928,0.34366703033447266
21,21_y192_x320.png,C:\Users\zhang\Desktop\vessel\images\21_training.tif,C:\Users\zhang\Desktop\vessel\1st_manual\21_manual1.gif,C:\Users\zhang\Desktop\vessel\mask\21_training_mask.gif,192,320,128,64,1.0,717,424,5,16,6,4,0.5913528508876869,0.4645845040796958,0.4645845040796958,0.03278301809474014,0.4950454684872569,0.6925429701805115,0.7326486706733704,0.7326486706733704,0.5771813988685608,0.7387596964836121,0.45774897933006287,0.03729650378227234,0.6233834624290466,0.017021436244249344,0.020275067538022995,0.5593909621238708
21,21_y192_x384.png,C:\Users\zhang\Desktop\vessel\images\21_training.tif,C:\Users\zhang\Desktop\vessel\1st_manual\21_manual1.gif,C:\Users\zhang\Desktop\vessel\mask\21_training_mask.gif,192,384,128,64,1.0,741,518,5,20,8,4,0.6990553212003331,0.5300724031957955,0.5300724031957955,0.03262548199564707,0.5646601384895031,0.8777531385421753,0.8970839977264404,0.8970839977264404,0.5728940963745117,0.9032790660858154,0.4527386724948883,0.11192145943641663,0.8322374224662781,0.017021436244249344,0.09490002691745758,0.7820011973381042
21,21_y192_x437.png,C:\Users\zhang\Desktop\vessel\images\21_training.tif,C:\Users\zhang\Desktop\vessel\1st_manual\21_manual1.gif,C:\Users\zhang\Desktop\vessel\mask\21_training_mask.gif,192,437,128,64,0.803406,650,448,7,12,5,2,0.6892307586272192,0.524273252902646,0.524273252902646,0.030580356460259903,0.5563381788153319,0.8608583211898804,0.8825228810310364,0.8825228810310364,0.5172361135482788,0.8836119174957275,0.47267642617225647,0.0836617648601532,0.7531465888023376,-0.0446348562836647,0.1282966136932373,0.8816248774528503
21,21_y256_x0.png,C:\Users\zhang\Desktop\vessel\images\21_training.tif,C:\Users\zhang\Desktop\vessel\1st_manual\21_manual1.gif,C:\Users\zhang\Desktop\vessel\mask\21_training_mask.gif,256,0,128,64,0.898499,2667,619,13,12,2,8,0.23209598713124863,0.20871677370888142,0.20871677370888142,0.027948303264163116,0.22038333308474845,0.07474808394908905,0.09018360078334808,0.09018360078334808,0.44560492038726807,0.08965437859296799,0.25772878527641296,-0.03734545409679413,0.41448190808296204,-0.039163198322057724,0.0018177442252635956,0.5043317675590515
21,21_y256_x64.png,C:\Users\zhang\Desktop\vessel\images\21_training.tif,C:\Users\zhang\Desktop\vessel\1st_manual\21_manual1.gif,C:\Users\zhang\Desktop\vessel\mask\21_training_mask.gif,256,64,128,64,1.0,2516,665,8,10,3,4,0.2643084250226215,0.23452527309791563,0.23452527309791563,0.01864661626095314,0.24327147863981974,0.13014209270477295,0.15498684346675873,0.15498684346675873,0.19245994091033936,0.14374564588069916,0.2666068375110626,-0.023335352540016174,0.4536921977996826,0.017021436244249344,-0.04035678878426552,0.37852293252944946
21,21_y256_x128.png,C:\Users\zhang\Desktop\vessel\images\21_training.tif,C:\Users\zhang\Desktop\vessel\1st_manual\21_manual1.gif,C:\Users\zhang\Desktop\vessel\mask\21_training_mask.gif,256,128,128,64,1.0,1074,479,3,19,8,3,0.4459962714525487,0.3687985452080402,0.3687985452080402,0.030375782246852147,0.39120363381243073,0.44258102774620056,0.49213719367980957,0.49213719367980957,0.5116686224937439,0.49335169792175293,0.3962462246417999,-0.005042582750320435,0.5048884153366089,0.017021436244249344,-0.02206401899456978,0.4330912232398987
21,21_y256_x192.png,C:\Users\zhang\Desktop\vessel\images\21_training.tif,C:\Users\zhang\Desktop\vessel\1st_manual\21_manual1.gif,C:\Users\zhang\Desktop\vessel\mask\21_training_mask.gif,256,192,128,64,1.0,772,453,3,25,12,1,0.5867875571659643,0.46171156816394865,0.46171156816394865,0.043818983580154895,0.502175031412236,0.6846923232078552,0.7254348993301392,0.7254348993301392,0.877524733543396,0.755608856678009,0.4465016722679138,0.05567336082458496,0.6748149991035461,0.017021436244249344,0.03865192458033562,0.6142100691795349
21,21_y256_x256.png,C:\Users\zhang\Desktop\vessel\images\21_training.tif,C:\Users\zhang\Desktop\vessel\1st_manual\21_manual1.gif,C:\Users\zhang\Desktop\vessel\mask\21_training_mask.gif,256,256,128,64,1.0,779,447,4,22,8,6,0.5738125728650504,0.45350106594504486,0.45350106594504486,0.0371364644935914,0.4871839184115929,0.662379801273346,0.7048189640045166,0.7048189640045166,0.6956602931022644,0.7201806306838989,0.4451279640197754,0.04205596446990967,0.6367037892341614,0.017021436244249344,0.025034528225660324,0.5735886693000793
21,21_y256_x320.png,C:\Users\zhang\Desktop\vessel\images\21_training.tif,C:\Users\zhang\Desktop\vessel\1st_manual\21_manual1.gif,C:\Users\zhang\Desktop\vessel\mask\21_training_mask.gif,256,320,128,64,1.0,909,520,7,21,7,7,0.5720571994273136,0.4523850797491892,0.4523850797491892,0.035480768548446756,0.4844870203678924,0.6593612432479858,0.7020168304443359,0.7020168304443359,0.6506005525588989,0.7138070464134216,0.42163801193237305,0.0628490149974823,0.6948976516723633,0.017021436244249344,0.045827578753232956,0.6356154680252075
21,21_y256_x384.png,C:\Users\zhang\Desktop\vessel\images\21_training.tif,C:\Users\zhang\Desktop\vessel\1st_manual\21_manual1.gif,C:\Users\zhang\Desktop\vessel\mask\21_training_mask.gif,256,384,128,64,1.0,843,594,6,24,10,4,0.7046263261610163,0.5333459231737155,0.5333459231737155,0.035185184592842006,0.5708776726911294,0.8873332738876343,0.9053036570549011,0.9053036570549011,0.6425563097000122,0.9179728627204895,0.4331112504005432,0.13776642084121704,0.9045700430870056,0.017021436244249344,0.120744988322258,0.859097957611084
21,21_y256_x437.png,C:\Users\zhang\Desktop\vessel\images\21_training.tif,C:\Users\zhang\Desktop\vessel\1st_manual\21_manual1.gif,C:\Users\zhang\Desktop\vessel\mask\21_training_mask.gif,256,437,128,64,0.826477,560,463,5,25,11,3,0.826785699521684,0.60255797414046,0.60255797414046,0.04546436186902027,0.6573478017072312,1.0,1.0,1.0,0.9223036766052246,1.0,0.49534928798675537,0.16199851036071777,0.972388744354248,-0.04749953746795654,0.20949804782867432,1.0
21,21_y320_x64.png,C:\Users\zhang\Desktop\vessel\images\21_training.tif,C:\Users\zhang\Desktop\vessel\1st_manual\21_manual1.gif,C:\Users\zhang\Desktop\vessel\mask\21_training_mask.gif,320,64,128,64,1.0,2388,575,11,12,4,4,0.24078726867342012,0.21574607224842562,0.21574607224842562,0.02939130383667298,0.22842818897047018,0.08969401568174362,0.10783364623785019,0.10783364623785019,0.4848760962486267,0.10866667330265045,0.2745601534843445,-0.04613196849822998,0.38989096879959106,0.017021436244249344,-0.06315340101718903,0.31051942706108093
21,21_y320_x128.png,C:\Users\zhang\Desktop\vessel\images\21_training.tif,C:\Users\zhang\Desktop\vessel\1st_manual\21_manual1.gif,C:\Users\zhang\Desktop\vessel\mask\21_training_mask.gif,320,128,128,64,1.0,2160,584,10,11,3,5,0.2703703691186557,0.23930848718225042,0.23930848718225042,0.025256848882588206,0.2513968437764162,0.14056648313999176,0.16699714958667755,0.16699714958667755,0.3723570704460144,0.16294817626476288,0.2898447513580322,-0.03844791650772095,0.41139644384384155,0.017021436244249344,-0.05546935275197029,0.3334413766860962
21,21_y320_x192.png,C:\Users\zhang\Desktop\vessel\images\21_training.tif,C:\Users\zhang\Desktop\vessel\1st_manual\21_manual1.gif,C:\Users\zhang\Desktop\vessel\mask\21_training_mask.gif,320,192,128,64,1.0,1558,586,7,14,4,6,0.3761232325024183,0.31927029400569296,0.31927029400569296,0.023208190730235653,0.334089665761258,0.3224240243434906,0.3677753508090973,0.3677753508090973,0.31660300493240356,0.35837501287460327,0.3396018147468567,-0.005512148141860962,0.5035742521286011,0.017021436244249344,-0.022533584386110306,0.4316904842853546
21,21_y320_x256.png,C:\Users\zhang\Desktop\vessel\images\21_training.tif,C:\Users\zhang\Desktop\vessel\1st_manual\21_manual1.gif,C:\Users\zhang\Desktop\vessel\mask\21_training_mask.gif,320,256,128,64,1.0,1598,650,7,15,3,9,0.406758445514653,0.34128808287793805,0.34128808287793805,0.02023076891952663,0.3550971235573217,0.3751057982444763,0.42306044697761536,0.42306044697761536,0.23557256162166595,0.40802162885665894,0.3357413709163666,0.019355744123458862,0.573172390460968,0.017021436244249344,0.0023343078792095184,0.5058727264404297
21,21_y320_x320.png,C:\Users\zhang\Desktop\vessel\images\21_training.tif,C:\Users\zhang\Desktop\vessel\1st_manual\21_manual1.gif,C:\Users\zhang\Desktop\vessel\mask\21_training_mask.gif,320,320,128,64,1.0,1471,650,9,25,8,9,0.4418762716391824,0.36594523187990563,0.36594523187990563,0.03484615331005918,0.3914487991862503,0.4354960024356842,0.48497268557548523,0.48497268557548523,0.6333295702934265,0.4939310550689697,0.3483520448207855,0.04309675097465515,0.6396166682243347,0.017021436244249344,0.026075314730405807,0.5766934156417847
21,21_y320_x384.png,C:\Users\zhang\Desktop\vessel\images\21_training.tif,C:\Users\zhang\Desktop\vessel\1st_manual\21_manual1.gif,C:\Users\zhang\Desktop\vessel\mask\21_training_mask.gif,320,384,128,64,0.99469,882,578,9,19,5,9,0.6553287907559094,0.5039996542070374,0.5039996542070374,0.03140138353976845,0.535652227098369,0.802558958530426,0.8316172957420349,0.8316172957420349,0.5395803451538086,0.8347250819206238,0.42622771859169006,0.10942450165748596,0.8252491354942322,0.012793491594493389,0.0966310128569603,0.7871647477149963
21,21_y384_x64.png,C:\Users\zhang\Desktop\vessel\images\21_training.tif,C:\Users\zhang\Desktop\vessel\1st_manual\21_manual1.gif,C:\Users\zhang\Desktop\vessel\mask\21_training_mask.gif,384,64,128,64,0.92749,1292,429,11,12,2,8,0.3320433410832559,0.2867141099396294,0.2867141099396294,0.03566433483299919,0.307165045976094,0.2466222196817398,0.2860291600227356,0.2860291600227356,0.6555963754653931,0.29474446177482605,0.3681095540523529,-0.06094449758529663,0.3484349250793457,-0.028419185429811478,-0.03252531215548515,0.40188461542129517
21,21_y384_x128.png,C:\Users\zhang\Desktop\vessel\images\21_training.tif,C:\Users\zhang\Desktop\vessel\1st_manual\21_manual1.gif,C:\Users\zhang\Desktop\vessel\mask\21_training_mask.gif,384,128,128,64,1.0,2470,624,16,13,1,11,0.2526315779245685,0.22524660069446759,0.22524660069446759,0.03181089692610742,0.23957719348976314,0.11006204038858414,0.13168875873088837,0.13168875873088837,0.5507252812385559,0.13501496613025665,0.26941752433776855,-0.029840335249900818,0.4354865849018097,0.017021436244249344,-0.04686177149415016,0.3591182231903076
21,21_y384_x192.png,C:\Users\zhang\Desktop\vessel\images\21_training.tif,C:\Users\zhang\Desktop\vessel\1st_manual\21_manual1.gif,C:\Users\zhang\Desktop\vessel\mask\21_training_mask.gif,384,192,128,64,1.0,2476,644,12,11,2,7,0.2600969294826457,0.23118864616539733,0.23118864616539733,0.024767080360759624,0.24264038172154456,0.12289982289075851,0.14660879969596863,0.14660879969596863,0.35902807116508484,0.14225414395332336,0.26904794573783875,-0.026407569646835327,0.44509392976760864,0.017021436244249344,-0.04342900589108467,0.3693583607673645
21,21_y384_x256.png,C:\Users\zhang\Desktop\vessel\images\21_training.tif,C:\Users\zhang\Desktop\vessel\1st_manual\21_manual1.gif,C:\Users\zhang\Desktop\vessel\mask\21_training_mask.gif,384,256,128,64,1.0,2017,650,9,17,4,9,0.3222607817438732,0.27934298501947563,0.27934298501947563,0.025615384221301784,0.2936539408010741,0.22979964315891266,0.26752081513404846,0.26752081513404846,0.3821146488189697,0.2628138065338135,0.3002775013446808,-0.006623566150665283,0.5004637241363525,0.017021436244249344,-0.023645002394914627,0.4283750653266907
21,21_y384_x320.png,C:\Users\zhang\Desktop\vessel\images\21_training.tif,C:\Users\zhang\Desktop\vessel\1st_manual\21_manual1.gif,C:\Users\zhang\Desktop\vessel\mask\21_training_mask.gif,384,320,128,64,0.998901,1922,632,12,21,5,11,0.3288241398084072,0.28429444577476,0.28429444577476,0.03457278426308885,0.30395214685669036,0.24108630418777466,0.27995359897613525,0.27995359897613525,0.6258898377418518,0.2871514558792114,0.30762550234794617,-0.003673344850540161,0.5087205171585083,0.0161347184330225,-0.01980806328356266,0.4398208260536194
21,21_y384_x384.png,C:\Users\zhang\Desktop\vessel\images\21_training.tif,C:\Users\zhang\Desktop\vessel\1st_manual\21_manual1.gif,C:\Users\zhang\Desktop\vessel\mask\21_training_mask.gif,384,384,128,64,0.848389,1459,523,11,11,1,9,0.3584646993936621,0.3063551645585468,0.3063551645585468,0.02705544881347134,0.3229323175054595,0.292057603597641,0.3353464603424072,0.3353464603424072,0.42130589485168457,0.33200696110725403,0.3495993912220001,-0.026667088270187378,0.4443676173686981,-0.04773351922631264,0.02106643095612526,0.5617516040802002
21,21_y448_x192.png,C:\Users\zhang\Desktop\vessel\images\21_training.tif,C:\Users\zhang\Desktop\vessel\1st_manual\21_manual1.gif,C:\Users\zhang\Desktop\vessel\mask\21_training_mask.gif,448,192,128,64,0.901001,2289,612,12,12,1,10,0.267365660693029,0.23694046324720452,0.23694046324720452,0.025326796971784367,0.24894234926132952,0.1353994607925415,0.1610511839389801,0.1610511839389801,0.3742607533931732,0.15714751183986664,0.2810094654560089,-0.03206712007522583,0.4292544722557068,-0.03840317949652672,0.006336059421300888,0.5178101658821106
21,21_y448_x256.png,C:\Users\zhang\Desktop\vessel\images\21_training.tif,C:\Users\zhang\Desktop\vessel\1st_manual\21_manual1.gif,C:\Users\zhang\Desktop\vessel\mask\21_training_mask.gif,448,256,128,64,0.881836,2019,585,8,17,5,7,0.28974739826771967,0.2544463839029211,0.2544463839029211,0.02811965763898021,0.26875627430857446,0.17388811707496643,0.20500729978084564,0.20500729978084564,0.45026829838752747,0.20397348701953888,0.3001265525817871,-0.03137028217315674,0.4312047064304352,-0.043419186025857925,0.012048903852701187,0.5348518490791321
21,21_y456_x192.png,C:\Users\zhang\Desktop\vessel\images\21_training.tif,C:\Users\zhang\Desktop\vessel\1st_manual\21_manual1.gif,C:\Users\zhang\Desktop\vessel\mask\21_training_mask.gif,456,192,128,64,0.838501,1915,548,8,12,2,8,0.28616187840124346,0.2516624953439488,0.2516624953439488,0.02244525506486761,0.2629597531404608,0.16772229969501495,0.19801713526248932,0.19801713526248932,0.29583972692489624,0.19027464091777802,0.30818119645118713,-0.04522144794464111,0.39243924617767334,-0.04792789742350578,0.00270644947886467,0.5069828629493713
21,21_y456_x256.png,C:\Users\zhang\Desktop\vessel\images\21_training.tif,C:\Users\zhang\Desktop\vessel\1st_manual\21_manual1.gif,C:\Users\zhang\Desktop\vessel\mask\21_training_mask.gif,456,256,128,64,0.819336,1694,520,8,13,3,7,0.3069657596991396,0.2677082366701066,0.2677082366701066,0.025865384117973386,0.2815569894161419,0.20349764823913574,0.23830683529376984,0.23830683529376984,0.38891834020614624,0.23422525823116302,0.326856791973114,-0.045299798250198364,0.39221999049186707,-0.04689985513687134,0.0016000568866729736,0.5036824345588684
22,22_y64_x64.png,C:\Users\zhang\Desktop\vessel\images\22_training.tif,C:\Users\zhang\Desktop\vessel\1st_manual\22_manual1.gif,C:\Users\zhang\Desktop\vessel\mask\22_training_mask.gif,64,64,128,64,0.817383,1404,449,7,13,3,7,0.31980056752278796,0.2774806399737503,0.2774806399737503,0.027728284460394558,0.2928687642086392,0.225568950176239,0.26284459233283997,0.26284459233283997,0.4396170973777771,0.2609582245349884,0.3554507791996002,-0.06258201599121094,0.3438519835472107,-0.046691037714481354,-0.015890978276729584,0.4515056908130646
22,22_y64_x128.png,C:\Users\zhang\Desktop\vessel\images\22_training.tif,C:\Users\zhang\Desktop\vessel\1st_manual\22_manual1.gif,C:\Users\zhang\Desktop\vessel\mask\22_training_mask.gif,64,128,128,64,0.98822,2186,782,18,17,2,13,0.35773101391705847,0.305814934345494,0.305814934345494,0.030754475310045076,0.3246252900410371,0.2907959222793579,0.3339899182319641,0.3339899182319641,0.5219747424125671,0.3360079526901245,0.2880222797393799,0.03660300374031067,0.6214425563812256,0.00783419981598854,0.02876880392432213,0.5847282409667969
22,22_y64_x192.png,C:\Users\zhang\Desktop\vessel\images\22_training.tif,C:\Users\zhang\Desktop\vessel\1st_manual\22_manual1.gif,C:\Users\zhang\Desktop\vessel\mask\22_training_mask.gif,64,192,128,64,1.0,2402,817,19,18,3,12,0.34013322089869596,0.2927690276022368,0.2927690276022368,0.03206854305913656,0.3115463799383245,0.2605339288711548,0.30123260617256165,0.30123260617256165,0.5577370524406433,0.3050987720489502,0.2736697494983673,0.037876635789871216,0.6250070929527283,0.017021436244249344,0.020855199545621872,0.5611215233802795
22,22_y64_x256.png,C:\Users\zhang\Desktop\vessel\images\22_training.tif,C:\Users\zhang\Desktop\vessel\1st_manual\22_manual1.gif,C:\Users\zhang\Desktop\vessel\mask\22_training_mask.gif,64,256,128,64,1.0,2502,721,15,16,1,14,0.2881694632767008,0.25322218989447814,0.25322218989447814,0.02760055440221145,0.26720033555053746,0.17117466032505035,0.20193344354629517,0.20193344354629517,0.4361409544944763,0.2002963274717331,0.2674567997455597,-0.00025647878646850586,0.5182833671569824,0.017021436244249344,-0.01727791503071785,0.44736844301223755
22,22_y64_x320.png,C:\Users\zhang\Desktop\vessel\images\22_training.tif,C:\Users\zhang\Desktop\vessel\1st_manual\22_manual1.gif,C:\Users\zhang\Desktop\vessel\mask\22_training_mask.gif,64,320,128,64,0.976257,2713,729,19,14,1,12,0.26870622827605517,0.2379976633318841,0.2379976633318841,0.03182441657305327,0.2531459368944584,0.1377047598361969,0.1637057662010193,0.1637057662010193,0.5510931611061096,0.1670817881822586,0.25512388348579407,-0.00197795033454895,0.5134654641151428,-0.0007790917297825217,-0.0011988586047664285,0.49533310532569885
22,22_y128_x64.png,C:\Users\zhang\Desktop\vessel\images\22_training.tif,C:\Users\zhang\Desktop\vessel\1st_manual\22_manual1.gif,C:\Users\zhang\Desktop\vessel\mask\22_training_mask.gif,128,64,128,64,0.995056,2169,753,15,20,3,14,0.3471645903772955,0.29800208029566433,0.29800208029566433,0.030411686183111738,0.3161275717913968,0.2726254463195801,0.3143724799156189,0.3143724799156189,0.5126457810401917,0.3159254193305969,0.2892114222049713,0.026916146278381348,0.5943318009376526,0.013080323114991188,0.01383582316339016,0.54018235206604
22,22_y128_x128.png,C:\Users\zhang\Desktop\vessel\images\22_training.tif,C:\Users\zhang\Desktop\vessel\1st_manual\22_manual1.gif,C:\Users\zhang\Desktop\vessel\mask\22_training_mask.gif,128,128,128,64,1.0,2645,860,19,20,2,16,0.3251417757083486,0.2815194542486394,0.2815194542486394,0.03034883685640887,0.2986070302264338,0.23475398123264313,0.2729857563972473,0.2729857563972473,0.510935366153717,0.2745193541049957,0.2589905261993408,0.03961649537086487,0.629876434803009,0.017021436244249344,0.022595059126615524,0.5663115978240967
22,22_y128_x192.png,C:\Users\zhang\Desktop\vessel\images\22_training.tif,C:\Users\zhang\Desktop\vessel\1st_manual\22_manual1.gif,C:\Users\zhang\Desktop\vessel\mask\22_training_mask.gif,128,192,128,64,1.0,2765,883,21,20,2,16,0.31934900426998547,0.27713843636237834,0.27713843636237834,0.03182332919792379,0.29477737174989393,0.22479242086410522,0.2619853913784027,0.2619853913784027,0.551063597202301,0.2654687762260437,0.2522318661212921,0.04254549741744995,0.6380738615989685,0.017021436244249344,0.025524061173200607,0.5750489830970764
22,22_y128_x256.png,C:\Users\zhang\Desktop\vessel\images\22_training.tif,C:\Users\zhang\Desktop\vessel\1st_manual\22_manual1.gif,C:\Users\zhang\Desktop\vessel\mask\22_training_mask.gif,128,256,128,64,1.0,2701,858,19,22,3,16,0.3176601247032205,0.2758575308250226,0.2758575308250226,0.03216783179291571,0.2936050081257994,0.22188815474510193,0.25876912474632263,0.25876912474632263,0.5604392290115356,0.26269814372062683,0.25579914450645447,0.03780585527420044,0.6248089671134949,0.017021436244249344,0.020784419029951096,0.5609104037284851
22,22_y128_x320.png,C:\Users\zhang\Desktop\vessel\images\22_training.tif,C:\Users\zhang\Desktop\vessel\1st_manual\22_manual1.gif,C:\Users\zhang\Desktop\vessel\mask\22_training_mask.gif,128,320,128,64,1.0,3046,847,21,21,4,13,0.27806959856182006,0.24535081344106757,0.24535081344106757,0.03547815778656248,0.26276000318571485,0.1538064330816269,0.18216896057128906,0.18216896057128906,0.6505295038223267,0.1898026168346405,0.2374880164861679,0.02527199685573578,0.5897302627563477,0.017021436244249344,0.008250560611486435,0.5235212445259094
22,22_y128_x384.png,C:\Users\zhang\Desktop\vessel\images\22_training.tif,C:\Users\zhang\Desktop\vessel\1st_manual\22_manual1.gif,C:\Users\zhang\Desktop\vessel\mask\22_training_mask.gif,128,384,128,64,0.981506,3630,848,16,21,3,15,0.23360881478344678,0.20994386937812254,0.20994386937812254,0.028596697775982338,0.22195127214317553,0.07734961062669754,0.09326475113630295,0.09326475113630295,0.46325093507766724,0.09335988014936447,0.21076756715774536,0.011183708906173706,0.550301194190979,0.0029112352058291435,0.008272473700344563,0.5235865712165833
22,22_y192_x0.png,C:\Users\zhang\Desktop\vessel\images\22_training.tif,C:\Users\zhang\Desktop\vessel\1st_manual\22_manual1.gif,C:\Users\zhang\Desktop\vessel\mask\22_training_mask.gif,192,0,128,64,0.850525,1042,554,12,17,4,9,0.5316698605405964,0.4263585523651771,0.4263585523651771,0.03546931343918207,0.45660384262780984,0.5899093151092529,0.6366661190986633,0.6366661190986633,0.6502888202667236,0.6479111313819885,0.40085116028785706,0.055752694606781006,0.6750370264053345,-0.04762673005461693,0.10337942838668823,0.8072956204414368
22,22_y192_x64.png,C:\Users\zhang\Desktop\vessel\images\22_training.tif,C:\Users\zhang\Desktop\vessel\1st_manual\22_manual1.gif,C:\Users\zhang\Desktop\vessel\mask\22_training_mask.gif,192,64,128,64,1.0,1762,843,17,30,9,12,0.4784335954685948,0.3909831458547452,0.3909831458547452,0.03938315493021169,0.42177944547134316,0.4983617663383484,0.5478410720825195,0.5478410720825195,0.7568038702011108,0.5656111240386963,0.32086294889450073,0.10091650485992432,0.8014376163482666,0.017021436244249344,0.08389507234096527,0.7491727471351624
22,22_y192_x128.png,C:\Users\zhang\Desktop\vessel\images\22_training.tif,C:\Users\zhang\Desktop\vessel\1st_manual\22_manual1.gif,C:\Users\zhang\Desktop\vessel\mask\22_training_mask.gif,192,128,128,64,1.0,1817,778,12,22,4,14,0.428178313548826,0.35639972555380506,0.35639972555380506,0.02750642638166547,0.3760062911805881,0.41194039583206177,0.4610046148300171,0.4610046148300171,0.4335792362689972,0.4574360251426697,0.3161817193031311,0.059824585914611816,0.6864331364631653,0.017021436244249344,0.04280314967036247,0.6265934109687805
22,22_y192_x192.png,C:\Users\zhang\Desktop\vessel\images\22_training.tif,C:\Users\zhang\Desktop\vessel\1st_manual\22_manual1.gif,C:\Users\zhang\Desktop\vessel\mask\22_training_mask.gif,192,192,128,64,1.0,1658,668,10,23,8,7,0.40289505185226143,0.3385379956512325,0.3385379956512325,0.03435628691083403,0.36179981266885736,0.36846214532852173,0.4161551296710968,0.4161551296710968,0.6199979186058044,0.4238620102405548,0.33012810349464417,0.03167170286178589,0.6076412200927734,0.017021436244249344,0.014650266617536545,0.5426118969917297
22,22_y192_x256.png,C:\Users\zhang\Desktop\vessel\images\22_training.tif,C:\Users\zhang\Desktop\vessel\1st_manual\22_manual1.gif,C:\Users\zhang\Desktop\vessel\mask\22_training_mask.gif,192,256,128,64,1.0,1620,700,14,27,8,11,0.43209876276482245,0.3591410345714312,0.3591410345714312,0.04049999942142858,0.38823145795613967,0.41868218779563904,0.46788784861564636,0.46788784861564636,0.7871987819671631,0.48632755875587463,0.3336590826511383,0.05457237362861633,0.6717336773872375,0.017021436244249344,0.03755093738436699,0.6109257936477661
22,22_y192_x320.png,C:\Users\zhang\Desktop\vessel\images\22_training.tif,C:\Users\zhang\Desktop\vessel\1st_manual\22_manual1.gif,C:\Users\zhang\Desktop\vessel\mask\22_training_mask.gif,192,320,128,64,1.0,1940,769,11,28,9,10,0.39639175053406317,0.3338915885644812,0.3338915885644812,0.03446033765331161,0.3569036223275464,0.3572787344455719,0.40448838472366333,0.40448838472366333,0.6228295564651489,0.41229090094566345,0.30620577931404114,0.05069783329963684,0.6608899235725403,0.017021436244249344,0.0336763970553875,0.5993678569793701
22,22_y192_x384.png,C:\Users\zhang\Desktop\vessel\images\22_training.tif,C:\Users\zhang\Desktop\vessel\1st_manual\22_manual1.gif,C:\Users\zhang\Desktop\vessel\mask\22_training_mask.gif,192,384,128,64,1.0,3749,992,23,22,2,18,0.2646038936660339,0.23475894560808797,0.23475894560808797,0.031048386783786422,0.24933671869647556,0.13065017759799957,0.15557356178760529,0.15557356178760529,0.529973566532135,0.15807951986789703,0.20585355162620544,0.04348316788673401,0.6406981348991394,0.017021436244249344,0.026461731642484665,0.577846109867096
22,22_y192_x437.png,C:\Users\zhang\Desktop\vessel\images\22_training.tif,C:\Users\zhang\Desktop\vessel\1st_manual\22_manual1.gif,C:\Users\zhang\Desktop\vessel\mask\22_training_mask.gif,192,437,128,64,0.855896,3422,832,23,21,2,17,0.2431326702421605,0.21763454073650473,0.21763454073650473,0.036598557252421185,0.23356476113500346,0.09372726827859879,0.1125754565000534,0.1125754565000534,0.6810211539268494,0.12080588191747665,0.21975675225257874,0.013808012008666992,0.557645857334137,-0.04725648835301399,0.061064500361680984,0.681067943572998
22,22_y256_x0.png,C:\Users\zhang\Desktop\vessel\images\22_training.tif,C:\Users\zhang\Desktop\vessel\1st_manual\22_manual1.gif,C:\Users\zhang\Desktop\vessel\mask\22_training_mask.gif,256,0,128,64,0.873169,712,490,6,23,9,5,0.6882022375252494,0.5236641979577009,0.5236641979577009,0.040306121626405685,0.5658779436662554,0.859089732170105,0.8809934854507446,0.8809934854507446,0.7819223403930664,0.9061570167541504,0.45881387591362,0.10706403851509094,0.8186429142951965,-0.04507899284362793,0.15214303135871887,0.9527600407600403
22,22_y256_x64.png,C:\Users\zhang\Desktop\vessel\images\22_training.tif,C:\Users\zhang\Desktop\vessel\1st_manual\22_manual1.gif,C:\Users\zhang\Desktop\vessel\mask\22_training_mask.gif,256,64,128,64,1.0,1279,751,14,31,9,13,0.5871774778172206,0.4619572675644904,0.4619572675644904,0.040679093998946814,0.4995412737859954,0.6853627562522888,0.726051926612854,0.726051926612854,0.7920727729797363,0.7493845820426941,0.36964941024780273,0.12989187240600586,0.8825314044952393,0.017021436244249344,0.11287043988704681,0.8356077671051025
22,22_y256_x128.png,C:\Users\zhang\Desktop\vessel\images\22_training.tif,C:\Users\zhang\Desktop\vessel\1st_manual\22_manual1.gif,C:\Users\zhang\Desktop\vessel\mask\22_training_mask.gif,256,128,128,64,1.0,1336,792,12,32,10,12,0.5928143668202518,0.4655024935791622,0.4655024935791622,0.03749999952651516,0.5004151801567827,0.6950562596321106,0.734953761100769,0.734953761100769,0.7055538296699524,0.7514498829841614,0.36301034688949585,0.13740485906600952,0.9035581350326538,0.017021436244249344,0.12038342654705048,0.8580194115638733
22,22_y256_x192.png,C:\Users\zhang\Desktop\vessel\images\22_training.tif,C:\Users\zhang\Desktop\vessel\1st_manual\22_manual1.gif,C:\Users\zhang\Desktop\vessel\mask\22_training_mask.gif,256,192,128,64,1.0,988,607,5,38,17,4,0.6143724634172828,0.47894631361921214,0.47894631361921214,0.05008237149781925,0.526919848031589,0.7321286201477051,0.768710196018219,0.768710196018219,0.9999997019767761,0.8140879273414612,0.40895217657089233,0.11796766519546509,0.8491589426994324,0.017021436244249344,0.10094623267650604,0.8000372052192688
22,22_y256_x256.png,C:\Users\zhang\Desktop\vessel\images\22_training.tif,C:\Users\zhang\Desktop\vessel\1st_manual\22_manual1.gif,C:\Users\zhang\Desktop\vessel\mask\22_training_mask.gif,256,256,128,64,1.0,1129,585,5,27,12,3,0.5181576570579481,0.4174975319849729,0.4174975319849729,0.038547007888085336,0.4496840933023347,0.5666730999946594,0.614416778087616,0.614416778087616,0.7340481877326965,0.6315577030181885,0.3886427879333496,0.061041295528411865,0.6898383498191833,0.017021436244249344,0.04401985928416252,0.6302229166030884
22,22_y256_x320.png,C:\Users\zhang\Desktop\vessel\images\22_training.tif,C:\Users\zhang\Desktop\vessel\1st_manual\22_manual1.gif,C:\Users\zhang\Desktop\vessel\mask\22_training_mask.gif,256,320,128,64,1.0,1705,682,5,21,8,5,0.39999999765395894,0.3364722349454693,0.3364722349454693,0.025293254761095972,0.3534931908624915,0.3634836673736572,0.41096821427345276,0.41096821427345276,0.3733479082584381,0.40423107147216797,0.325871080160141,0.027622103691101074,0.5963075757026672,0.017021436244249344,0.01060066744685173,0.5305317044258118
22,22_y256_x384.png,C:\Users\zhang\Desktop\vessel\images\22_training.tif,C:\Users\zhang\Desktop\vessel\1st_manual\22_manual1.gif,C:\Users\zhang\Desktop\vessel\mask\22_training_mask.gif,256,384,128,64,1.0,3432,836,18,18,2,14,0.24358974287998325,0.21800215124305597,0.21800215124305597,0.029186602521691356,0.23072763551746542,0.09451328217983246,0.1134985014796257,0.1134985014796257,0.4793051779270172,0.11410094797611237,0.21931222081184387,0.011415421962738037,0.5509496927261353,0.017021436244249344,-0.005606014281511307,0.48218631744384766
22,22_y256_x437.png,C:\Users\zhang\Desktop\vessel\images\22_training.tif,C:\Users\zhang\Desktop\vessel\1st_manual\22_manual1.gif,C:\Users\zhang\Desktop\vessel\mask\22_training_mask.gif,256,437,128,64,0.877991,3197,723,18,18,2,14,0.2261495144630919,0.20387878314775473,0.20387878314775473,0.03374827062588838,0.2176398958448492,0.06452225148677826,0.07803576439619064,0.07803576439619064,0.6034507155418396,0.08317084610462189,0.230117529630661,-0.012477636337280273,0.48407983779907227,-0.04420231282711029,0.03172467648983002,0.5935457348823547
22,22_y320_x64.png,C:\Users\zhang\Desktop\vessel\images\22_training.tif,C:\Users\zhang\Desktop\vessel\1st_manual\22_manual1.gif,C:\Users\zhang\Desktop\vessel\mask\22_training_mask.gif,320,64,128,64,1.0,1617,697,13,14,1,12,0.43104514266515065,0.3584050463137443,0.3584050463137443,0.02467718759430147,0.37609390343900145,0.4168703258037567,0.46603986620903015,0.46603986620903015,0.3565816283226013,0.4576430320739746,0.33394137024879456,0.0421525239944458,0.636974036693573,0.017021436244249344,0.025131087750196457,0.5738767385482788
22,22_y320_x128.png,C:\Users\zhang\Desktop\vessel\images\22_training.tif,C:\Users\zhang\Desktop\vessel\1st_manual\22_manual1.gif,C:\Users\zhang\Desktop\vessel\mask\22_training_mask.gif,320,128,128,64,1.0,1918,820,17,18,3,12,0.4275286734748244,0.35594474884354727,0.35594474884354727,0.029512194762046404,0.37695417034834416,0.410823255777359,0.45986223220825195,0.45986223220825195,0.4881661534309387,0.4596761167049408,0.30794277787208557,0.069011390209198,0.7121443152427673,0.017021436244249344,0.051989953964948654,0.6539981365203857
22,22_y320_x192.png,C:\Users\zhang\Desktop\vessel\images\22_training.tif,C:\Users\zhang\Desktop\vessel\1st_manual\22_manual1.gif,C:\Users\zhang\Desktop\vessel\mask\22_training_mask.gif,320,192,128,64,1.0,1933,733,11,21,5,11,0.37920330895394044,0.3215060201079551,0.3215060201079551,0.02844474722449185,0.3397963350542014,0.3277207016944885,0.3733891248703003,0.3733891248703003,0.459115594625473,0.3718615174293518,0.30675631761550903,0.033040016889572144,0.6114707589149475,0.017021436244249344,0.0160185806453228,0.5466936230659485
22,22_y320_x256.png,C:\Users\zhang\Desktop\vessel\images\22_training.tif,C:\Users\zhang\Desktop\vessel\1st_manual\22_manual1.gif,C:\Users\zhang\Desktop\vessel\mask\22_training_mask.gif,320,256,128,64,1.0,1796,710,9,22,7,8,0.3953229376652398,0.333125885016363,0.333125885016363,0.029295774235270786,0.35264424645509124,0.35544076561927795,0.40256574749946594,0.40256574749946594,0.4822762608528137,0.4022247791290283,0.31795215606689453,0.034692078828811646,0.6160944104194641,0.017021436244249344,0.0176706425845623,0.5516217947006226
22,22_y320_x320.png,C:\Users\zhang\Desktop\vessel\images\22_training.tif,C:\Users\zhang\Desktop\vessel\1st_manual\22_manual1.gif,C:\Users\zhang\Desktop\vessel\mask\22_training_mask.gif,320,320,128,64,1.0,2420,745,12,18,4,10,0.3078512383973089,0.2683855144548707,0.2683855144548707,0.026845637223548494,0.28279547476909245,0.20502032339572906,0.24000738561153412,0.24000738561153412,0.4155959188938141,0.23715217411518097,0.27253258228302,0.010262906551361084,0.5477241277694702,0.017021436244249344,-0.00675852969288826,0.4787483215332031
22,22_y320_x384.png,C:\Users\zhang\Desktop\vessel\images\22_training.tif,C:\Users\zhang\Desktop\vessel\1st_manual\22_manual1.gif,C:\Users\zhang\Desktop\vessel\mask\22_training_mask.gif,320,384,128,64,0.999146,3497,687,11,17,4,9,0.19645410295552157,0.1793622682118464,0.1793622682118464,0.027147015616491767,0.18910056880415915,0.013456648215651512,0.016476575285196304,0.016476575285196304,0.4237979054450989,0.015724238008260727,0.21645399928092957,-0.027353435754776,0.4424467086791992,0.016331849619746208,-0.04368528723716736,0.36859384179115295
22,22_y384_x64.png,C:\Users\zhang\Desktop\vessel\images\22_training.tif,C:\Users\zhang\Desktop\vessel\1st_manual\22_manual1.gif,C:\Users\zhang\Desktop\vessel\mask\22_training_mask.gif,384,64,128,64,0.917847,1663,541,8,16,4,8,0.32531569257176374,0.2816506896038534,0.2816506896038534,0.028280960660241022,0.2975813937490861,0.23505301773548126,0.27331531047821045,0.27331531047821045,0.4546581506729126,0.27209553122520447,0.3296695351600647,-0.032088130712509155,0.42919567227363586,-0.03246358782052994,0.00037545710802078247,0.5000293254852295
22,22_y384_x128.png,C:\Users\zhang\Desktop\vessel\images\22_training.tif,C:\Users\zhang\Desktop\vessel\1st_manual\22_manual1.gif,C:\Users\zhang\Desktop\vessel\mask\22_training_mask.gif,384,128,128,64,1.0,2373,757,15,20,3,14,0.31900547695320064,0.27687802607924844,0.27687802607924844,0.03025099035335548,0.29362969507120734,0.22420170903205872,0.2613314986228943,0.2613314986228943,0.5082724690437317,0.2627565264701843,0.2755199372768402,0.018109768629074097,0.5696852803230286,0.017021436244249344,0.0010883323848247528,0.5021559000015259
22,22_y384_x192.png,C:\Users\zhang\Desktop\vessel\images\22_training.tif,C:\Users\zhang\Desktop\vessel\1st_manual\22_manual1.gif,C:\Users\zhang\Desktop\vessel\mask\22_training_mask.gif,384,192,128,64,1.0,2924,819,17,20,3,14,0.2800957582760063,0.24693488628644095,0.24693488628644095,0.030402930031710258,0.26194997442675094,0.1572907269001007,0.18614648282527924,0.18614648282527924,0.5124074816703796,0.18788829445838928,0.243714839220047,0.01823514699935913,0.5700361728668213,0.017021436244249344,0.001213710755109787,0.5025299191474915
22,22_y384_x256.png,C:\Users\zhang\Desktop\vessel\images\22_training.tif,C:\Users\zhang\Desktop\vessel\1st_manual\22_manual1.gif,C:\Users\zhang\Desktop\vessel\mask\22_training_mask.gif,384,256,128,64,1.0,3079,849,17,25,6,13,0.27573887536297864,0.24352552084787327,0.24352552084787327,0.03421672515645789,0.26019081247874315,0.1497984081506729,0.17758579552173615,0.17758579552173615,0.6161996722221375,0.1837308555841446,0.23584651947021484,0.024344295263290405,0.5871338844299316,0.017021436244249344,0.007322859019041061,0.5207538604736328
22,22_y384_x320.png,C:\Users\zhang\Desktop\vessel\images\22_training.tif,C:\Users\zhang\Desktop\vessel\1st_manual\22_manual1.gif,C:\Users\zhang\Desktop\vessel\mask\22_training_mask.gif,384,320,128,64,1.0,2888,826,14,24,5,14,0.2860110793420669,0.25154524112984517,0.25154524112984517,0.030145278085408254,0.2667110436196857,0.16746297478675842,0.19772274792194366,0.19772274792194366,0.5053954720497131,0.1991400569677353,0.24560196697711945,0.021109089255332947,0.5780795216560364,0.017021436244249344,0.004087653011083603,0.5111030340194702
22,22_y384_x384.png,C:\Users\zhang\Desktop\vessel\images\22_training.tif,C:\Users\zhang\Desktop\vessel\1st_manual\22_manual1.gif,C:\Users\zhang\Desktop\vessel\mask\22_training_mask.gif,384,384,128,64,0.877319,2437,556,9,14,2,10,0.22814936303590738,0.20550845346521615,0.20550845346521615,0.025179855662232815,0.2158577998564618,0.06796129792928696,0.08212773501873016,0.08212773501873016,0.3702617287635803,0.07895926386117935,0.27146628499031067,-0.05560848116874695,0.3633689284324646,-0.04433153197169304,-0.01127694919705391,0.46526962518692017
22,22_y448_x192.png,C:\Users\zhang\Desktop\vessel\images\22_training.tif,C:\Users\zhang\Desktop\vessel\1st_manual\22_manual1.gif,C:\Users\zhang\Desktop\vessel\mask\22_training_mask.gif,448,192,128,64,0.900513,2081,617,13,17,2,13,0.29649206969489633,0.25966220927513395,0.25966220927513395,0.030875202092784406,0.2756964556495912,0.1854865849018097,0.21810384094715118,0.21810384094715118,0.525260329246521,0.22037513554096222,0.29551979899406433,-0.019823342561721802,0.4635213017463684,-0.03855389356613159,0.01873055100440979,0.5547835826873779
22,22_y448_x256.png,C:\Users\zhang\Desktop\vessel\images\22_training.tif,C:\Users\zhang\Desktop\vessel\1st_manual\22_manual1.gif,C:\Users\zhang\Desktop\vessel\mask\22_training_mask.gif,448,256,128,64,0.890625,2485,652,13,16,2,12,0.262374244417005,0.23299426882356317,0.23299426882356317,0.028680981155199674,0.24635927729035945,0.1268160045146942,0.15114261209964752,0.15114261209964752,0.465544730424881,0.15104296803474426,0.2684952914714813,-0.022136017680168152,0.45704877376556396,-0.04134894162416458,0.01921292394399643,0.5562225580215454
22,22_y456_x192.png,C:\Users\zhang\Desktop\vessel\images\22_training.tif,C:\Users\zhang\Desktop\vessel\1st_manual\22_manual1.gif,C:\Users\zhang\Desktop\vessel\mask\22_training_mask.gif,456,192,128,64,0.838013,1826,567,10,14,3,8,0.3105147847178818,0.2704200254558633,0.2704200254558633,0.027865960707831386,0.285491053063791,0.20960068702697754,0.24511590600013733,0.24511590600013733,0.4433639645576477,0.24352256953716278,0.3154292106628418,-0.029938161373138428,0.4352128207683563,-0.0479247123003006,0.01798655092716217,0.5525642037391663
22,22_y456_x256.png,C:\Users\zhang\Desktop\vessel\images\22_training.tif,C:\Users\zhang\Desktop\vessel\1st_manual\22_manual1.gif,C:\Users\zhang\Desktop\vessel\mask\22_training_mask.gif,456,256,128,64,0.828125,1948,585,10,13,2,9,0.30030800667193014,0.26260116461361244,0.26260116461361244,0.02504273461465411,0.275753667163448,0.19204866886138916,0.22548334300518036,0.22548334300518036,0.36653000116348267,0.2205103635787964,0.3055790066719055,-0.029825329780578613,0.43552860617637634,-0.04760139063000679,0.017776060849428177,0.5519362688064575
23,23_y64_x64.png,C:\Users\zhang\Desktop\vessel\images\23_training.tif,C:\Users\zhang\Desktop\vessel\1st_manual\23_manual1.gif,C:\Users\zhang\Desktop\vessel\mask\23_training_mask.gif,64,64,128,64,0.8302,1107,326,2,6,2,2,0.2944896089025329,0.2581164930644784,0.2581164930644784,0.012883435187624689,0.2647673472829848,0.18204309046268463,0.21422263979911804,0.21422263979911804,0.035615224391222,0.19454652070999146,0.39163878560066223,-0.12687143683433533,0.16392424702644348,-0.04771014302968979,-0.07916129380464554,0.2627670466899872
23,23_y64_x128.png,C:\Users\zhang\Desktop\vessel\images\23_training.tif,C:\Users\zhang\Desktop\vessel\1st_manual\23_manual1.gif,C:\Users\zhang\Desktop\vessel\mask\23_training_mask.gif,64,128,128,64,0.991211,1404,322,3,5,1,3,0.2293447277112199,0.20648128572885247,0.20648128572885247,0.012577639360942878,0.2116753800222151,0.07001688331365585,0.08457046002149582,0.08457046002149582,0.027292998507618904,0.06907498836517334,0.3554507791996002,-0.14377540349960327,0.11661487072706223,0.010100572369992733,-0.15387597680091858,0.03988921269774437
23,23_y64_x192.png,C:\Users\zhang\Desktop\vessel\images\23_training.tif,C:\Users\zhang\Desktop\vessel\1st_manual\23_manual1.gif,C:\Users\zhang\Desktop\vessel\mask\23_training_mask.gif,64,192,128,64,1.0,1277,374,2,7,2,3,0.2928739209641823,0.25686758611367033,0.25686758611367033,0.012165775075781414,0.263117572667506,0.17926464974880219,0.21108675003051758,0.21108675003051758,0.016084153205156326,0.1906476467847824,0.36988767981529236,-0.1067700982093811,0.2201821506023407,0.017021436244249344,-0.12379153072834015,0.12963269650936127
23,23_y64_x256.png,C:\Users\zhang\Desktop\vessel\images\23_training.tif,C:\Users\zhang\Desktop\vessel\1st_manual\23_manual1.gif,C:\Users\zhang\Desktop\vessel\mask\23_training_mask.gif,64,256,128,64,1.0,1758,501,4,8,2,4,0.2849829335325203,0.25074543696133633,0.25074543696133633,0.013772454814921063,0.25765219736253164,0.165694922208786,0.19571450352668762,0.19571450352668762,0.059809863567352295,0.17773137986660004,0.3212090730667114,-0.06355687975883484,0.3411236107349396,0.017021436244249344,-0.08057831227779388,0.25854000449180603
23,23_y64_x320.png,C:\Users\zhang\Desktop\vessel\images\23_training.tif,C:\Users\zhang\Desktop\vessel\1st_manual\23_manual1.gif,C:\Users\zhang\Desktop\vessel\mask\23_training_mask.gif,64,320,128,64,0.978943,2436,507,7,11,3,5,0.20812807796334942,0.18907211869648813,0.18907211869648813,0.023175541949200358,0.19783581633303743,0.033531755208969116,0.04085729643702507,0.04085729643702507,0.31571441888809204,0.036368146538734436,0.27152881026268005,-0.07369299232959747,0.3127555251121521,0.001091929036192596,-0.07478491961956024,0.2758220136165619
23,23_y128_x64.png,C:\Users\zhang\Desktop\vessel\images\23_training.tif,C:\Users\zhang\Desktop\vessel\1st_manual\23_manual1.gif,C:\Users\zhang\Desktop\vessel\mask\23_training_mask.gif,128,64,128,64,0.996704,1056,387,2,6,2,2,0.36647726925684404,0.312236091967974,0.312236091967974,0.010852712897862715,0.3190133092929322,0.30583640933036804,0.35011303424835205,0.35011303424835205,0.0,0.3227452337741852,0.39881935715675354,-0.07980605959892273,0.2956467866897583,0.014380322769284248,-0.09418638050556183,0.21794642508029938
23,23_y128_x128.png,C:\Users\zhang\Desktop\vessel\images\23_training.tif,C:\Users\zhang\Desktop\vessel\1st_manual\23_manual1.gif,C:\Users\zhang\Desktop\vessel\mask\23_training_mask.gif,128,128,128,64,1.0,1438,386,2,8,3,2,0.26842837087323806,0.23777863088163798,0.23777863088163798,0.014766838995677746,0.24480110839932165,0.13722696900367737,0.16315579414367676,0.16315579414367676,0.08687198162078857,0.14736056327819824,0.3518071174621582,-0.1070060133934021,0.2195218950510025,0.017021436244249344,-0.12402744591236115,0.12892895936965942
23,23_y128_x192.png,C:\Users\zhang\Desktop\vessel\images\23_training.tif,C:\Users\zhang\Desktop\vessel\1st_manual\23_manual1.gif,C:\Users\zhang\Desktop\vessel\mask\23_training_mask.gif,128,192,128,64,1.0,1927,481,4,8,2,4,0.2496107926849466,0.2228321369777556,0.2228321369777556,0.014345114046879128,0.22922524181426698,0.1048673689365387,0.12562625110149384,0.12562625110149384,0.07539474964141846,0.11055035889148712,0.30722978711128235,-0.07800453901290894,0.3006887435913086,0.017021436244249344,-0.09502597153186798,0.21544188261032104
23,23_y128_x256.png,C:\Users\zhang\Desktop\vessel\images\23_training.tif,C:\Users\zhang\Desktop\vessel\1st_manual\23_manual1.gif,C:\Users\zhang\Desktop\vessel\mask\23_training_mask.gif,128,256,128,64,1.0,2275,560,6,11,3,5,0.2461538450718512,0.2200618839085341,0.2200618839085341,0.01919642822863521,0.22851068822915094,0.09892263263463974,0.11867032945156097,0.11867032945156097,0.20742304623126984,0.10886166244745255,0.2819439172744751,-0.05343322455883026,0.36945682764053345,0.017021436244249344,-0.0704546570777893,0.288739413022995
23,23_y128_x320.png,C:\Users\zhang\Desktop\vessel\images\23_training.tif,C:\Users\zhang\Desktop\vessel\1st_manual\23_manual1.gif,C:\Users\zhang\Desktop\vessel\mask\23_training_mask.gif,128,320,128,64,1.0,3946,806,26,18,1,16,0.20425747540735562,0.18586317403008545,0.18586317403008545,0.039205954848561354,0.20043706044815313,0.026875678449869156,0.0327998585999012,0.0327998585999012,0.7519813179969788,0.04251561313867569,0.1980515420436859,0.0023855119943618774,0.5256775617599487,0.017021436244249344,-0.014635924249887466,0.4552496373653412
23,23_y128_x384.png,C:\Users\zhang\Desktop\vessel\images\23_training.tif,C:\Users\zhang\Desktop\vessel\1st_manual\23_manual1.gif,C:\Users\zhang\Desktop\vessel\mask\23_training_mask.gif,128,384,128,64,0.982849,3762,873,25,18,1,16,0.2320574156510967,0.20868546763831655,0.20868546763831655,0.03505154599024575,0.22331496417115734,0.07468176633119583,0.09010498970746994,0.09010498970746994,0.6389193534851074,0.09658268094062805,0.20532619953155518,0.017988771200180054,0.5693466067314148,0.003877786686643958,0.014110984280705452,0.5410031676292419
23,23_y192_x0.png,C:\Users\zhang\Desktop\vessel\images\23_training.tif,C:\Users\zhang\Desktop\vessel\1st_manual\23_manual1.gif,C:\Users\zhang\Desktop\vessel\mask\23_training_mask.gif,192,0,128,64,0.858765,195,134,0,8,4,0,0.6871794519395152,0.5230581713147114,0.5230581713147114,0.03358208704611291,0.5581889413932539,0.8573307991027832,0.8794718384742737,0.8794718384742737,0.5989280939102173,0.8879857063293457,0.6555961966514587,-0.0974072813987732,0.24638600647449493,-0.04699907451868057,-0.05040820688009262,0.3485390245914459
23,23_y192_x64.png,C:\Users\zhang\Desktop\vessel\images\23_training.tif,C:\Users\zhang\Desktop\vessel\1st_manual\23_manual1.gif,C:\Users\zhang\Desktop\vessel\mask\23_training_mask.gif,192,64,128,64,1.0,488,256,1,5,2,1,0.524590153184628,0.4217256219290017,0.4217256219290017,0.01113281206512453,0.43111560611296834,0.577734649181366,0.6250331997871399,0.6250331997871399,0.0,0.5876750946044922,0.5162803530693054,-0.08516475558280945,0.280649334192276,0.017021436244249344,-0.1021861881017685,0.194082573056221
23,23_y192_x128.png,C:\Users\zhang\Desktop\vessel\images\23_training.tif,C:\Users\zhang\Desktop\vessel\1st_manual\23_manual1.gif,C:\Users\zhang\Desktop\vessel\mask\23_training_mask.gif,192,128,128,64,1.0,727,307,1,8,4,0,0.4222833504500227,0.3522635734508768,0.3522635734508768,0.017915308862693522,0.36488539488977395,0.4018031358718872,0.45061907172203064,0.45061907172203064,0.17255742847919464,0.43115413188934326,0.4556412994861603,-0.09075590968132019,0.2650012969970703,0.017021436244249344,-0.10777734220027924,0.17740386724472046
23,23_y192_x192.png,C:\Users\zhang\Desktop\vessel\images\23_training.tif,C:\Users\zhang\Desktop\vessel\1st_manual\23_manual1.gif,C:\Users\zhang\Desktop\vessel\mask\23_training_mask.gif,192,192,128,64,1.0,1414,412,4,12,4,4,0.2913719922816691,0.2557052131027112,0.2557052131027112,0.02402912563036103,0.2679939584826778,0.17668187618255615,0.20816810429096222,0.20816810429096222,0.3389447033405304,0.2021719217300415,0.35437002778053284,-0.08637607097625732,0.2772592008113861,0.017021436244249344,-0.10339750349521637,0.1904691606760025
23,23_y192_x256.png,C:\Users\zhang\Desktop\vessel\images\23_training.tif,C:\Users\zhang\Desktop\vessel\1st_manual\23_manual1.gif,C:\Users\zhang\Desktop\vessel\mask\23_training_mask.gif,192,256,128,64,1.0,2016,515,4,17,6,5,0.25545634793920463,0.22749913034455485,0.22749913034455485,0.025728154840230003,0.23920539604759963,0.11491966992616653,0.13734470307826996,0.13734470307826996,0.3851836919784546,0.13413628935813904,0.3003530502319336,-0.06114766001701355,0.34786632657051086,0.017021436244249344,-0.0781690925359726,0.26572683453559875
23,23_y192_x320.png,C:\Users\zhang\Desktop\vessel\images\23_training.tif,C:\Users\zhang\Desktop\vessel\1st_manual\23_manual1.gif,C:\Users\zhang\Desktop\vessel\mask\23_training_mask.gif,192,320,128,64,1.0,4230,858,27,19,2,15,0.20283687895310432,0.18468283258097704,0.18468283258097704,0.039335663877206724,0.19921207623356857,0.024432770907878876,0.029836120083928108,0.029836120083928108,0.7555114030838013,0.03962063416838646,0.18746358156204224,0.01174849271774292,0.5518818497657776,0.017021436244249344,-0.005272943526506424,0.48317989706993103
23,23_y192_x384.png,C:\Users\zhang\Desktop\vessel\images\23_training.tif,C:\Users\zhang\Desktop\vessel\1st_manual\23_manual1.gif,C:\Users\zhang\Desktop\vessel\mask\23_training_mask.gif,192,384,128,64,1.0,4070,958,28,20,2,16,0.23538083480250407,0.21137929080535728,0.21137929080535728,0.03663883051525229,0.2268686708258607,0.0803968533873558,0.09686896950006485,0.09686896950006485,0.6821171641349792,0.10498110204935074,0.19333790242671967,0.03353077173233032,0.6128442287445068,0.017021436244249344,0.01650933548808098,0.5481575727462769
23,23_y192_x437.png,C:\Users\zhang\Desktop\vessel\images\23_training.tif,C:\Users\zhang\Desktop\vessel\1st_manual\23_manual1.gif,C:\Users\zhang\Desktop\vessel\mask\23_training_mask.gif,192,437,128,64,0.855103,1519,585,4,19,7,5,0.3851217881163806,0.3257880694314009,0.3257880694314009,0.025213674782672228,0.34221669829283685,0.3378983736038208,0.38414105772972107,0.38414105772972107,0.3711821436882019,0.37758153676986694,0.34346234798431396,-0.001245647668838501,0.5155149698257446,-0.04732031002640724,0.04607466235756874,0.6363524794578552
23,23_y256_x0.png,C:\Users\zhang\Desktop\vessel\images\23_training.tif,C:\Users\zhang\Desktop\vessel\1st_manual\23_manual1.gif,C:\Users\zhang\Desktop\vessel\mask\23_training_mask.gif,256,0,128,64,0.878845,676,268,1,7,3,1,0.39644969827737137,0.33393308590285764,0.33393308590285764,0.016231342677934975,0.34477345060043685,0.35737836360931396,0.4045925736427307,0.4045925736427307,0.1267283856868744,0.3836238384246826,0.46670883893966675,-0.1219353973865509,0.17773881554603577,-0.04403482750058174,-0.07790057361125946,0.26652783155441284
23,23_y256_x64.png,C:\Users\zhang\Desktop\vessel\images\23_training.tif,C:\Users\zhang\Desktop\vessel\1st_manual\23_manual1.gif,C:\Users\zhang\Desktop\vessel\mask\23_training_mask.gif,256,64,128,64,1.0,1069,416,4,6,1,4,0.38914873349720547,0.32869113759122454,0.32869113759122454,0.012980768918731518,0.3372244649966379,0.34482333064079285,0.3914303779602051,0.3914303779602051,0.03826414793729782,0.3657834231853485,0.3969566524028778,-0.05973219871520996,0.35182780027389526,0.017021436244249344,-0.076753631234169,0.2699492275714874
23,23_y256_x128.png,C:\Users\zhang\Desktop\vessel\images\23_training.tif,C:\Users\zhang\Desktop\vessel\1st_manual\23_manual1.gif,C:\Users\zhang\Desktop\vessel\mask\23_training_mask.gif,256,128,128,64,1.0,1363,467,6,11,2,7,0.34262655654712726,0.29462781226665774,0.29462781226665774,0.021306209393871317,0.30718261598948093,0.2648215889930725,0.3058999180793762,0.3058999180793762,0.26484063267707825,0.2947859466075897,0.35996371507644653,-0.052781105041503906,0.3712819218635559,0.017021436244249344,-0.06980253756046295,0.29068470001220703
23,23_y256_x192.png,C:\Users\zhang\Desktop\vessel\images\23_training.tif,C:\Users\zhang\Desktop\vessel\1st_manual\23_manual1.gif,C:\Users\zhang\Desktop\vessel\mask\23_training_mask.gif,256,192,128,64,1.0,1705,424,6,10,2,6,0.24868035044762257,0.2220872740078005,0.2220872740078005,0.022641508899964413,0.23214405598983343,0.10326733440160751,0.12375594675540924,0.12375594675540924,0.30118077993392944,0.1174483448266983,0.325871080160141,-0.09372702240943909,0.2566860020160675,0.017021436244249344,-0.11074845492839813,0.16854088008403778
23,23_y256_x256.png,C:\Users\zhang\Desktop\vessel\images\23_training.tif,C:\Users\zhang\Desktop\vessel\1st_manual\23_manual1.gif,C:\Users\zhang\Desktop\vessel\mask\23_training_mask.gif,256,256,128,64,1.0,2150,474,6,10,2,6,0.22046511525365062,0.19923202810208399,0.19923202810208399,0.02025316412968008,0.20730218603216505,0.0547470822930336,0.06636808067560196,0.06636808067560196,0.2361820787191391,0.05873987823724747,0.2905515432357788,-0.08324936032295227,0.2860099971294403,0.017021436244249344,-0.10027079284191132,0.19979630410671234
23,23_y256_x320.png,C:\Users\zhang\Desktop\vessel\images\23_training.tif,C:\Users\zhang\Desktop\vessel\1st_manual\23_manual1.gif,C:\Users\zhang\Desktop\vessel\mask\23_training_mask.gif,256,320,128,64,1.0,3215,624,11,14,5,4,0.1940902015735919,0.17738455782350304,0.17738455782350304,0.029487179014628544,0.18784569824544775,0.00939156673848629,0.011510685086250305,0.011510685086250305,0.4874853491783142,0.012758617289364338,0.22926224768161774,-0.041416555643081665,0.4030880630016327,0.017021436244249344,-0.05843799188733101,0.32458576560020447
23,23_y256_x384.png,C:\Users\zhang\Desktop\vessel\images\23_training.tif,C:\Users\zhang\Desktop\vessel\1st_manual\23_manual1.gif,C:\Users\zhang\Desktop\vessel\mask\23_training_mask.gif,256,384,128,64,1.0,3302,689,16,13,4,5,0.2086614166909103,0.18951348004583063,0.18951348004583063,0.03229317805089727,0.20175346515416098,0.03444891422986984,0.041965510696172714,0.041965510696172714,0.563850462436676,0.045626673847436905,0.22519472241401672,-0.02344125509262085,0.4533957839012146,0.017021436244249344,-0.040462691336870193,0.3782070279121399
23,23_y256_x437.png,C:\Users\zhang\Desktop\vessel\images\23_training.tif,C:\Users\zhang\Desktop\vessel\1st_manual\23_manual1.gif,C:\Users\zhang\Desktop\vessel\mask\23_training_mask.gif,256,437,128,64,0.875244,2198,552,9,14,5,4,0.2511373964916406,0.2240530547838234,0.2240530547838234,0.02971014438930898,0.2373663520008097,0.107492595911026,0.1286918669939041,0.1286918669939041,0.4935533106327057,0.12979011237621307,0.28718847036361694,-0.0498221218585968,0.37956327199935913,-0.04471611976623535,-0.00510600209236145,0.48367786407470703
23,23_y320_x64.png,C:\Users\zhang\Desktop\vessel\images\23_training.tif,C:\Users\zhang\Desktop\vessel\1st_manual\23_manual1.gif,C:\Users\zhang\Desktop\vessel\mask\23_training_mask.gif,320,64,128,64,1.0,1210,372,4,8,3,2,0.3074380139881156,0.2680695077934621,0.2680695077934621,0.020698924174760103,0.2791670086242264,0.20430974662303925,0.2392139434814453,0.2392139434814453,0.24831338226795197,0.22857701778411865,0.3780934810638428,-0.09892648458480835,0.2421341836452484,0.017021436244249344,-0.1159479171037674,0.1530306190252304
23,23_y320_x128.png,C:\Users\zhang\Desktop\vessel\images\23_training.tif,C:\Users\zhang\Desktop\vessel\1st_manual\23_manual1.gif,C:\Users\zhang\Desktop\vessel\mask\23_training_mask.gif,320,128,128,64,1.0,1665,421,5,7,1,5,0.2528528513342171,0.2254232319340314,0.2254232319340314,0.016033253775932215,0.23265176770320972,0.11044256389141083,0.13213227689266205,0.13213227689266205,0.1213374137878418,0.1186482161283493,0.3294864892959595,-0.09683471918106079,0.24798844754695892,0.017021436244249344,-0.11385615170001984,0.15927046537399292
23,23_y320_x192.png,C:\Users\zhang\Desktop\vessel\images\23_training.tif,C:\Users\zhang\Desktop\vessel\1st_manual\23_manual1.gif,C:\Users\zhang\Desktop\vessel\mask\23_training_mask.gif,320,192,128,64,1.0,1611,339,3,7,2,3,0.21042830409417565,0.1909742673016986,0.1909742673016986,0.016371680932988766,0.19722740684304807,0.03748731687664986,0.04563345015048981,0.04563345015048981,0.1305476576089859,0.034930288791656494,0.3345074951648712,-0.13728009164333344,0.13479340076446533,0.017021436244249344,-0.15430152416229248,0.03861978277564049
23,23_y320_x256.png,C:\Users\zhang\Desktop\vessel\images\23_training.tif,C:\Users\zhang\Desktop\vessel\1st_manual\23_manual1.gif,C:\Users\zhang\Desktop\vessel\mask\23_training_mask.gif,320,256,128,64,1.0,1756,390,3,7,2,3,0.22209567071699504,0.20056714796065325,0.20056714796065325,0.014230768865877723,0.20627559741008597,0.0575510710477829,0.06972045451402664,0.06972045451402664,0.07228285819292068,0.056313760578632355,0.32138243317604065,-0.11510683596134186,0.1968500018119812,0.017021436244249344,-0.1321282684803009,0.10476377606391907
23,23_y320_x320.png,C:\Users\zhang\Desktop\vessel\images\23_training.tif,C:\Users\zhang\Desktop\vessel\1st_manual\23_manual1.gif,C:\Users\zhang\Desktop\vessel\mask\23_training_mask.gif,320,320,128,64,1.0,2026,436,4,8,2,4,0.21520236813819166,0.1949106210616744,0.1949106210616744,0.015825687710420006,0.20107981030240654,0.04569701850414276,0.05551733821630478,0.05551733821630478,0.11568847298622131,0.04403464123606682,0.29959940910339355,-0.09851959347724915,0.24327296018600464,0.017021436244249344,-0.11554102599620819,0.15424439311027527
23,23_y320_x384.png,C:\Users\zhang\Desktop\vessel\images\23_training.tif,C:\Users\zhang\Desktop\vessel\1st_manual\23_manual1.gif,C:\Users\zhang\Desktop\vessel\mask\23_training_mask.gif,320,384,128,64,0.998596,1940,359,9,9,2,5,0.18505154543787863,0.16978627190088583,0.16978627190088583,0.034122561723605525,0.1813733569864035,0.0,0.0,0.0,0.6136370301246643,0.0,0.30620577931404114,-0.12483242154121399,0.16963087022304535,0.015889713540673256,-0.1407221406698227,0.07912779599428177
23,23_y384_x64.png,C:\Users\zhang\Desktop\vessel\images\23_training.tif,C:\Users\zhang\Desktop\vessel\1st_manual\23_manual1.gif,C:\Users\zhang\Desktop\vessel\mask\23_training_mask.gif,384,64,128,64,0.916321,706,212,1,3,2,0,0.3002832818656759,0.2625821498561886,0.2625821498561886,0.01179245227394093,0.2687751247965244,0.19200614094734192,0.22543559968471527,0.22543559968471527,0.005924173165112734,0.20401807129383087,0.4601016044616699,-0.19132646918296814,0.0,-0.03306061029434204,-0.1582658588886261,0.026793964207172394
23,23_y384_x128.png,C:\Users\zhang\Desktop\vessel\images\23_training.tif,C:\Users\zhang\Desktop\vessel\1st_manual\23_manual1.gif,C:\Users\zhang\Desktop\vessel\mask\23_training_mask.gif,384,128,128,64,1.0,910,222,1,5,2,1,0.24395604127520834,0.21829665709714383,0.21829665709714383,0.012837837259556879,0.22390157101338068,0.09514319151639938,0.11423798650503159,0.11423798650503159,0.03437428921461105,0.09796898066997528,0.42147067189216614,-0.1975691020488739,0.0,0.017021436244249344,-0.21459053456783295,0.0
23,23_y384_x192.png,C:\Users\zhang\Desktop\vessel\images\23_training.tif,C:\Users\zhang\Desktop\vessel\1st_manual\23_manual1.gif,C:\Users\zhang\Desktop\vessel\mask\23_training_mask.gif,384,192,128,64,1.0,785,164,0,4,2,0,0.20891719479086376,0.18972507862607374,0.18972507862607374,0.00914634090571092,0.19319565912102749,0.03488876298069954,0.04249681532382965,0.04249681532382965,0.0,0.025402113795280457,0.4439602792263031,-0.2507646083831787,0.0,0.017021436244249344,-0.26778605580329895,0.0
23,23_y384_x256.png,C:\Users\zhang\Desktop\vessel\images\23_training.tif,C:\Users\zhang\Desktop\vessel\1st_manual\23_manual1.gif,C:\Users\zhang\Desktop\vessel\mask\23_training_mask.gif,384,256,128,64,1.0,993,248,0,4,2,0,0.24974823514855757,0.2229421191469589,0.2229421191469589,0.006048386852887627,0.22563899951176566,0.10510370135307312,0.12590236961841583,0.12590236961841583,0.0,0.10207503288984299,0.4081837236881256,-0.18254472315311432,0.008110612630844116,0.017021436244249344,-0.19956615567207336,0.0
23,23_y384_x320.png,C:\Users\zhang\Desktop\vessel\images\23_training.tif,C:\Users\zhang\Desktop\vessel\1st_manual\23_manual1.gif,C:\Users\zhang\Desktop\vessel\mask\23_training_mask.gif,384,320,128,64,0.999878,1306,309,1,7,3,1,0.23660030446707273,0.2123659243553632,0.2123659243553632,0.014077669447324616,0.21834515892526388,0.08249392360448837,0.0993463397026062,0.0993463397026062,0.06811624765396118,0.08483760803937912,0.36646848917007446,-0.14812332391738892,0.10444628447294235,0.016922691836953163,-0.16504602134227753,0.006568383425474167
23,23_y384_x384.png,C:\Users\zhang\Desktop\vessel\images\23_training.tif,C:\Users\zhang\Desktop\vessel\1st_manual\23_manual1.gif,C:\Users\zhang\Desktop\vessel\mask\23_training_mask.gif,384,384,128,64,0.871643,989,198,1,3,1,1,0.20020222244487137,0.18249006130033232,0.18249006130033232,0.0068181814738292185,0.1849785620105641,0.01990208774805069,0.024330247193574905,0.024330247193574905,0.0,0.005982762202620506,0.4087981879711151,-0.22381962835788727,0.0,-0.04533199220895767,-0.178487628698349,0.0
23,23_y448_x192.png,C:\Users\zhang\Desktop\vessel\images\23_training.tif,C:\Users\zhang\Desktop\vessel\1st_manual\23_manual1.gif,C:\Users\zhang\Desktop\vessel\mask\23_training_mask.gif,448,192,128,64,0.892883,431,122,0,2,1,0,0.28306263844402235,0.24924990629991364,0.24924990629991364,0.0,0.24924990629991364,0.16239270567893982,0.19195930659770966,0.19195930659770966,0.0,0.15787436068058014,0.5351662635803223,-0.28591635823249817,0.0,-0.04075413569808006,-0.2451622188091278,0.0
23,23_y448_x256.png,C:\Users\zhang\Desktop\vessel\images\23_training.tif,C:\Users\zhang\Desktop\vessel\1st_manual\23_manual1.gif,C:\Users\zhang\Desktop\vessel\mask\23_training_mask.gif,448,256,128,64,0.882507,491,155,0,4,2,0,0.3156822746296889,0.2743553711013587,0.2743553711013587,0.009677418730489114,0.27966547471557185,0.2184869349002838,0.2549973130226135,0.2549973130226135,0.0,0.22975504398345947,0.5153483748435974,-0.2356829047203064,0.0,-0.04327486827969551,-0.19240804016590118,0.0
23,23_y456_x192.png,C:\Users\zhang\Desktop\vessel\images\23_training.tif,C:\Users\zhang\Desktop\vessel\1st_manual\23_manual1.gif,C:\Users\zhang\Desktop\vessel\mask\23_training_mask.gif,456,192,128,64,0.830383,388,112,0,2,1,0,0.2886597863747478,0.2536027530257226,0.2536027530257226,0.0,0.2536027530257226,0.17201781272888184,0.20288896560668945,0.20288896560668945,0.0,0.16816136240959167,0.5511430501937866,-0.2975403070449829,0.0,-0.04771869257092476,-0.24982161819934845,0.0
23,23_y456_x256.png,C:\Users\zhang\Desktop\vessel\images\23_training.tif,C:\Users\zhang\Desktop\vessel\1st_manual\23_manual1.gif,C:\Users\zhang\Desktop\vessel\mask\23_training_mask.gif,456,256,128,64,0.820007,425,138,0,4,2,0,0.324705874712803,0.2811904534478513,0.2811904534478513,0.010869564429741707,0.28730328894941076,0.23400434851646423,0.2721596956253052,0.2721596956253052,0.0,0.2478054314851761,0.5372975468635559,-0.24999424815177917,0.0,-0.04696715995669365,-0.20302708446979523,0.0
24,24_y64_x64.png,C:\Users\zhang\Desktop\vessel\images\24_training.tif,C:\Users\zhang\Desktop\vessel\1st_manual\24_manual1.gif,C:\Users\zhang\Desktop\vessel\mask\24_training_mask.gif,64,64,128,64,0.861755,2128,586,15,11,1,9,0.2753759385555642,0.24324098891862972,0.24324098891862972,0.030972695717189497,0.2583086471900797,0.1491742879152298,0.17687134444713593,0.17687134444713593,0.5279135704040527,0.1792827695608139,0.292118102312088,-0.03380945324897766,0.4243781566619873,-0.046686604619026184,0.012877151370048523,0.5373225808143616
24,24_y64_x128.png,C:\Users\zhang\Desktop\vessel\images\24_training.tif,C:\Users\zhang\Desktop\vessel\1st_manual\24_manual1.gif,C:\Users\zhang\Desktop\vessel\mask\24_training_mask.gif,64,128,128,64,0.996216,3245,830,22,13,2,9,0.2557781193966776,0.22775539590909635,0.22775539590909635,0.032108433348091166,0.24238113380752704,0.11547300964593887,0.13798817992210388,0.13798817992210388,0.5588226914405823,0.1416414976119995,0.22784735262393951,0.014533787965774536,0.5596771240234375,0.013993958942592144,0.0005398290231823921,0.5005196928977966
24,24_y64_x192.png,C:\Users\zhang\Desktop\vessel\images\24_training.tif,C:\Users\zhang\Desktop\vessel\1st_manual\24_manual1.gif,C:\Users\zhang\Desktop\vessel\mask\24_training_mask.gif,64,192,128,64,1.0,3026,822,18,27,7,13,0.2716457360487583,0.24031191673135582,0.24031191673135582,0.038381994666885716,0.2587592181440998,0.14275965094566345,0.1695166826248169,0.1695166826248169,0.7295573353767395,0.18034762144088745,0.23849152028560638,0.020267710089683533,0.575724720954895,0.017021436244249344,0.003246273845434189,0.5085931420326233
24,24_y64_x256.png,C:\Users\zhang\Desktop\vessel\images\24_training.tif,C:\Users\zhang\Desktop\vessel\1st_manual\24_manual1.gif,C:\Users\zhang\Desktop\vessel\mask\24_training_mask.gif,64,256,128,64,1.0,3425,813,19,28,6,16,0.23737226208066492,0.21298998757181428,0.21298998757181428,0.039483394348297736,0.22980912291488823,0.08382141590118408,0.10091330856084824,0.10091330856084824,0.7595318555831909,0.11193021386861801,0.21962325274944305,0.010185867547988892,0.5475085377693176,0.017021436244249344,-0.006835568696260452,0.4785185158252716
24,24_y64_x320.png,C:\Users\zhang\Desktop\vessel\images\24_training.tif,C:\Users\zhang\Desktop\vessel\1st_manual\24_manual1.gif,C:\Users\zhang\Desktop\vessel\mask\24_training_mask.gif,64,320,128,64,0.969299,3472,689,15,15,2,11,0.19844469988927216,0.1810246327257846,0.1810246327257846,0.029535558352168964,0.1917179599318893,0.01687975414097309,0.02065063640475273,0.02065063640475273,0.4888019859790802,0.02190987765789032,0.2175469696521759,-0.025829017162322998,0.4467131197452545,-0.005456686019897461,-0.020372331142425537,0.43813762068748474
24,24_y128_x64.png,C:\Users\zhang\Desktop\vessel\images\24_training.tif,C:\Users\zhang\Desktop\vessel\1st_manual\24_manual1.gif,C:\Users\zhang\Desktop\vessel\mask\24_training_mask.gif,128,64,128,64,0.999817,2311,908,21,30,6,18,0.3929035032760558,0.33139041980385114,0.33139041980385114,0.0383259907673349,0.3567921521434224,0.35128018260002136,0.3982080817222595,0.3982080817222595,0.7280332446098328,0.4120274782180786,0.27955251932144165,0.07723963260650635,0.7351728081703186,0.016873372718691826,0.06036625802516937,0.678985059261322
24,24_y128_x128.png,C:\Users\zhang\Desktop\vessel\images\24_training.tif,C:\Users\zhang\Desktop\vessel\1st_manual\24_manual1.gif,C:\Users\zhang\Desktop\vessel\mask\24_training_mask.gif,128,128,128,64,1.0,2730,1073,30,31,3,25,0.39304029160058496,0.3314886187157536,0.3314886187157536,0.038909598891802434,0.35728479709860883,0.35151541233062744,0.3984546661376953,0.3984546661376953,0.7439160943031311,0.4131917357444763,0.2541723847389221,0.10311239957809448,0.8075833320617676,0.017021436244249344,0.08609096705913544,0.7557231783866882
24,24_y128_x192.png,C:\Users\zhang\Desktop\vessel\images\24_training.tif,C:\Users\zhang\Desktop\vessel\1st_manual\24_manual1.gif,C:\Users\zhang\Desktop\vessel\mask\24_training_mask.gif,128,192,128,64,1.0,2529,969,23,32,10,12,0.3831553958752258,0.3243674078132266,0.3243674078132266,0.042002063550030305,0.3516156087662861,0.33451688289642334,0.3805738389492035,0.3805738389492035,0.8280773162841797,0.3997938334941864,0.2658218443393707,0.08579376339912415,0.7591134905815125,0.017021436244249344,0.0687723308801651,0.7040608525276184
24,24_y128_x256.png,C:\Users\zhang\Desktop\vessel\images\24_training.tif,C:\Users\zhang\Desktop\vessel\1st_manual\24_manual1.gif,C:\Users\zhang\Desktop\vessel\mask\24_training_mask.gif,128,256,128,64,1.0,3012,977,26,30,5,20,0.32436918883011556,0.2809362621724633,0.2809362621724633,0.03991811627514723,0.3033651549310746,0.23342537879943848,0.2715214490890503,0.2715214490890503,0.771362841129303,0.2857641577720642,0.23919793963432312,0.06416720151901245,0.6985868811607361,0.017021436244249344,0.04714576527476311,0.6395476460456848
24,24_y128_x320.png,C:\Users\zhang\Desktop\vessel\images\24_training.tif,C:\Users\zhang\Desktop\vessel\1st_manual\24_manual1.gif,C:\Users\zhang\Desktop\vessel\mask\24_training_mask.gif,128,320,128,64,1.0,3612,839,20,19,3,13,0.2322812839637838,0.20886715395711514,0.20886715395711514,0.03283670997810834,0.22258417427400054,0.07506673038005829,0.0905611664056778,0.0905611664056778,0.5786426663398743,0.09485559910535812,0.2115248441696167,0.01105932891368866,0.5499531030654907,0.017021436244249344,-0.005962107330560684,0.48112407326698303
24,24_y128_x384.png,C:\Users\zhang\Desktop\vessel\images\24_training.tif,C:\Users\zhang\Desktop\vessel\1st_manual\24_manual1.gif,C:\Users\zhang\Desktop\vessel\mask\24_training_mask.gif,128,384,128,64,0.967834,4615,857,14,17,3,11,0.18569880783163856,0.170332312026072,0.170332312026072,0.024329054558587464,0.1786203602508173,0.0,0.0,0.0,0.3471072316169739,0.0,0.17419253289699554,0.004427820444107056,0.5313934087753296,-0.00641042971983552,0.010838249698281288,0.5312404632568359
24,24_y192_x0.png,C:\Users\zhang\Desktop\vessel\images\24_training.tif,C:\Users\zhang\Desktop\vessel\1st_manual\24_manual1.gif,C:\Users\zhang\Desktop\vessel\mask\24_training_mask.gif,192,0,128,64,0.912964,899,582,14,22,5,12,0.6473859772259625,0.4991897754249025,0.4991897754249025,0.041580755299299735,0.540703151224613,0.7889000773429871,0.8195399045944214,0.8195399045944214,0.8166114687919617,0.8466619253158569,0.42332184314727783,0.11738133430480957,0.8475179672241211,-0.03433262184262276,0.15171395242214203,0.9514800310134888
24,24_y192_x64.png,C:\Users\zhang\Desktop\vessel\images\24_training.tif,C:\Users\zhang\Desktop\vessel\1st_manual\24_manual1.gif,C:\Users\zhang\Desktop\vessel\mask\24_training_mask.gif,192,64,128,64,1.0,1827,1091,29,54,10,34,0.5971538007818621,0.46822317065827534,0.46822317065827534,0.04986251100034362,0.5149167366534034,0.7025185227394104,0.7417851090431213,0.7417851090431213,0.9999997019767761,0.7857211232185364,0.315345823764801,0.199570894241333,1.0,0.017021436244249344,0.18254946172237396,1.0
24,24_y192_x128.png,C:\Users\zhang\Desktop\vessel\images\24_training.tif,C:\Users\zhang\Desktop\vessel\1st_manual\24_manual1.gif,C:\Users\zhang\Desktop\vessel\mask\24_training_mask.gif,192,128,128,64,1.0,2252,1239,35,57,11,35,0.5501776174503658,0.43836951626946635,0.43836951626946635,0.050242130345099834,0.48241875302092413,0.6217361092567444,0.6668248176574707,0.6668248176574707,0.9999997019767761,0.708919107913971,0.2834916412830353,0.198927104473114,1.0,0.017021436244249344,0.18190567195415497,1.0
24,24_y192_x192.png,C:\Users\zhang\Desktop\vessel\images\24_training.tif,C:\Users\zhang\Desktop\vessel\1st_manual\24_manual1.gif,C:\Users\zhang\Desktop\vessel\mask\24_training_mask.gif,192,192,128,64,1.0,2111,967,21,42,16,10,0.45807673871114757,0.3771182650622754,0.3771182650622754,0.048603929176794944,0.4137771239550006,0.46335509419441223,0.5130273699760437,0.5130273699760437,0.9999997019767761,0.5466992855072021,0.2933397591114044,0.12043735384941101,0.8560709953308105,0.017021436244249344,0.10341592133045197,0.8074045181274414
24,24_y192_x256.png,C:\Users\zhang\Desktop\vessel\images\24_training.tif,C:\Users\zhang\Desktop\vessel\1st_manual\24_manual1.gif,C:\Users\zhang\Desktop\vessel\mask\24_training_mask.gif,192,256,128,64,1.0,2429,934,24,36,7,22,0.3845203771736501,0.32535378159471207,0.32535378159471207,0.043576016664068344,0.3537090252116897,0.336864173412323,0.3830505311489105,0.3830505311489105,0.8709124326705933,0.4047411382198334,0.2719671428203583,0.08174186944961548,0.747773289680481,0.017021436244249344,0.06472043693065643,0.6919738054275513
24,24_y192_x320.png,C:\Users\zhang\Desktop\vessel\images\24_training.tif,C:\Users\zhang\Desktop\vessel\1st_manual\24_manual1.gif,C:\Users\zhang\Desktop\vessel\mask\24_training_mask.gif,192,320,128,64,1.0,2487,854,23,28,5,18,0.343385603766041,0.295192997525559,0.295192997525559,0.041334894129567985,0.3195965401265766,0.2661269009113312,0.3073190152645111,0.3073190152645111,0.8099203705787659,0.3241235911846161,0.2683727443218231,0.05122378468513489,0.6623619198799133,0.017021436244249344,0.034202348440885544,0.600936770439148
24,24_y192_x384.png,C:\Users\zhang\Desktop\vessel\images\24_training.tif,C:\Users\zhang\Desktop\vessel\1st_manual\24_manual1.gif,C:\Users\zhang\Desktop\vessel\mask\24_training_mask.gif,192,384,128,64,1.0,4785,996,30,18,1,16,0.20815046978442955,0.18909065283536186,0.18909065283536186,0.035742971528685025,0.20260797647663145,0.033570267260074615,0.04090384021401405,0.04090384021401405,0.6577364802360535,0.04764612019062042,0.16868136823177338,0.03392660617828369,0.6139520406723022,0.017021436244249344,0.016905169934034348,0.5493384003639221
24,24_y256_x0.png,C:\Users\zhang\Desktop\vessel\images\24_training.tif,C:\Users\zhang\Desktop\vessel\1st_manual\24_manual1.gif,C:\Users\zhang\Desktop\vessel\mask\24_training_mask.gif,256,0,128,64,0.932312,1148,641,17,25,5,15,0.5583623644741954,0.443635503508121,0.443635503508121,0.044071762182967836,0.48273910032118317,0.6358109712600708,0.6800472140312195,0.6800472140312195,0.8844041228294373,0.709676206111908,0.3861019015312195,0.09663718938827515,0.7894610166549683,-0.026220794767141342,0.12285798788070679,0.8654012084007263
24,24_y256_x64.png,C:\Users\zhang\Desktop\vessel\images\24_training.tif,C:\Users\zhang\Desktop\vessel\1st_manual\24_manual1.gif,C:\Users\zhang\Desktop\vessel\mask\24_training_mask.gif,256,64,128,64,1.0,1622,1001,28,40,8,24,0.617139330350559,0.48065874283871585,0.48065874283871585,0.04685314638508345,0.5256994917177009,0.7368866205215454,0.7730098962783813,0.7730098962783813,0.9600993394851685,0.8112038969993591,0.3334712088108063,0.1922282874584198,1.0,0.017021436244249344,0.17520685493946075,1.0
24,24_y256_x128.png,C:\Users\zhang\Desktop\vessel\images\24_training.tif,C:\Users\zhang\Desktop\vessel\1st_manual\24_manual1.gif,C:\Users\zhang\Desktop\vessel\mask\24_training_mask.gif,256,128,128,64,1.0,1826,1007,24,31,5,21,0.5514786388199417,0.4392084367289786,0.4392084367289786,0.03709036705967858,0.47178924099694947,0.6239733695983887,0.6689313054084778,0.6689313054084778,0.6944057941436768,0.6837985515594482,0.3154292106628418,0.15636003017425537,0.956608235836029,0.017021436244249344,0.13933859765529633,0.9145636558532715
24,24_y256_x192.png,C:\Users\zhang\Desktop\vessel\images\24_training.tif,C:\Users\zhang\Desktop\vessel\1st_manual\24_manual1.gif,C:\Users\zhang\Desktop\vessel\mask\24_training_mask.gif,256,192,128,64,1.0,1474,817,17,26,6,14,0.5542740803644907,0.44100860728485924,0.44100860728485924,0.03598531167704637,0.4727482716556708,0.6287805438041687,0.67345130443573,0.67345130443573,0.6643317937850952,0.6860650181770325,0.3480418026447296,0.12470647692680359,0.8680190443992615,0.017021436244249344,0.10768504440784454,0.8201395273208618
24,24_y256_x256.png,C:\Users\zhang\Desktop\vessel\images\24_training.tif,C:\Users\zhang\Desktop\vessel\1st_manual\24_manual1.gif,C:\Users\zhang\Desktop\vessel\mask\24_training_mask.gif,256,256,128,64,1.0,1517,769,14,29,7,15,0.506921552360438,0.4100688627887191,0.4100688627887191,0.036736020328530294,0.4401974589477265,0.5473509430885315,0.5957639217376709,0.5957639217376709,0.684762179851532,0.6091381311416626,0.34366297721862793,0.09653449058532715,0.7891736030578613,0.017021436244249344,0.0795130580663681,0.736100971698761
24,24_y256_x320.png,C:\Users\zhang\Desktop\vessel\images\24_training.tif,C:\Users\zhang\Desktop\vessel\1st_manual\24_manual1.gif,C:\Users\zhang\Desktop\vessel\mask\24_training_mask.gif,256,320,128,64,1.0,1918,694,12,26,7,12,0.3618352431604002,0.3088332335676578,0.3088332335676578,0.03631123866986688,0.3312614680741817,0.2978537380695343,0.3415687084197998,0.3415687084197998,0.6732017993927002,0.3516911566257477,0.30794277787208557,0.02331867814064026,0.5842635035514832,0.017021436244249344,0.006297241896390915,0.517694354057312
24,24_y256_x384.png,C:\Users\zhang\Desktop\vessel\images\24_training.tif,C:\Users\zhang\Desktop\vessel\1st_manual\24_manual1.gif,C:\Users\zhang\Desktop\vessel\mask\24_training_mask.gif,256,384,128,64,1.0,4673,946,30,20,2,16,0.20243954589676966,0.18435244805149523,0.18435244805149523,0.0392177585706368,0.19881222765067402,0.023749487474560738,0.029006538912653923,0.029006538912653923,0.7523026466369629,0.038675691932439804,0.17228975892066956,0.026522472500801086,0.5932300090789795,0.017021436244249344,0.009501036256551743,0.5272514820098877
24,24_y256_x437.png,C:\Users\zhang\Desktop\vessel\images\24_training.tif,C:\Users\zhang\Desktop\vessel\1st_manual\24_manual1.gif,C:\Users\zhang\Desktop\vessel\mask\24_training_mask.gif,256,437,128,64,0.816223,4342,822,29,18,2,14,0.18931367989563871,0.1733764011616932,0.1733764011616932,0.0430656929067434,0.18830955086110487,0.0011776357423514128,0.0014464918058365583,0.0014464918058365583,0.8570239543914795,0.01385484728962183,0.18348227441310883,0.00482727587223053,0.5325113534927368,-0.04655790328979492,0.05138517916202545,0.6521940231323242
24,24_y320_x0.png,C:\Users\zhang\Desktop\vessel\images\24_training.tif,C:\Users\zhang\Desktop\vessel\1st_manual\24_manual1.gif,C:\Users\zhang\Desktop\vessel\mask\24_training_mask.gif,320,0,128,64,0.824097,1481,549,11,17,3,11,0.37069547352670174,0.3153182559419482,0.3153182559419482,0.03251366060995154,0.3358225574575848,0.3130902051925659,0.35785210132598877,0.35785210132598877,0.5698508620262146,0.3624703288078308,0.3473203480243683,-0.011497795581817627,0.48682212829589844,-0.04732825979590416,0.03583046421408653,0.6057935357093811
24,24_y320_x64.png,C:\Users\zhang\Desktop\vessel\images\24_training.tif,C:\Users\zhang\Desktop\vessel\1st_manual\24_manual1.gif,C:\Users\zhang\Desktop\vessel\mask\24_training_mask.gif,320,64,128,64,1.0,1924,766,17,26,5,16,0.39812889605962115,0.33513483989019993,0.33513483989019993,0.037336814133984146,0.3601605743438058,0.3602660000324249,0.40761005878448486,0.40761005878448486,0.7011128067970276,0.41998806595802307,0.30746710300445557,0.05269348621368408,0.6664751768112183,0.017021436244249344,0.03567204996943474,0.6053209900856018
24,24_y320_x128.png,C:\Users\zhang\Desktop\vessel\images\24_training.tif,C:\Users\zhang\Desktop\vessel\1st_manual\24_manual1.gif,C:\Users\zhang\Desktop\vessel\mask\24_training_mask.gif,320,128,128,64,1.0,2144,802,18,25,5,15,0.3740671624343882,0.317775073562137,0.317775073562137,0.03647132124100597,0.340954427142675,0.3188883364200592,0.364020973443985,0.364020973443985,0.6775584816932678,0.3745984137058258,0.2909771800041199,0.049977242946624756,0.6588732004165649,0.017021436244249344,0.03295580670237541,0.5972182750701904
24,24_y320_x192.png,C:\Users\zhang\Desktop\vessel\images\24_training.tif,C:\Users\zhang\Desktop\vessel\1st_manual\24_manual1.gif,C:\Users\zhang\Desktop\vessel\mask\24_training_mask.gif,320,192,128,64,1.0,2030,839,20,31,7,17,0.41330049057487445,0.34592774250495845,0.34592774250495845,0.04165673371088518,0.3747481822104319,0.38635578751564026,0.4347102642059326,0.4347102642059326,0.81867915391922,0.4544627070426941,0.2992990016937256,0.07544916868209839,0.7301618456840515,0.017021436244249344,0.058427732437849045,0.6732023358345032
24,24_y320_x256.png,C:\Users\zhang\Desktop\vessel\images\24_training.tif,C:\Users\zhang\Desktop\vessel\1st_manual\24_manual1.gif,C:\Users\zhang\Desktop\vessel\mask\24_training_mask.gif,320,256,128,64,1.0,2065,794,11,24,6,12,0.384503630099256,0.3253416855822901,0.3253416855822901,0.02858942029484357,0.34394434595938,0.3368353843688965,0.38302016258239746,0.38302016258239746,0.4630528688430786,0.3816644251346588,0.29669538140296936,0.0472489595413208,0.6512375473976135,0.017021436244249344,0.030227523297071457,0.5890796780586243
24,24_y320_x320.png,C:\Users\zhang\Desktop\vessel\images\24_training.tif,C:\Users\zhang\Desktop\vessel\1st_manual\24_manual1.gif,C:\Users\zhang\Desktop\vessel\mask\24_training_mask.gif,320,320,128,64,1.0,3144,715,10,18,3,12,0.2274173020756447,0.2049122073992049,0.2049122073992049,0.02405594371949729,0.21477092045647136,0.06670240312814713,0.0806305855512619,0.0806305855512619,0.3396745026111603,0.07639062404632568,0.2326641082763672,-0.017893195152282715,0.4689232409000397,0.017021436244249344,-0.03491463139653206,0.3947571814060211
24,24_y320_x384.png,C:\Users\zhang\Desktop\vessel\images\24_training.tif,C:\Users\zhang\Desktop\vessel\1st_manual\24_manual1.gif,C:\Users\zhang\Desktop\vessel\mask\24_training_mask.gif,320,384,128,64,0.991516,4275,788,21,17,3,11,0.18432748494894158,0.1691750902349809,0.1691750902349809,0.03534263914539798,0.181133278568111,0.0,0.0,0.0,0.6468413472175598,0.0,0.18585142493247986,-0.0047181397676467896,0.5057964324951172,0.010334212332963943,-0.015052352100610733,0.45400741696357727
24,24_y384_x64.png,C:\Users\zhang\Desktop\vessel\images\24_training.tif,C:\Users\zhang\Desktop\vessel\1st_manual\24_manual1.gif,C:\Users\zhang\Desktop\vessel\mask\24_training_mask.gif,384,64,128,64,0.935547,2495,617,9,15,4,7,0.24729458818719602,0.22097687631801474,0.22097687631801474,0.02585089099107146,0.23240177460050368,0.10088431090116501,0.120967797935009,0.120967797935009,0.3885239064693451,0.11805739998817444,0.2678835391998291,-0.0354817658662796,0.4196978509426117,-0.024680184200406075,-0.010801581665873528,0.4666876494884491
24,24_y384_x128.png,C:\Users\zhang\Desktop\vessel\images\24_training.tif,C:\Users\zhang\Desktop\vessel\1st_manual\24_manual1.gif,C:\Users\zhang\Desktop\vessel\mask\24_training_mask.gif,384,128,128,64,1.0,3116,750,12,18,4,10,0.2406931956332054,0.21567025215504756,0.21567025215504756,0.026666666311111118,0.22717266544995127,0.08953224867582321,0.10764327645301819,0.10764327645301819,0.4107252061367035,0.10569953918457031,0.23402686417102814,-0.006854191422462463,0.49981826543807983,0.017021436244249344,-0.023875627666711807,0.4276871085166931
24,24_y384_x192.png,C:\Users\zhang\Desktop\vessel\images\24_training.tif,C:\Users\zhang\Desktop\vessel\1st_manual\24_manual1.gif,C:\Users\zhang\Desktop\vessel\mask\24_training_mask.gif,384,192,128,64,1.0,3590,945,26,25,4,17,0.2632311970383532,0.23367288048646875,0.23367288048646875,0.03857142816326531,0.251699073933243,0.1282896250486374,0.152846559882164,0.152846559882164,0.7347127795219421,0.16366241872310638,0.21245557069778442,0.039243489503860474,0.6288325190544128,0.017021436244249344,0.02222205325961113,0.5651988983154297
24,24_y384_x256.png,C:\Users\zhang\Desktop\vessel\images\24_training.tif,C:\Users\zhang\Desktop\vessel\1st_manual\24_manual1.gif,C:\Users\zhang\Desktop\vessel\mask\24_training_mask.gif,384,256,128,64,1.0,3536,860,20,18,3,12,0.24321266899543928,0.2176988912127189,0.2176988912127189,0.03162790660897783,0.2314696116130267,0.09386485069990158,0.1127370148897171,0.1127370148897171,0.5457451939582825,0.11585444211959839,0.21476444602012634,0.016705170273780823,0.5657541751861572,0.017021436244249344,-0.0003162659704685211,0.497965931892395
24,24_y384_x320.png,C:\Users\zhang\Desktop\vessel\images\24_training.tif,C:\Users\zhang\Desktop\vessel\1st_manual\24_manual1.gif,C:\Users\zhang\Desktop\vessel\mask\24_training_mask.gif,384,320,128,64,0.997192,3637,721,11,17,2,13,0.19824030740104395,0.18085407006268786,0.18085407006268786,0.023647711183804286,0.18940763969320376,0.016528284177184105,0.0202223751693964,0.0202223751693964,0.32856449484825134,0.01644996367394924,0.21047407388687134,-0.02106642723083496,0.460042268037796,0.014767936430871487,-0.03583436459302902,0.3920135200023651
24,24_y384_x384.png,C:\Users\zhang\Desktop\vessel\images\24_training.tif,C:\Users\zhang\Desktop\vessel\1st_manual\24_manual1.gif,C:\Users\zhang\Desktop\vessel\mask\24_training_mask.gif,384,384,128,64,0.832336,2654,635,11,16,3,10,0.23926149118590243,0.21451563056944445,0.21451563056944445,0.02755905468410938,0.2263393265563635,0.08707021921873093,0.1047440841794014,0.1047440841794014,0.43501153588294983,0.10373009741306305,0.25847309827804565,-0.03213377296924591,0.4290679097175598,-0.04779939725995064,0.015665624290704727,0.5456407070159912
24,24_y448_x192.png,C:\Users\zhang\Desktop\vessel\images\24_training.tif,C:\Users\zhang\Desktop\vessel\1st_manual\24_manual1.gif,C:\Users\zhang\Desktop\vessel\mask\24_training_mask.gif,448,192,128,64,0.891541,3169,787,19,17,2,13,0.248343325186673,0.22181733242391824,0.22181733242391824,0.03182973275946972,0.2359381052488618,0.10268775373697281,0.1230781227350235,0.1230781227350235,0.5512378811836243,0.12641476094722748,0.23145759105682373,0.004480510950088501,0.5315408706665039,-0.041110746562480927,0.04559125751256943,0.634910523891449
24,24_y448_x256.png,C:\Users\zhang\Desktop\vessel\images\24_training.tif,C:\Users\zhang\Desktop\vessel\1st_manual\24_manual1.gif,C:\Users\zhang\Desktop\vessel\mask\24_training_mask.gif,448,256,128,64,0.866516,2859,690,16,18,4,10,0.24134312612331887,0.2161939596441533,0.2161939596441533,0.0347826081915564,0.2312335392275208,0.09064989537000656,0.10895825177431107,0.10895825177431107,0.6316002011299133,0.11529652029275894,0.2471393197774887,-0.01590578258037567,0.4744854271411896,-0.04609595611691475,0.030190173536539078,0.5889682173728943
24,24_y456_x192.png,C:\Users\zhang\Desktop\vessel\images\24_training.tif,C:\Users\zhang\Desktop\vessel\1st_manual\24_manual1.gif,C:\Users\zhang\Desktop\vessel\mask\24_training_mask.gif,456,192,128,64,0.829041,3027,737,18,17,1,15,0.24347538736876315,0.21791019103669879,0.21791019103669879,0.031546810969514096,0.23165893424662964,0.09431663900613785,0.11326757073402405,0.11326757073402405,0.5435381531715393,0.11630185693502426,0.23844118416309357,-0.006782248616218567,0.5000196099281311,-0.04765207692980766,0.040869828313589096,0.6208261847496033
24,24_y456_x256.png,C:\Users\zhang\Desktop\vessel\images\24_training.tif,C:\Users\zhang\Desktop\vessel\1st_manual\24_manual1.gif,C:\Users\zhang\Desktop\vessel\mask\24_training_mask.gif,456,256,128,64,0.804016,2600,632,15,18,3,12,0.24307692214201182,0.21758969487931815,0.21758969487931815,0.03512658172268067,0.2328760592777012,0.09363140910863876,0.1124628335237503,0.1124628335237503,0.6409614086151123,0.11917828023433685,0.261604368686676,-0.02872830629348755,0.4385988414287567,-0.04474516585469246,0.01601685956120491,0.5466884970664978
25,25_y64_x64.png,C:\Users\zhang\Desktop\vessel\images\25_training.tif,C:\Users\zhang\Desktop\vessel\1st_manual\25_manual1.gif,C:\Users\zhang\Desktop\vessel\mask\25_training_mask.gif,64,64,128,64,0.833374,1513,511,14,14,2,10,0.3377395879858586,0.29098131495032636,0.29098131495032636,0.03718199535847367,0.31261984675409754,0.25641775131225586,0.29674383997917175,0.29674383997917175,0.6968994140625,0.30763566493988037,0.3440650403499603,-0.031445205211639404,0.43099501729011536,-0.04783445969223976,0.016389254480600357,0.5477993488311768
25,25_y64_x128.png,C:\Users\zhang\Desktop\vessel\images\25_training.tif,C:\Users\zhang\Desktop\vessel\1st_manual\25_manual1.gif,C:\Users\zhang\Desktop\vessel\mask\25_training_mask.gif,64,128,128,64,0.990845,2062,711,20,24,4,16,0.3448108615673576,0.29625337979541494,0.29625337979541494,0.04233473920766893,0.3213369989414737,0.26857784390449524,0.3099815845489502,0.3099815845489502,0.8371310830116272,0.32823678851127625,0.29691681265830994,0.024420171976089478,0.5873462557792664,0.009820842184126377,0.0145993297919631,0.5424599051475525
25,25_y64_x192.png,C:\Users\zhang\Desktop\vessel\images\25_training.tif,C:\Users\zhang\Desktop\vessel\1st_manual\25_manual1.gif,C:\Users\zhang\Desktop\vessel\mask\25_training_mask.gif,64,192,128,64,1.0,2611,754,20,19,1,17,0.2887782447767972,0.2536946725215173,0.2536946725215173,0.03441644516689065,0.27115721009345545,0.17222154140472412,0.20311981439590454,0.20311981439590454,0.6216350793838501,0.20964758098125458,0.26096129417419434,0.010195910930633545,0.5475366115570068,0.017021436244249344,-0.006825525313615799,0.47854846715927124
25,25_y64_x256.png,C:\Users\zhang\Desktop\vessel\images\25_training.tif,C:\Users\zhang\Desktop\vessel\1st_manual\25_manual1.gif,C:\Users\zhang\Desktop\vessel\mask\25_training_mask.gif,64,256,128,64,1.0,3034,683,12,18,5,8,0.22511535851972525,0.20303500978313735,0.20303500978313735,0.030453879495550812,0.21540141722576464,0.06274387240409851,0.07591710239648819,0.07591710239648819,0.5137940645217896,0.07788067311048508,0.23808932304382324,-0.022687911987304688,0.4555041790008545,0.017021436244249344,-0.03970934823155403,0.38045427203178406
25,25_y64_x320.png,C:\Users\zhang\Desktop\vessel\images\25_training.tif,C:\Users\zhang\Desktop\vessel\1st_manual\25_manual1.gif,C:\Users\zhang\Desktop\vessel\mask\25_training_mask.gif,64,320,128,64,0.96582,3656,725,13,17,4,9,0.1983041570068267,0.18090735478721195,0.18090735478721195,0.028482758227824027,0.19121283568329062,0.01663808710873127,0.020356174558401108,0.020356174558401108,0.4601500630378723,0.020716136321425438,0.20968030393123627,-0.01846747100353241,0.46731600165367126,-0.007703873328864574,-0.010763597674667835,0.4668009579181671
25,25_y128_x64.png,C:\Users\zhang\Desktop\vessel\images\25_training.tif,C:\Users\zhang\Desktop\vessel\1st_manual\25_manual1.gif,C:\Users\zhang\Desktop\vessel\mask\25_training_mask.gif,128,64,128,64,0.997864,1860,656,19,21,3,15,0.3526881701468378,0.30209384971130293,0.30209384971130293,0.04153963351311535,0.3271915853184502,0.28212401270866394,0.32464662194252014,0.32464662194252014,0.8154922723770142,0.34207287430763245,0.31261947751045227,0.014572113752365112,0.5597843527793884,0.015303605236113071,-0.0007314914837479591,0.49672725796699524
25,25_y128_x128.png,C:\Users\zhang\Desktop\vessel\images\25_training.tif,C:\Users\zhang\Desktop\vessel\1st_manual\25_manual1.gif,C:\Users\zhang\Desktop\vessel\mask\25_training_mask.gif,128,128,128,64,1.0,2218,749,17,21,2,17,0.33769161254422175,0.290945451242351,0.290945451242351,0.03264352426377137,0.3099404210364782,0.25633522868156433,0.29665374755859375,0.29665374755859375,0.5733851194381714,0.3013034462928772,0.285808801651001,0.02413162589073181,0.5865387320518494,0.017021436244249344,0.007110189646482468,0.5201194286346436
25,25_y128_x192.png,C:\Users\zhang\Desktop\vessel\images\25_training.tif,C:\Users\zhang\Desktop\vessel\1st_manual\25_manual1.gif,C:\Users\zhang\Desktop\vessel\mask\25_training_mask.gif,128,192,128,64,1.0,2558,864,17,21,4,13,0.337763876709289,0.2909994713263143,0.2909994713263143,0.030150462613999274,0.3085470086881495,0.256459504365921,0.29678940773010254,0.29678940773010254,0.5055365562438965,0.2980104386806488,0.2640850841999054,0.0444619357585907,0.6434374451637268,0.017021436244249344,0.027440499514341354,0.5807658433914185
25,25_y128_x256.png,C:\Users\zhang\Desktop\vessel\images\25_training.tif,C:\Users\zhang\Desktop\vessel\1st_manual\25_manual1.gif,C:\Users\zhang\Desktop\vessel\mask\25_training_mask.gif,128,256,128,64,1.0,2789,896,16,24,4,16,0.3212620999596196,0.2785874161241377,0.2785874161241377,0.02912946396060866,0.294817620319872,0.22808226943016052,0.26562368869781494,0.26562368869781494,0.47775015234947205,0.2655639350414276,0.25091537833213806,0.04390224814414978,0.6418710350990295,0.017021436244249344,0.026880811899900436,0.579096257686615
25,25_y128_x320.png,C:\Users\zhang\Desktop\vessel\images\25_training.tif,C:\Users\zhang\Desktop\vessel\1st_manual\25_manual1.gif,C:\Users\zhang\Desktop\vessel\mask\25_training_mask.gif,128,320,128,64,1.0,3726,990,16,21,3,15,0.265700482378689,0.23562570993232557,0.23562570993232557,0.024494949247525766,0.24716898954473462,0.13253594934940338,0.1577499657869339,0.1577499657869339,0.3516220450401306,0.15295656025409698,0.20679104328155518,0.04037794470787048,0.6320075392723083,0.017021436244249344,0.02335650846362114,0.568583071231842
25,25_y128_x384.png,C:\Users\zhang\Desktop\vessel\images\25_training.tif,C:\Users\zhang\Desktop\vessel\1st_manual\25_manual1.gif,C:\Users\zhang\Desktop\vessel\mask\25_training_mask.gif,128,384,128,64,0.969116,4438,901,24,13,1,11,0.20301937764078556,0.1848345446273897,0.1848345446273897,0.03091009954594784,0.19626105297531482,0.024746596813201904,0.03021704964339733,0.03021704964339733,0.5262100696563721,0.03264651447534561,0.1801506131887436,0.016110435128211975,0.5640897154808044,-0.005576442461460829,0.02168687805533409,0.5636024475097656
25,25_y192_x0.png,C:\Users\zhang\Desktop\vessel\images\25_training.tif,C:\Users\zhang\Desktop\vessel\1st_manual\25_manual1.gif,C:\Users\zhang\Desktop\vessel\mask\25_training_mask.gif,192,0,128,64,0.883728,803,519,11,22,7,8,0.6463262684143678,0.4985463015758664,0.4985463015758664,0.043930634991702605,0.5423492127778518,0.787077784538269,0.8179243206977844,0.8179243206977844,0.8805633187294006,0.850551962852478,0.44050994515419006,0.10183927416801453,0.8040202856063843,-0.04300644248723984,0.14484572410583496,0.9309917688369751
25,25_y192_x64.png,C:\Users\zhang\Desktop\vessel\images\25_training.tif,C:\Users\zhang\Desktop\vessel\1st_manual\25_manual1.gif,C:\Users\zhang\Desktop\vessel\mask\25_training_mask.gif,192,64,128,64,1.0,1231,665,14,25,8,9,0.5402112060096571,0.43191955378129837,0.43191955378129837,0.041578946743173736,0.46783707402931435,0.6045973896980286,0.6506293416023254,0.6506293416023254,0.816562294960022,0.6744584441184998,0.37547364830970764,0.09236341714859009,0.7774999737739563,0.017021436244249344,0.07534198462963104,0.7236584424972534
25,25_y192_x128.png,C:\Users\zhang\Desktop\vessel\images\25_training.tif,C:\Users\zhang\Desktop\vessel\1st_manual\25_manual1.gif,C:\Users\zhang\Desktop\vessel\mask\25_training_mask.gif,192,128,128,64,1.0,1469,657,8,25,8,9,0.4472430194197208,0.3696603806243329,0.3696603806243329,0.032952815327963236,0.39402308113788936,0.4447248876094818,0.4943011701107025,0.4943011701107025,0.581802487373352,0.5000148415565491,0.3485592305660248,0.04546386003494263,0.6462415456771851,0.017021436244249344,0.028442423790693283,0.5837545990943909
25,25_y192_x192.png,C:\Users\zhang\Desktop\vessel\images\25_training.tif,C:\Users\zhang\Desktop\vessel\1st_manual\25_manual1.gif,C:\Users\zhang\Desktop\vessel\mask\25_training_mask.gif,192,192,128,64,1.0,1308,586,9,22,6,10,0.4480122289907322,0.3701917393634506,0.3701917393634506,0.03412969225034655,0.39546079963964076,0.44604775309562683,0.49563542008399963,0.49563542008399963,0.6138311624526978,0.5034126043319702,0.36623549461364746,0.029225319623947144,0.6007944941520691,0.017021436244249344,0.0122038833796978,0.5353142023086548
25,25_y192_x256.png,C:\Users\zhang\Desktop\vessel\images\25_training.tif,C:\Users\zhang\Desktop\vessel\1st_manual\25_manual1.gif,C:\Users\zhang\Desktop\vessel\mask\25_training_mask.gif,192,256,128,64,1.0,1113,546,8,29,10,9,0.49056603332824766,0.3991559359579012,0.3991559359579012,0.04514651931966082,0.4351969383064626,0.5192252397537231,0.5683623552322388,0.5683623552322388,0.9136536121368408,0.5973204374313354,0.3908158540725708,0.04438108205795288,0.6432111859321594,0.017021436244249344,0.027359645813703537,0.5805246233940125
25,25_y192_x320.png,C:\Users\zhang\Desktop\vessel\images\25_training.tif,C:\Users\zhang\Desktop\vessel\1st_manual\25_manual1.gif,C:\Users\zhang\Desktop\vessel\mask\25_training_mask.gif,192,320,128,64,1.0,1609,709,5,28,11,6,0.4406463614627324,0.3650918750063373,0.3650918750063373,0.031170662465858076,0.38785218621603684,0.43338102102279663,0.4828299582004547,0.4828299582004547,0.5333012938499451,0.4854312539100647,0.3346966803073883,0.05315551161766052,0.6677682995796204,0.017021436244249344,0.03613407537341118,0.6066992282867432
25,25_y192_x384.png,C:\Users\zhang\Desktop\vessel\images\25_training.tif,C:\Users\zhang\Desktop\vessel\1st_manual\25_manual1.gif,C:\Users\zhang\Desktop\vessel\mask\25_training_mask.gif,192,384,128,64,1.0,4593,1061,29,23,1,21,0.23100370078161617,0.20782985351917538,0.20782985351917538,0.03426013162808547,0.22207040979480072,0.07286974042654037,0.08795658499002457,0.08795658499002457,0.6173810362815857,0.09364143013954163,0.17492052912712097,0.04714988172054291,0.6509602665901184,0.017021436244249344,0.030128445476293564,0.5887840986251831
25,25_y192_x437.png,C:\Users\zhang\Desktop\vessel\images\25_training.tif,C:\Users\zhang\Desktop\vessel\1st_manual\25_manual1.gif,C:\Users\zhang\Desktop\vessel\mask\25_training_mask.gif,192,437,128,64,0.81488,4443,910,29,22,1,20,0.20481656492276265,0.18632732707485267,0.18632732707485267,0.03956043912570946,0.2010697088352544,0.02783711813390255,0.03396531939506531,0.03396531939506531,0.7616286873817444,0.044010765850543976,0.17997907102108002,0.021090641617774963,0.5780278444290161,-0.04639527574181557,0.06748591363430023,0.7002233862876892
25,25_y256_x0.png,C:\Users\zhang\Desktop\vessel\images\25_training.tif,C:\Users\zhang\Desktop\vessel\1st_manual\25_manual1.gif,C:\Users\zhang\Desktop\vessel\mask\25_training_mask.gif,256,0,128,64,0.908386,688,401,8,8,2,4,0.5828488287376624,0.45922627964746965,0.45922627964746965,0.027182044209924087,0.4841916977189426,0.6779190897941589,0.7191945314407349,0.7191945314407349,0.4247512221336365,0.7131090760231018,0.46403148770332336,0.020160198211669922,0.5754238367080688,-0.035975635051727295,0.05613583326339722,0.6663655042648315
25,25_y256_x64.png,C:\Users\zhang\Desktop\vessel\images\25_training.tif,C:\Users\zhang\Desktop\vessel\1st_manual\25_manual1.gif,C:\Users\zhang\Desktop\vessel\mask\25_training_mask.gif,256,64,128,64,1.0,1121,710,14,23,6,11,0.6333630630386882,0.4906411181432407,0.4906411181432407,0.03570422484923627,0.5256770397481746,0.764785647392273,0.7980749607086182,0.7980749607086182,0.6566819548606873,0.8111507892608643,0.3897254467010498,0.13595157861709595,0.8994907736778259,0.017021436244249344,0.1189301460981369,0.8536841869354248
25,25_y256_x128.png,C:\Users\zhang\Desktop\vessel\images\25_training.tif,C:\Users\zhang\Desktop\vessel\1st_manual\25_manual1.gif,C:\Users\zhang\Desktop\vessel\mask\25_training_mask.gif,256,128,128,64,1.0,1414,768,17,31,8,15,0.5431400244473832,0.4338193174473137,0.4338193174473137,0.0426432286114163,0.4708182301072225,0.6096339821815491,0.6553995609283447,0.6553995609283447,0.8455266952514648,0.6815037727355957,0.35437002778053284,0.11644819378852844,0.8449064493179321,0.017021436244249344,0.0994267612695694,0.795504629611969
25,25_y256_x192.png,C:\Users\zhang\Desktop\vessel\images\25_training.tif,C:\Users\zhang\Desktop\vessel\1st_manual\25_manual1.gif,C:\Users\zhang\Desktop\vessel\mask\25_training_mask.gif,256,192,128,64,1.0,1331,597,16,29,7,15,0.4485349327683326,0.3705526544489533,0.3705526544489533,0.050670015901674775,0.4081044722356258,0.44694656133651733,0.4965416193008423,0.4965416193008423,0.9999997019767761,0.5332931876182556,0.36358126997947693,0.0445232093334198,0.6436089277267456,0.017021436244249344,0.027501773089170456,0.5809485912322998
25,25_y256_x256.png,C:\Users\zhang\Desktop\vessel\images\25_training.tif,C:\Users\zhang\Desktop\vessel\1st_manual\25_manual1.gif,C:\Users\zhang\Desktop\vessel\mask\25_training_mask.gif,256,256,128,64,1.0,1270,456,8,12,4,4,0.3590551152830306,0.3067896901104633,0.3067896901104633,0.030482455471875974,0.32549309624650896,0.2930728793144226,0.33643749356269836,0.33643749356269836,0.5145717859268188,0.33805885910987854,0.370724618434906,-0.045231521129608154,0.3924110531806946,0.017021436244249344,-0.0622529573738575,0.3132055103778839
25,25_y256_x320.png,C:\Users\zhang\Desktop\vessel\images\25_training.tif,C:\Users\zhang\Desktop\vessel\1st_manual\25_manual1.gif,C:\Users\zhang\Desktop\vessel\mask\25_training_mask.gif,256,320,128,64,1.0,1626,511,3,15,7,1,0.31426814074865844,0.2732799637407874,0.2732799637407874,0.02416829698300789,0.28648938638717336,0.21605515480041504,0.2522970139980316,0.2522970139980316,0.3427322208881378,0.24588194489479065,0.33309611678123474,-0.04660671949386597,0.38856226205825806,0.017021436244249344,-0.06362815201282501,0.30910322070121765
25,25_y256_x384.png,C:\Users\zhang\Desktop\vessel\images\25_training.tif,C:\Users\zhang\Desktop\vessel\1st_manual\25_manual1.gif,C:\Users\zhang\Desktop\vessel\mask\25_training_mask.gif,256,384,128,64,1.0,4088,869,17,23,4,15,0.21257338499859738,0.19274486570819876,0.19274486570819876,0.0307825082763808,0.20461120655598386,0.041176099330186844,0.05007929727435112,0.05007929727435112,0.5227376818656921,0.05238034203648567,0.19266562163829803,0.011945590376853943,0.5524334907531738,0.017021436244249344,-0.005075845867395401,0.4837678372859955
25,25_y256_x437.png,C:\Users\zhang\Desktop\vessel\images\25_training.tif,C:\Users\zhang\Desktop\vessel\1st_manual\25_manual1.gif,C:\Users\zhang\Desktop\vessel\mask\25_training_mask.gif,256,437,128,64,0.839478,4199,816,17,20,2,16,0.19433198334286264,0.17758701932434118,0.17758701932434118,0.029534313363550082,0.188076840680389,0.009807352907955647,0.012019053101539612,0.012019053101539612,0.4887681305408478,0.013304883614182472,0.18858419358730316,-0.000507354736328125,0.5175812244415283,-0.047930654138326645,0.04742329940199852,0.640375554561615
25,25_y320_x0.png,C:\Users\zhang\Desktop\vessel\images\25_training.tif,C:\Users\zhang\Desktop\vessel\1st_manual\25_manual1.gif,C:\Users\zhang\Desktop\vessel\mask\25_training_mask.gif,320,0,128,64,0.806702,627,233,4,6,2,2,0.3716108393682482,0.3159858442935764,0.3159858442935764,0.026609440918049745,0.3328022576029164,0.3146643340587616,0.35952839255332947,0.35952839255332947,0.4091678559780121,0.35533252358436584,0.47815755009651184,-0.14535528421401978,0.11219323426485062,-0.045208558440208435,-0.10014672577381134,0.20016640424728394
25,25_y320_x64.png,C:\Users\zhang\Desktop\vessel\images\25_training.tif,C:\Users\zhang\Desktop\vessel\1st_manual\25_manual1.gif,C:\Users\zhang\Desktop\vessel\mask\25_training_mask.gif,320,64,128,64,1.0,1146,491,9,13,3,7,0.42844676764008055,0.3565876774791821,0.3565876774791821,0.02942973463483229,0.3775762389237091,0.41240203380584717,0.461476594209671,0.461476594209671,0.4859219789505005,0.4611462354660034,0.3863673806190491,-0.008791148662567139,0.49439725279808044,0.017021436244249344,-0.025812584906816483,0.42190906405448914
25,25_y320_x128.png,C:\Users\zhang\Desktop\vessel\images\25_training.tif,C:\Users\zhang\Desktop\vessel\1st_manual\25_manual1.gif,C:\Users\zhang\Desktop\vessel\mask\25_training_mask.gif,320,128,128,64,1.0,1704,685,13,18,3,12,0.4019953028051919,0.33789643825385574,0.33789643825385574,0.029489050664393418,0.35782492862782783,0.36691486835479736,0.4145442545413971,0.4145442545413971,0.48753631114959717,0.4144682288169861,0.3259604275226593,0.03186449408531189,0.608180820941925,0.017021436244249344,0.014843057841062546,0.5431869626045227
25,25_y320_x192.png,C:\Users\zhang\Desktop\vessel\images\25_training.tif,C:\Users\zhang\Desktop\vessel\1st_manual\25_manual1.gif,C:\Users\zhang\Desktop\vessel\mask\25_training_mask.gif,320,192,128,64,1.0,1881,669,15,20,3,14,0.3556618800868587,0.30428980745668893,0.30428980745668893,0.03423019380821833,0.32512160562290476,0.2872377336025238,0.3301604986190796,0.3301604986190796,0.6165663003921509,0.3371809422969818,0.31090956926345825,0.014212042093276978,0.5587766170501709,0.017021436244249344,-0.0028093941509723663,0.49052879214286804
25,25_y320_x256.png,C:\Users\zhang\Desktop\vessel\images\25_training.tif,C:\Users\zhang\Desktop\vessel\1st_manual\25_manual1.gif,C:\Users\zhang\Desktop\vessel\mask\25_training_mask.gif,320,256,128,64,1.0,1839,554,10,12,2,8,0.30125067807911543,0.26332586204516933,0.26332586204516933,0.025812273902305522,0.2769199405985106,0.19366969168186188,0.22730302810668945,0.22730302810668945,0.3874729573726654,0.22326655685901642,0.3143487572669983,-0.037428826093673706,0.41424858570098877,0.017021436244249344,-0.05445026233792305,0.33648136258125305
25,25_y320_x320.png,C:\Users\zhang\Desktop\vessel\images\25_training.tif,C:\Users\zhang\Desktop\vessel\1st_manual\25_manual1.gif,C:\Users\zhang\Desktop\vessel\mask\25_training_mask.gif,320,320,128,64,1.0,2594,534,7,11,3,5,0.2058596753821909,0.18719273613069334,0.18719273613069334,0.02200374490629691,0.19543061855895638,0.02963090129196644,0.03613831102848053,0.03613831102848053,0.28382405638694763,0.030683977529406548,0.2619563043117523,-0.06652568280696869,0.3328147828578949,0.017021436244249344,-0.08354711532592773,0.2496839165687561
25,25_y320_x384.png,C:\Users\zhang\Desktop\vessel\images\25_training.tif,C:\Users\zhang\Desktop\vessel\1st_manual\25_manual1.gif,C:\Users\zhang\Desktop\vessel\mask\25_training_mask.gif,320,384,128,64,0.996399,3588,679,10,16,5,6,0.18924191697535697,0.17331605956581214,0.17331605956581214,0.026656847913743037,0.1825561792475223,0.0010542270028963685,0.0012949955416843295,0.0012949955416843295,0.4104579985141754,0.0002579902939032763,0.21254046261310577,-0.029984280467033386,0.4350837469100952,0.01413869857788086,-0.044122979044914246,0.36728817224502563
25,25_y384_x64.png,C:\Users\zhang\Desktop\vessel\images\25_training.tif,C:\Users\zhang\Desktop\vessel\1st_manual\25_manual1.gif,C:\Users\zhang\Desktop\vessel\mask\25_training_mask.gif,384,64,128,64,0.935181,1842,443,8,12,2,8,0.2404994558061919,0.2155140854605389,0.2155140854605389,0.027765236393561255,0.22748168451844694,0.08919907361268997,0.1072511225938797,0.1072511225938797,0.4406227767467499,0.1064298078417778,0.3141005337238312,-0.08661885559558868,0.27657973766326904,-0.02485712245106697,-0.06176173314452171,0.3146708309650421
25,25_y384_x128.png,C:\Users\zhang\Desktop\vessel\images\25_training.tif,C:\Users\zhang\Desktop\vessel\1st_manual\25_manual1.gif,C:\Users\zhang\Desktop\vessel\mask\25_training_mask.gif,384,128,128,64,1.0,2546,576,7,12,2,8,0.22623723398964163,0.2039503212333707,0.2039503212333707,0.01961805521496432,0.21195253855950263,0.06467310339212418,0.07821536064147949,0.07821536064147949,0.21889759600162506,0.0697299987077713,0.26480135321617126,-0.05284881591796875,0.37109243869781494,0.017021436244249344,-0.0698702484369278,0.2904827296733856
25,25_y384_x192.png,C:\Users\zhang\Desktop\vessel\images\25_training.tif,C:\Users\zhang\Desktop\vessel\1st_manual\25_manual1.gif,C:\Users\zhang\Desktop\vessel\mask\25_training_mask.gif,384,192,128,64,1.0,2887,675,12,16,3,10,0.2338067189684561,0.21010428353028016,0.21010428353028016,0.027407407001371748,0.22162111075317217,0.07768993079662323,0.09366752952337265,0.09366752952337265,0.4308844804763794,0.09257960319519043,0.24565471708774567,-0.02403360605239868,0.4517379701137543,0.017021436244249344,-0.041055042296648026,0.37644001841545105
25,25_y384_x256.png,C:\Users\zhang\Desktop\vessel\images\25_training.tif,C:\Users\zhang\Desktop\vessel\1st_manual\25_manual1.gif,C:\Users\zhang\Desktop\vessel\mask\25_training_mask.gif,384,256,128,64,1.0,2948,681,13,16,2,12,0.23100406977271346,0.20783015326729287,0.20783015326729287,0.027459617805291957,0.2192440264215631,0.07287038117647171,0.08795733004808426,0.08795733004808426,0.43230536580085754,0.08696188777685165,0.24246962368488312,-0.023225590586662292,0.4539993703365326,0.017021436244249344,-0.040247026830911636,0.37885037064552307
25,25_y384_x320.png,C:\Users\zhang\Desktop\vessel\images\25_training.tif,C:\Users\zhang\Desktop\vessel\1st_manual\25_manual1.gif,C:\Users\zhang\Desktop\vessel\mask\25_training_mask.gif,384,320,128,64,0.999573,3074,606,11,11,1,9,0.19713727977509016,0.17993310652873631,0.17993310652873631,0.023349834598187548,0.18833592308110442,0.014631465077400208,0.01790989562869072,0.01790989562869072,0.3204578161239624,0.013917178846895695,0.23609410226345062,-0.04775817692279816,0.3853396773338318,0.01667618378996849,-0.06443436443805695,0.3066982626914978
25,25_y384_x384.png,C:\Users\zhang\Desktop\vessel\images\25_training.tif,C:\Users\zhang\Desktop\vessel\1st_manual\25_manual1.gif,C:\Users\zhang\Desktop\vessel\mask\25_training_mask.gif,384,384,128,64,0.858948,2408,470,8,12,3,6,0.1951827234419322,0.1782990803404127,0.1782990803404127,0.02787233983250341,0.1882383054585543,0.011270320042967796,0.01380700059235096,0.01380700059235096,0.4435375928878784,0.013686480931937695,0.2732897400856018,-0.08505143225193024,0.28096649050712585,-0.046981245279312134,-0.0380701869726181,0.3853439688682556
25,25_y448_x128.png,C:\Users\zhang\Desktop\vessel\images\25_training.tif,C:\Users\zhang\Desktop\vessel\1st_manual\25_manual1.gif,C:\Users\zhang\Desktop\vessel\mask\25_training_mask.gif,448,128,128,64,0.807922,2195,466,7,11,2,7,0.2123006824040971,0.1925199446705945,0.1925199446705945,0.023497853573007436,0.20156755561010076,0.040707167237997055,0.04951454699039459,0.04951454699039459,0.3244861364364624,0.045187320560216904,0.28739649057388306,-0.08582893013954163,0.27879050374031067,-0.0454070083796978,-0.040421921759843826,0.3783286511898041
25,25_y448_x192.png,C:\Users\zhang\Desktop\vessel\images\25_training.tif,C:\Users\zhang\Desktop\vessel\1st_manual\25_manual1.gif,C:\Users\zhang\Desktop\vessel\mask\25_training_mask.gif,448,192,128,64,0.912231,2506,594,12,14,2,10,0.23703112435342727,0.21271425425260745,0.21271425425260745,0.02861952813771838,0.22488981742236003,0.0832347646355629,0.10022097080945969,0.10022097080945969,0.4638722538948059,0.1003044918179512,0.26721346378326416,-0.04232364892959595,0.40054938197135925,-0.03460278362035751,-0.007720865309238434,0.4758776128292084
25,25_y448_x256.png,C:\Users\zhang\Desktop\vessel\images\25_training.tif,C:\Users\zhang\Desktop\vessel\1st_manual\25_manual1.gif,C:\Users\zhang\Desktop\vessel\mask\25_training_mask.gif,448,256,128,64,0.893433,2513,647,13,13,1,11,0.257461200726378,0.22909476822261496,0.22909476822261496,0.026043276258991097,0.24102752489923712,0.1183672696352005,0.14135125279426575,0.14135125279426575,0.39375966787338257,0.1384425014257431,0.2667885720729828,-0.02576105296611786,0.4469033479690552,-0.040605366230010986,0.014844313263893127,0.5431907176971436
25,25_y456_x192.png,C:\Users\zhang\Desktop\vessel\images\25_training.tif,C:\Users\zhang\Desktop\vessel\1st_manual\25_manual1.gif,C:\Users\zhang\Desktop\vessel\mask\25_training_mask.gif,456,192,128,64,0.849731,2193,552,9,16,2,12,0.25170998517232107,0.22451060460876654,0.22451060460876654,0.02663043430017329,0.23646823442021844,0.10847724974155426,0.12984074652194977,0.12984074652194977,0.4097391963005066,0.1276676207780838,0.28753533959388733,-0.05106709897518158,0.37607893347740173,-0.04766911268234253,-0.0033979862928390503,0.488772988319397
25,25_y456_x256.png,C:\Users\zhang\Desktop\vessel\images\25_training.tif,C:\Users\zhang\Desktop\vessel\1st_manual\25_manual1.gif,C:\Users\zhang\Desktop\vessel\mask\25_training_mask.gif,456,256,128,64,0.830933,2224,611,12,12,1,10,0.2747302145920404,0.24273455982231343,0.24273455982231343,0.02536824835731181,0.2550500610192638,0.14806386828422546,0.17559976875782013,0.17559976875782013,0.37538886070251465,0.17158178985118866,0.28539732098579407,-0.03034725785255432,0.43406787514686584,-0.04774336516857147,0.01739610731601715,0.5508028268814087
26,26_y64_x64.png,C:\Users\zhang\Desktop\vessel\images\26_training.tif,C:\Users\zhang\Desktop\vessel\1st_manual\26_manual1.gif,C:\Users\zhang\Desktop\vessel\mask\26_training_mask.gif,64,64,128,64,0.82373,2936,590,13,12,1,10,0.2009536777896673,0.18311597265348964,0.18311597265348964,0.02796610122091354,0.1933580523062767,0.021194318309426308,0.025901857763528824,0.025901857763528824,0.4460892677307129,0.025785895064473152,0.24309095740318298,-0.049732908606529236,0.37981295585632324,-0.047299306839704514,-0.0024336017668247223,0.4916498064994812
26,26_y64_x128.png,C:\Users\zhang\Desktop\vessel\images\26_training.tif,C:\Users\zhang\Desktop\vessel\1st_manual\26_manual1.gif,C:\Users\zhang\Desktop\vessel\mask\26_training_mask.gif,64,128,128,64,0.988953,2620,697,15,13,2,9,0.2660305333357613,0.23588644138988837,0.23588644138988837,0.028192252106280458,0.24918678143812256,0.13310348987579346,0.1584046334028244,0.1584046334028244,0.45224395394325256,0.15772518515586853,0.26043713092803955,-0.011250346899032593,0.4875146746635437,0.008385450579226017,-0.019635796546936035,0.4403347373008728
26,26_y64_x192.png,C:\Users\zhang\Desktop\vessel\images\26_training.tif,C:\Users\zhang\Desktop\vessel\1st_manual\26_manual1.gif,C:\Users\zhang\Desktop\vessel\mask\26_training_mask.gif,64,192,128,64,1.0,2430,627,10,19,4,11,0.2580246902961947,0.2295427847121949,0.2295427847121949,0.02926634722063242,0.24297854239095085,0.11933629214763641,0.1424761861562729,0.1424761861562729,0.48147544264793396,0.143053337931633,0.27190443873405457,-0.02892589569091797,0.438045859336853,0.017021436244249344,-0.04594733193516731,0.36184605956077576
26,26_y64_x256.png,C:\Users\zhang\Desktop\vessel\images\26_training.tif,C:\Users\zhang\Desktop\vessel\1st_manual\26_manual1.gif,C:\Users\zhang\Desktop\vessel\mask\26_training_mask.gif,64,256,128,64,1.0,1971,560,9,17,3,11,0.28411973473303026,0.2500734522698447,0.2500734522698447,0.028303570923150518,0.26422939565447795,0.16421052813529968,0.19402720034122467,0.19402720034122467,0.45527350902557373,0.19327516853809357,0.30379125475883484,-0.03956186771392822,0.40827879309654236,0.017021436244249344,-0.056583303958177567,0.3301183879375458
26,26_y64_x320.png,C:\Users\zhang\Desktop\vessel\images\26_training.tif,C:\Users\zhang\Desktop\vessel\1st_manual\26_manual1.gif,C:\Users\zhang\Desktop\vessel\mask\26_training_mask.gif,64,320,128,64,0.963074,2059,601,12,16,2,12,0.2918892652166621,0.25610569365062724,0.25610569365062724,0.02945091465139909,0.2711907875015112,0.17757141590118408,0.20917367935180664,0.20917367935180664,0.4864983856678009,0.2097269594669342,0.2971385717391968,-0.025947779417037964,0.44638076424598694,-0.009434456937015057,-0.016513321548700333,0.44964924454689026
26,26_y128_x64.png,C:\Users\zhang\Desktop\vessel\images\26_training.tif,C:\Users\zhang\Desktop\vessel\1st_manual\26_manual1.gif,C:\Users\zhang\Desktop\vessel\mask\26_training_mask.gif,128,64,128,64,0.99646,4053,889,27,18,1,16,0.21934369548644536,0.19831275947641094,0.19831275947641094,0.03667041578548464,0.21285718216754457,0.05281864479184151,0.06405986845493317,0.06405986845493317,0.6829768419265747,0.0718679428100586,0.193975567817688,0.018881618976593018,0.5718454122543335,0.014187014661729336,0.004694604314863682,0.5129136443138123
26,26_y128_x128.png,C:\Users\zhang\Desktop\vessel\images\26_training.tif,C:\Users\zhang\Desktop\vessel\1st_manual\26_manual1.gif,C:\Users\zhang\Desktop\vessel\mask\26_training_mask.gif,128,128,128,64,1.0,1711,655,9,18,6,6,0.3828170638058617,0.32412276902814596,0.32412276902814596,0.028396946131344334,0.34253096265221483,0.33393505215644836,0.3799595534801483,0.3799595534801483,0.45781469345092773,0.3783242106437683,0.3253360986709595,0.01719486713409424,0.5671247243881226,0.017021436244249344,0.0001734308898448944,0.4994267225265503
26,26_y128_x192.png,C:\Users\zhang\Desktop\vessel\images\26_training.tif,C:\Users\zhang\Desktop\vessel\1st_manual\26_manual1.gif,C:\Users\zhang\Desktop\vessel\mask\26_training_mask.gif,128,192,128,64,1.0,1886,627,8,15,6,3,0.33244962708139114,0.28701907302727,0.28701907302727,0.02639553386928973,0.30217111635371685,0.24732086062431335,0.2867949306964874,0.2867949306964874,0.40334635972976685,0.2829423248767853,0.3105052709579468,-0.008334159851074219,0.4956762492656708,0.017021436244249344,-0.025355596095323563,0.4232722818851471
26,26_y128_x256.png,C:\Users\zhang\Desktop\vessel\images\26_training.tif,C:\Users\zhang\Desktop\vessel\1st_manual\26_manual1.gif,C:\Users\zhang\Desktop\vessel\mask\26_training_mask.gif,128,256,128,64,1.0,2007,671,11,15,2,11,0.33432984387478903,0.2884291762063486,0.2884291762063486,0.024366616626428965,0.30248526252734226,0.2505541741847992,0.2903355658054352,0.2903355658054352,0.3481294810771942,0.28368473052978516,0.30103451013565063,0.0014507472515106201,0.5230613946914673,0.017021436244249344,-0.015570688992738724,0.4524611830711365
26,26_y128_x320.png,C:\Users\zhang\Desktop\vessel\images\26_training.tif,C:\Users\zhang\Desktop\vessel\1st_manual\26_manual1.gif,C:\Users\zhang\Desktop\vessel\mask\26_training_mask.gif,128,320,128,64,1.0,1181,501,9,11,1,9,0.4242167618609927,0.35362202181343383,0.35362202181343383,0.02425149652192622,0.3707737482776039,0.4051278829574585,0.45403003692626953,0.45403003692626953,0.34499648213386536,0.4450700283050537,0.3817870318889618,-0.011013269424438477,0.48817819356918335,0.017021436244249344,-0.02803470566868782,0.41528037190437317
26,26_y128_x384.png,C:\Users\zhang\Desktop\vessel\images\26_training.tif,C:\Users\zhang\Desktop\vessel\1st_manual\26_manual1.gif,C:\Users\zhang\Desktop\vessel\mask\26_training_mask.gif,128,384,128,64,0.966614,1028,408,4,16,6,4,0.3968871556723039,0.3342463008292209,0.3342463008292209,0.031617646283881216,0.35538246345184904,0.35813066363334656,0.4053790271282196,0.4053790271282196,0.545465886592865,0.4086960256099701,0.402910441160202,-0.047527968883514404,0.38598397374153137,-0.007196389138698578,-0.040331579744815826,0.378598153591156
26,26_y192_x0.png,C:\Users\zhang\Desktop\vessel\images\26_training.tif,C:\Users\zhang\Desktop\vessel\1st_manual\26_manual1.gif,C:\Users\zhang\Desktop\vessel\mask\26_training_mask.gif,192,0,128,64,0.862915,3788,720,21,16,2,12,0.1900739171328566,0.17401542043206114,0.17401542043206114,0.037083332818287046,0.18692156393485368,0.0024849839974194765,0.0030510276556015015,0.0030510276556015015,0.6942142844200134,0.010574644431471825,0.2042769491672516,-0.017355382442474365,0.4704284071922302,-0.04655323550105095,0.029197853058576584,0.5860080718994141
26,26_y192_x64.png,C:\Users\zhang\Desktop\vessel\images\26_training.tif,C:\Users\zhang\Desktop\vessel\1st_manual\26_manual1.gif,C:\Users\zhang\Desktop\vessel\mask\26_training_mask.gif,192,64,128,64,1.0,3061,663,18,14,2,10,0.21659588299053942,0.19605669886992358,0.19605669886992358,0.034690798873441946,0.20965942588649855,0.048093393445014954,0.05839505419135094,0.05839505419135094,0.629101574420929,0.064310722053051,0.23673969507217407,-0.027080267667770386,0.44321122765541077,0.017021436244249344,-0.04410170391201973,0.3673516511917114
26,26_y192_x128.png,C:\Users\zhang\Desktop\vessel\images\26_training.tif,C:\Users\zhang\Desktop\vessel\1st_manual\26_manual1.gif,C:\Users\zhang\Desktop\vessel\mask\26_training_mask.gif,192,128,128,64,1.0,1088,425,1,11,5,1,0.3906249964096967,0.32975328379067687,0.32975328379067687,0.01729411724013842,0.34115886769107007,0.3473619520664215,0.39409738779067993,0.39409738779067993,0.15565170347690582,0.3750815689563751,0.3942745327949524,-0.053115665912628174,0.3703455924987793,0.017021436244249344,-0.07013709843158722,0.2896867096424103
26,26_y192_x192.png,C:\Users\zhang\Desktop\vessel\images\26_training.tif,C:\Users\zhang\Desktop\vessel\1st_manual\26_manual1.gif,C:\Users\zhang\Desktop\vessel\mask\26_training_mask.gif,192,192,128,64,1.0,1313,496,4,13,6,1,0.3777608501312959,0.32045960900426873,0.32045960900426873,0.023891128550582088,0.33577189243224925,0.32524019479751587,0.3707616329193115,0.3707616329193115,0.3351891040802002,0.36235058307647705,0.3656545579433441,-0.02988266944885254,0.4353681206703186,0.017021436244249344,-0.04690410569310188,0.35899195075035095
26,26_y192_x256.png,C:\Users\zhang\Desktop\vessel\images\26_training.tif,C:\Users\zhang\Desktop\vessel\1st_manual\26_manual1.gif,C:\Users\zhang\Desktop\vessel\mask\26_training_mask.gif,192,256,128,64,1.0,1480,585,8,17,5,7,0.3952702675995252,0.33308813672283066,0.33308813672283066,0.02811965763898021,0.3518207854593343,0.35535016655921936,0.4024709463119507,0.4024709463119507,0.45026829838752747,0.4002787470817566,0.3474231958389282,0.004397600889205933,0.5313088297843933,0.017021436244249344,-0.012623835355043411,0.46125179529190063
26,26_y192_x320.png,C:\Users\zhang\Desktop\vessel\images\26_training.tif,C:\Users\zhang\Desktop\vessel\1st_manual\26_manual1.gif,C:\Users\zhang\Desktop\vessel\mask\26_training_mask.gif,192,320,128,64,1.0,1106,465,7,10,2,6,0.4204339925819711,0.35096245349712213,0.35096245349712213,0.02279569843450111,0.3669633220006282,0.39862290024757385,0.4473520815372467,0.4473520815372467,0.30537697672843933,0.4360648989677429,0.3917763829231262,-0.024813055992126465,0.44955652952194214,0.017021436244249344,-0.04183449223637581,0.37411487102508545
26,26_y192_x384.png,C:\Users\zhang\Desktop\vessel\images\26_training.tif,C:\Users\zhang\Desktop\vessel\1st_manual\26_manual1.gif,C:\Users\zhang\Desktop\vessel\mask\26_training_mask.gif,192,384,128,64,1.0,631,344,1,15,7,1,0.5451663938959367,0.4351316028651838,0.4351316028651838,0.03008720842769743,0.4613153933229495,0.6131185293197632,0.6586946845054626,0.6586946845054626,0.5038151144981384,0.6590458750724792,0.4771900475025177,-0.015874654054641724,0.4745725393295288,0.017021436244249344,-0.03289609029889107,0.400778591632843
26,26_y192_x437.png,C:\Users\zhang\Desktop\vessel\images\26_training.tif,C:\Users\zhang\Desktop\vessel\1st_manual\26_manual1.gif,C:\Users\zhang\Desktop\vessel\mask\26_training_mask.gif,192,437,128,64,0.805298,310,245,1,9,4,1,0.7903225551508853,0.5823958020271964,0.5823958020271964,0.023877550045814284,0.6102081718459494,1.0,1.0,1.0,0.3348195552825928,1.0,0.5852442979812622,0.024963855743408203,0.5888679027557373,-0.04497087374329567,0.06993472576141357,0.707528293132782
26,26_y256_x0.png,C:\Users\zhang\Desktop\vessel\images\26_training.tif,C:\Users\zhang\Desktop\vessel\1st_manual\26_manual1.gif,C:\Users\zhang\Desktop\vessel\mask\26_training_mask.gif,256,0,128,64,0.886292,2929,532,6,11,3,5,0.18163195567896223,0.16689649628281458,0.16689649628281458,0.020206766537466794,0.17364137335543064,0.0,0.0,0.0,0.23491933941841125,0.0,0.24345457553863525,-0.06981320679187775,0.3236139416694641,-0.04241829365491867,-0.027394913136959076,0.4171888530254364
26,26_y256_x64.png,C:\Users\zhang\Desktop\vessel\images\26_training.tif,C:\Users\zhang\Desktop\vessel\1st_manual\26_manual1.gif,C:\Users\zhang\Desktop\vessel\mask\26_training_mask.gif,256,64,128,64,1.0,2418,574,4,10,3,4,0.23738626866258777,0.21300130712622653,0.21300130712622653,0.014634146086513136,0.21923549161643344,0.08384550362825394,0.1009417474269867,0.1009417474269867,0.08326075226068497,0.08694171160459518,0.27265849709510803,-0.05342300236225128,0.36948543787002563,0.017021436244249344,-0.07044443488121033,0.2887699007987976
26,26_y256_x128.png,C:\Users\zhang\Desktop\vessel\images\26_training.tif,C:\Users\zhang\Desktop\vessel\1st_manual\26_manual1.gif,C:\Users\zhang\Desktop\vessel\mask\26_training_mask.gif,256,128,128,64,1.0,930,437,2,8,3,2,0.4698924680656724,0.3851892471392488,0.3851892471392488,0.01304347796239181,0.39523766205207095,0.48367395997047424,0.5332930088043213,0.5332930088043213,0.03997078910470009,0.5028852224349976,0.41816145181655884,-0.022923797369003296,0.45484402775764465,0.017021436244249344,-0.03994523361325264,0.37975063920021057
26,26_y256_x192.png,C:\Users\zhang\Desktop\vessel\images\26_training.tif,C:\Users\zhang\Desktop\vessel\1st_manual\26_manual1.gif,C:\Users\zhang\Desktop\vessel\mask\26_training_mask.gif,256,192,128,64,1.0,879,517,5,15,6,3,0.5881683664599731,0.4625813814239003,0.4625813814239003,0.026208896978551315,0.48682887696377025,0.6870667934417725,0.7276190519332886,0.7276190519332886,0.3982670307159424,0.7193414568901062,0.42674630880355835,0.06008255481719971,0.6871550679206848,0.017021436244249344,0.04306111857295036,0.6273629665374756
26,26_y256_x256.png,C:\Users\zhang\Desktop\vessel\images\26_training.tif,C:\Users\zhang\Desktop\vessel\1st_manual\26_manual1.gif,C:\Users\zhang\Desktop\vessel\mask\26_training_mask.gif,256,256,128,64,1.0,1142,646,9,24,7,10,0.5656742507384042,0.44831656235377776,0.44831656235377776,0.03328173323093292,0.47815806681631245,0.6483848094940186,0.691801130771637,0.691801130771637,0.5907539129257202,0.6988498568534851,0.3868997097015381,0.09125834703445435,0.7744072079658508,0.017021436244249344,0.0742369145154953,0.7203619480133057
26,26_y256_x320.png,C:\Users\zhang\Desktop\vessel\images\26_training.tif,C:\Users\zhang\Desktop\vessel\1st_manual\26_manual1.gif,C:\Users\zhang\Desktop\vessel\mask\26_training_mask.gif,256,320,128,64,1.0,1094,532,6,18,6,6,0.4862888438182007,0.3962823041351231,0.3962823041351231,0.0293233077194867,0.41952292003100594,0.5118699669837952,0.5611469149589539,0.5611469149589539,0.48302561044692993,0.5602782368659973,0.3934372663497925,0.026085644960403442,0.5920074582099915,0.017021436244249344,0.009064208716154099,0.5259483456611633
26,26_y256_x384.png,C:\Users\zhang\Desktop\vessel\images\26_training.tif,C:\Users\zhang\Desktop\vessel\1st_manual\26_manual1.gif,C:\Users\zhang\Desktop\vessel\mask\26_training_mask.gif,256,384,128,64,1.0,676,360,1,13,6,1,0.5325443708203496,0.4269293416360746,0.4269293416360746,0.02458333265046298,0.44792003368344013,0.591413140296936,0.6380994319915771,0.6380994319915771,0.3540273904800415,0.6273887753486633,0.46670883893966675,-0.018788814544677734,0.4664166569709778,0.017021436244249344,-0.03581025078892708,0.3920854926109314
26,26_y256_x437.png,C:\Users\zhang\Desktop\vessel\images\26_training.tif,C:\Users\zhang\Desktop\vessel\1st_manual\26_manual1.gif,C:\Users\zhang\Desktop\vessel\mask\26_training_mask.gif,256,437,128,64,0.829773,439,310,1,13,6,1,0.7061503256002204,0.5342395610141398,0.5342395610141398,0.028548386175858514,0.5647429156106454,0.8899540901184082,0.9075475335121155,0.9075475335121155,0.4619361460208893,0.903474748134613,0.5323701500892639,0.03237277269363403,0.6096033453941345,-0.047689538449048996,0.08006231486797333,0.7377394437789917
26,26_y320_x64.png,C:\Users\zhang\Desktop\vessel\images\26_training.tif,C:\Users\zhang\Desktop\vessel\1st_manual\26_manual1.gif,C:\Users\zhang\Desktop\vessel\mask\26_training_mask.gif,320,64,128,64,1.0,3018,650,8,11,2,7,0.21537441943215896,0.19505219346138997,0.19505219346138997,0.018384615101775154,0.20222411246447924,0.045992907136678696,0.05587282404303551,0.05587282404303551,0.1853295862674713,0.04673892632126808,0.23889479041099548,-0.036670684814453125,0.4163703918457031,0.017021436244249344,-0.05369212105870247,0.3387429416179657
26,26_y320_x128.png,C:\Users\zhang\Desktop\vessel\images\26_training.tif,C:\Users\zhang\Desktop\vessel\1st_manual\26_manual1.gif,C:\Users\zhang\Desktop\vessel\mask\26_training_mask.gif,320,128,128,64,1.0,1698,518,5,12,3,6,0.30506478029997186,0.26625267961923565,0.26625267961923565,0.019498069121658898,0.27663550592132113,0.20022860169410706,0.23465199768543243,0.23465199768543243,0.21563217043876648,0.22259436547756195,0.3264976143836975,-0.04986211657524109,0.37945133447647095,0.017021436244249344,-0.06688354909420013,0.2993921935558319
26,26_y320_x192.png,C:\Users\zhang\Desktop\vessel\images\26_training.tif,C:\Users\zhang\Desktop\vessel\1st_manual\26_manual1.gif,C:\Users\zhang\Desktop\vessel\mask\26_training_mask.gif,320,192,128,64,1.0,1729,646,12,12,2,8,0.37362637146543454,0.31745422921228744,0.31745422921228744,0.025232197751823563,0.3334743649895618,0.31813034415245056,0.3632153272628784,0.3632153272628784,0.3716862201690674,0.35692089796066284,0.3237423002719879,0.009732067584991455,0.5462384819984436,0.017021436244249344,-0.007289368659257889,0.4771648049354553
26,26_y320_x256.png,C:\Users\zhang\Desktop\vessel\images\26_training.tif,C:\Users\zhang\Desktop\vessel\1st_manual\26_manual1.gif,C:\Users\zhang\Desktop\vessel\mask\26_training_mask.gif,320,256,128,64,1.0,2030,774,16,16,2,12,0.38128078629910944,0.32301117475887314,0.32301117475887314,0.02803617534836983,0.3411231706289185,0.3312931954860687,0.3771684169769287,0.3771684169769287,0.4479963481426239,0.37499716877937317,0.2992990016937256,0.041824162006378174,0.636055052280426,0.017021436244249344,0.02480272576212883,0.57289719581604
26,26_y320_x320.png,C:\Users\zhang\Desktop\vessel\images\26_training.tif,C:\Users\zhang\Desktop\vessel\1st_manual\26_manual1.gif,C:\Users\zhang\Desktop\vessel\mask\26_training_mask.gif,320,320,128,64,1.0,1272,572,8,17,4,9,0.44968553105593134,0.37134665777782994,0.37134665777782994,0.027360139381815744,0.3916668504093756,0.4489251971244812,0.49853527545928955,0.49853527545928955,0.4295980632305145,0.49444642663002014,0.3704850375652313,0.021181821823120117,0.5782830715179443,0.017021436244249344,0.004160385578870773,0.5113199949264526
26,26_y320_x384.png,C:\Users\zhang\Desktop\vessel\images\26_training.tif,C:\Users\zhang\Desktop\vessel\1st_manual\26_manual1.gif,C:\Users\zhang\Desktop\vessel\mask\26_training_mask.gif,320,384,128,64,0.995422,618,375,2,12,5,2,0.6067961066861471,0.4742422004767456,0.4742422004767456,0.023199999381333353,0.49624703799207087,0.7190998792648315,0.7568985223770142,0.7568985223770142,0.3163800537586212,0.7415993213653564,0.48035719990730286,0.01588982343673706,0.5634722709655762,0.013367876410484314,0.0025219470262527466,0.5064324736595154
26,26_y384_x64.png,C:\Users\zhang\Desktop\vessel\images\26_training.tif,C:\Users\zhang\Desktop\vessel\1st_manual\26_manual1.gif,C:\Users\zhang\Desktop\vessel\mask\26_training_mask.gif,384,64,128,64,0.925659,2418,568,11,13,2,9,0.23490487909468616,0.21099394613771022,0.21099394613771022,0.027552816416323657,0.22262090106348625,0.07957839965820312,0.09590139985084534,0.09590139985084534,0.4348417818546295,0.09494240581989288,0.27265849709510803,-0.05003759264945984,0.3789602518081665,-0.029223214834928513,-0.020814377814531326,0.4368189871311188
26,26_y384_x128.png,C:\Users\zhang\Desktop\vessel\images\26_training.tif,C:\Users\zhang\Desktop\vessel\1st_manual\26_manual1.gif,C:\Users\zhang\Desktop\vessel\mask\26_training_mask.gif,384,128,128,64,1.0,2711,591,9,12,1,10,0.21800073693101904,0.19721077432119963,0.19721077432119963,0.021150591858704028,0.205553023516813,0.050509240478277206,0.061292864382267,0.061292864382267,0.2606055438518524,0.0546061173081398,0.2552362382411957,-0.049683213233947754,0.3799520432949066,0.017021436244249344,-0.0667046457529068,0.29992589354515076
26,26_y384_x192.png,C:\Users\zhang\Desktop\vessel\images\26_training.tif,C:\Users\zhang\Desktop\vessel\1st_manual\26_manual1.gif,C:\Users\zhang\Desktop\vessel\mask\26_training_mask.gif,384,192,128,64,1.0,2743,571,10,13,2,9,0.2081662405826969,0.18910370642076302,0.18910370642076302,0.025656742107587702,0.198807276475216,0.03359737992286682,0.04093661904335022,0.04093661904335022,0.3832401931285858,0.038663964718580246,0.2534487247467041,-0.05464145541191101,0.366075336933136,0.017021436244249344,-0.07166288793087006,0.2851351797580719
26,26_y384_x256.png,C:\Users\zhang\Desktop\vessel\images\26_training.tif,C:\Users\zhang\Desktop\vessel\1st_manual\26_manual1.gif,C:\Users\zhang\Desktop\vessel\mask\26_training_mask.gif,384,256,128,64,1.0,2471,597,11,15,3,9,0.2416025890667641,0.2164029557110446,0.2164029557110446,0.02872696769301562,0.22883615714581312,0.09109607338905334,0.10948304831981659,0.10948304831981659,0.46679621934890747,0.10963084548711777,0.2693558633327484,-0.040519699454307556,0.40559810400009155,0.017021436244249344,-0.0575411356985569,0.3272611200809479
26,26_y384_x320.png,C:\Users\zhang\Desktop\vessel\images\26_training.tif,C:\Users\zhang\Desktop\vessel\1st_manual\26_manual1.gif,C:\Users\zhang\Desktop\vessel\mask\26_training_mask.gif,384,320,128,64,0.999207,1868,622,11,16,3,10,0.33297644361361645,0.2874143693327106,0.2874143693327106,0.028135047779179297,0.3035872033599076,0.24822679162025452,0.2877874970436096,0.2877874970436096,0.4506871700286865,0.28628894686698914,0.31196582317352295,-0.00837862491607666,0.49555179476737976,0.01638101041316986,-0.02475963532924652,0.4250500500202179
26,26_y384_x384.png,C:\Users\zhang\Desktop\vessel\images\26_training.tif,C:\Users\zhang\Desktop\vessel\1st_manual\26_manual1.gif,C:\Users\zhang\Desktop\vessel\mask\26_training_mask.gif,384,384,128,64,0.852905,1131,458,6,16,5,6,0.40495136688814,0.3400026878721288,0.3400026878721288,0.0307860255286894,0.3609373507294375,0.37199825048446655,0.41983288526535034,0.41983288526535034,0.5228334069252014,0.42182379961013794,0.38837331533432007,-0.02743595838546753,0.44221577048301697,-0.04748063161969185,0.02004467323422432,0.5587036609649658
26,26_y448_x192.png,C:\Users\zhang\Desktop\vessel\images\26_training.tif,C:\Users\zhang\Desktop\vessel\1st_manual\26_manual1.gif,C:\Users\zhang\Desktop\vessel\mask\26_training_mask.gif,448,192,128,64,0.904602,2176,421,6,8,1,6,0.19347426381675428,0.17686860294192377,0.17686860294192377,0.019239904531118658,0.18367447301223366,0.008332367986440659,0.01021516602486372,0.01021516602486372,0.20860624313354492,0.0029008237179368734,0.28872066736221313,-0.10504619777202606,0.2250068634748459,-0.037253860384225845,-0.06779234111309052,0.2966812252998352
26,26_y448_x256.png,C:\Users\zhang\Desktop\vessel\images\26_training.tif,C:\Users\zhang\Desktop\vessel\1st_manual\26_manual1.gif,C:\Users\zhang\Desktop\vessel\mask\26_training_mask.gif,448,256,128,64,0.886902,1840,430,6,10,2,6,0.233695650903828,0.2100142588429208,0.2100142588429208,0.022325580876149283,0.21939163948480517,0.07749895006418228,0.09344146400690079,0.09344146400690079,0.29258278012275696,0.08731073886156082,0.3142659664154053,-0.0948743224143982,0.25347504019737244,-0.04227348417043686,-0.052600838243961334,0.34199827909469604
26,26_y456_x192.png,C:\Users\zhang\Desktop\vessel\images\26_training.tif,C:\Users\zhang\Desktop\vessel\1st_manual\26_manual1.gif,C:\Users\zhang\Desktop\vessel\mask\26_training_mask.gif,456,192,128,64,0.842102,2067,411,6,8,1,6,0.19883889599013593,0.1813535017049026,0.1813535017049026,0.01970802871756621,0.18850174174416542,0.017557630315423012,0.021476401016116142,0.021476401016116142,0.2213461995124817,0.014309058897197247,0.29654794931411743,-0.10804620385169983,0.21661069989204407,-0.04791422560811043,-0.0601319782435894,0.31953248381614685
26,26_y456_x256.png,C:\Users\zhang\Desktop\vessel\images\26_training.tif,C:\Users\zhang\Desktop\vessel\1st_manual\26_manual1.gif,C:\Users\zhang\Desktop\vessel\mask\26_training_mask.gif,456,256,128,64,0.824402,1810,419,6,10,2,6,0.23149171142822259,0.2082262080874523,0.2082262080874523,0.022911693963921384,0.2177678383973873,0.07370895147323608,0.08895180374383926,0.08895180374383926,0.30853381752967834,0.08347321301698685,0.3167695701122284,-0.09900173544883728,0.24192358553409576,-0.04735180363059044,-0.05164993181824684,0.3448348939418793
27,27_y64_x64.png,C:\Users\zhang\Desktop\vessel\images\27_training.tif,C:\Users\zhang\Desktop\vessel\1st_manual\27_manual1.gif,C:\Users\zhang\Desktop\vessel\mask\27_training_mask.gif,64,64,128,64,0.863525,1545,522,5,15,6,3,0.33786407548308045,0.2910743687153599,0.2910743687153599,0.025957853908853377,0.30618570059481,0.2566318213939667,0.2969774603843689,0.2969774603843689,0.3914349377155304,0.29242992401123047,0.34087783098220825,-0.03469213843345642,0.42190778255462646,-0.04648037627339363,0.01178823783993721,0.5340742468833923
27,27_y64_x128.png,C:\Users\zhang\Desktop\vessel\images\27_training.tif,C:\Users\zhang\Desktop\vessel\1st_manual\27_manual1.gif,C:\Users\zhang\Desktop\vessel\mask\27_training_mask.gif,64,128,128,64,0.996521,2263,675,11,13,3,7,0.2982766226324497,0.2610377100850483,0.2610377100850483,0.02437037000932785,0.27376088124736886,0.18855540454387665,0.2215576171875,0.2215576171875,0.34823164343833923,0.21580082178115845,0.2827494740486145,-0.00898858904838562,0.4938446879386902,0.014235301874577999,-0.023223891854286194,0.4296312630176544
27,27_y64_x192.png,C:\Users\zhang\Desktop\vessel\images\27_training.tif,C:\Users\zhang\Desktop\vessel\1st_manual\27_manual1.gif,C:\Users\zhang\Desktop\vessel\mask\27_training_mask.gif,64,192,128,64,1.0,2684,710,10,20,4,12,0.264530550430214,0.23470094692319274,0.23470094692319274,0.026338027798055948,0.24706406705177894,0.13052405416965485,0.155427947640419,0.155427947640419,0.4017813503742218,0.15270860493183136,0.25676092505455017,-0.009696856141090393,0.4918624460697174,0.017021436244249344,-0.026718292385339737,0.41920730471611023
27,27_y64_x256.png,C:\Users\zhang\Desktop\vessel\images\27_training.tif,C:\Users\zhang\Desktop\vessel\1st_manual\27_manual1.gif,C:\Users\zhang\Desktop\vessel\mask\27_training_mask.gif,64,256,128,64,1.0,2702,727,12,16,1,14,0.26905995459267223,0.23827643315811606,0.23827643315811606,0.023246217011743918,0.24935448450607176,0.13831304013729095,0.1644057333469391,0.1644057333469391,0.3176378607749939,0.1581214964389801,0.25574275851249695,-0.006388276815414429,0.501122236251831,0.017021436244249344,-0.023409713059663773,0.4290769696235657
27,27_y64_x320.png,C:\Users\zhang\Desktop\vessel\images\27_training.tif,C:\Users\zhang\Desktop\vessel\1st_manual\27_manual1.gif,C:\Users\zhang\Desktop\vessel\mask\27_training_mask.gif,64,320,128,64,0.96936,2341,609,10,17,4,9,0.2601452359669148,0.23122698096110647,0.23122698096110647,0.02898193712673338,0.2446297926095448,0.12298289686441422,0.14670506119728088,0.14670506119728088,0.4737352132797241,0.1469556987285614,0.2775879502296448,-0.03295816481113434,0.4267606735229492,-0.005416755564510822,-0.02754141017794609,0.4167518615722656
27,27_y128_x64.png,C:\Users\zhang\Desktop\vessel\images\27_training.tif,C:\Users\zhang\Desktop\vessel\1st_manual\27_manual1.gif,C:\Users\zhang\Desktop\vessel\mask\27_training_mask.gif,128,64,128,64,0.999939,1784,686,11,16,3,10,0.38452914582663034,0.32536011492527006,0.32536011492527006,0.02551020370976379,0.3419601205468216,0.33687925338745117,0.38306647539138794,0.38306647539138794,0.3792521357536316,0.3769751787185669,0.3189731538295746,0.02298697829246521,0.5833351612091064,0.016972079873085022,0.006014898419380188,0.516852080821991
27,27_y128_x128.png,C:\Users\zhang\Desktop\vessel\images\27_training.tif,C:\Users\zhang\Desktop\vessel\1st_manual\27_manual1.gif,C:\Users\zhang\Desktop\vessel\mask\27_training_mask.gif,128,128,128,64,1.0,2533,885,17,19,5,9,0.3493880759992575,0.2996512126516606,0.2996512126516606,0.0295480222649941,0.3173594140579881,0.2764489948749542,0.31851327419281006,0.31851327419281006,0.48914119601249695,0.31883665919303894,0.2655811011791229,0.051778316497802734,0.663913905620575,0.017021436244249344,0.03475688025355339,0.6025909781455994
27,27_y128_x192.png,C:\Users\zhang\Desktop\vessel\images\27_training.tif,C:\Users\zhang\Desktop\vessel\1st_manual\27_manual1.gif,C:\Users\zhang\Desktop\vessel\mask\27_training_mask.gif,128,192,128,64,1.0,2788,925,16,22,5,12,0.3317790518946232,0.28651568140310496,0.28651568140310496,0.028324324018115417,0.30274640739577036,0.24616774916648865,0.2855309545993805,0.2855309545993805,0.45583832263946533,0.2843019366264343,0.2509700059890747,0.05177640914916992,0.6639085412025452,0.017021436244249344,0.03475497290492058,0.6025852560997009
27,27_y128_x256.png,C:\Users\zhang\Desktop\vessel\images\27_training.tif,C:\Users\zhang\Desktop\vessel\1st_manual\27_manual1.gif,C:\Users\zhang\Desktop\vessel\mask\27_training_mask.gif,128,256,128,64,1.0,3141,876,18,18,2,14,0.2788920717004391,0.24599413412635618,0.24599413412635618,0.027853880960572137,0.2596979167842653,0.15522080659866333,0.18378430604934692,0.18378430604934692,0.44303518533706665,0.18256600201129913,0.23280954360961914,0.026888370513916016,0.5942540764808655,0.017021436244249344,0.009866934269666672,0.5283429622650146
27,27_y128_x320.png,C:\Users\zhang\Desktop\vessel\images\27_training.tif,C:\Users\zhang\Desktop\vessel\1st_manual\27_manual1.gif,C:\Users\zhang\Desktop\vessel\mask\27_training_mask.gif,128,320,128,64,1.0,3242,767,15,18,4,10,0.23658235584027648,0.21235140975675743,0.21235140975675743,0.029986961799387722,0.22508695698160147,0.08246304839849472,0.09930989891290665,0.09930989891290665,0.501086950302124,0.10077039152383804,0.22798825800418854,-0.00290130078792572,0.510881245136261,0.017021436244249344,-0.019922737032175064,0.4394787847995758
27,27_y128_x384.png,C:\Users\zhang\Desktop\vessel\images\27_training.tif,C:\Users\zhang\Desktop\vessel\1st_manual\27_manual1.gif,C:\Users\zhang\Desktop\vessel\mask\27_training_mask.gif,128,384,128,64,0.968018,2880,722,15,11,1,9,0.25069444357397763,0.22369895190992298,0.22369895190992298,0.02513850380694593,0.2349458658183178,0.1067308709025383,0.1278027594089508,0.1278027594089508,0.36913633346557617,0.12406980991363525,0.24602451920509338,-0.01107865571975708,0.4879951775074005,-0.006291239056736231,-0.004787416663020849,0.48462823033332825
27,27_y192_x0.png,C:\Users\zhang\Desktop\vessel\images\27_training.tif,C:\Users\zhang\Desktop\vessel\1st_manual\27_manual1.gif,C:\Users\zhang\Desktop\vessel\mask\27_training_mask.gif,192,0,128,64,0.914856,706,427,3,15,6,3,0.6048158554558661,0.4730090181965837,0.4730090181965837,0.0270491796943986,0.49859803005712455,0.7156945466995239,0.7538020014762878,0.7538020014762878,0.4211353063583374,0.7471554279327393,0.4601016044616699,0.038496434688568115,0.6267417073249817,-0.03362269699573517,0.07211913168430328,0.7140445113182068
27,27_y192_x64.png,C:\Users\zhang\Desktop\vessel\images\27_training.tif,C:\Users\zhang\Desktop\vessel\1st_manual\27_manual1.gif,C:\Users\zhang\Desktop\vessel\mask\27_training_mask.gif,192,64,128,64,1.0,1255,665,9,25,7,11,0.5298804738654942,0.4251896106961488,0.4251896106961488,0.03285714236305049,0.45313064183601554,0.5868321657180786,0.6337310671806335,0.6337310671806335,0.5791987180709839,0.6397029161453247,0.3725337088108063,0.080596923828125,0.744568943977356,0.017021436244249344,0.06357549130916595,0.6885583996772766
27,27_y192_x128.png,C:\Users\zhang\Desktop\vessel\images\27_training.tif,C:\Users\zhang\Desktop\vessel\1st_manual\27_manual1.gif,C:\Users\zhang\Desktop\vessel\mask\27_training_mask.gif,192,128,128,64,1.0,1489,797,13,33,10,13,0.5352585591990695,0.4286988093292835,0.4286988093292835,0.03895859424142291,0.46210181525816485,0.5960805416107178,0.64254230260849,0.64254230260849,0.7452494502067566,0.6609044075012207,0.3464999794960022,0.11560183763504028,0.8425377011299133,0.017021436244249344,0.09858040511608124,0.7929798364639282
27,27_y192_x192.png,C:\Users\zhang\Desktop\vessel\images\27_training.tif,C:\Users\zhang\Desktop\vessel\1st_manual\27_manual1.gif,C:\Users\zhang\Desktop\vessel\mask\27_training_mask.gif,192,192,128,64,1.0,1407,712,14,27,9,9,0.5060412188625357,0.4094844987657967,0.4094844987657967,0.040941010660940864,0.4430139172247177,0.5458371043205261,0.5942966341972351,0.5942966341972351,0.7992008328437805,0.6157941818237305,0.35512575507164,0.08788815140724182,0.7649750709533691,0.017021436244249344,0.07086671888828278,0.7103084921836853
27,27_y192_x256.png,C:\Users\zhang\Desktop\vessel\images\27_training.tif,C:\Users\zhang\Desktop\vessel\1st_manual\27_manual1.gif,C:\Users\zhang\Desktop\vessel\mask\27_training_mask.gif,192,256,128,64,1.0,1827,783,18,24,6,12,0.4285714262256627,0.3566749422966962,0.3566749422966962,0.037931033998326515,0.38373304102191047,0.41261640191078186,0.46169570088386536,0.46169570088386536,0.7172844409942627,0.47569650411605835,0.315345823764801,0.06838721036911011,0.7103974223136902,0.017021436244249344,0.051365774124860764,0.6521361470222473
27,27_y192_x320.png,C:\Users\zhang\Desktop\vessel\images\27_training.tif,C:\Users\zhang\Desktop\vessel\1st_manual\27_manual1.gif,C:\Users\zhang\Desktop\vessel\mask\27_training_mask.gif,192,320,128,64,1.0,2305,881,22,23,3,17,0.3822125796867133,0.3236855338395821,0.3236855338395821,0.035130533085919034,0.34642802455155175,0.33289557695388794,0.3788616955280304,0.3788616955280304,0.6410689949989319,0.38753411173820496,0.27994847297668457,0.06647956371307373,0.7050584554672241,0.017021436244249344,0.04945812746882439,0.6464455723762512
27,27_y192_x384.png,C:\Users\zhang\Desktop\vessel\images\27_training.tif,C:\Users\zhang\Desktop\vessel\1st_manual\27_manual1.gif,C:\Users\zhang\Desktop\vessel\mask\27_training_mask.gif,192,384,128,64,1.0,3745,1066,33,23,1,21,0.2846461941664988,0.2504833451564768,0.2504833451564768,0.03785178200889511,0.26944582711192033,0.1651158481836319,0.19505636394023895,0.19505636394023895,0.7151275873184204,0.20560312271118164,0.2060161828994751,0.06342965364456177,0.6965226531028748,0.017021436244249344,0.046408217400312424,0.6373475193977356
27,27_y256_x0.png,C:\Users\zhang\Desktop\vessel\images\27_training.tif,C:\Users\zhang\Desktop\vessel\1st_manual\27_manual1.gif,C:\Users\zhang\Desktop\vessel\mask\27_training_mask.gif,256,0,128,64,0.932983,902,601,9,17,3,11,0.6662971101297438,0.5106038652572363,0.5106038652572363,0.02637271170760879,0.537535882327676,0.8214206099510193,0.8481999039649963,0.8481999039649963,0.4027252793312073,0.8391767740249634,0.4228147268295288,0.11472117900848389,0.8400729894638062,-0.02590559609234333,0.14062677323818207,0.9184063673019409
27,27_y256_x64.png,C:\Users\zhang\Desktop\vessel\images\27_training.tif,C:\Users\zhang\Desktop\vessel\1st_manual\27_manual1.gif,C:\Users\zhang\Desktop\vessel\mask\27_training_mask.gif,256,64,128,64,1.0,1193,778,15,31,8,15,0.6521374631002728,0.5020698817461412,0.5020698817461412,0.03952442108580436,0.5417579245874101,0.7970709800720215,0.8267717957496643,0.8267717957496643,0.7606484293937683,0.8491546511650085,0.3802478015422821,0.1615101397037506,0.9710220098495483,0.017021436244249344,0.14448870718479156,0.9299268126487732
27,27_y256_x128.png,C:\Users\zhang\Desktop\vessel\images\27_training.tif,C:\Users\zhang\Desktop\vessel\1st_manual\27_manual1.gif,C:\Users\zhang\Desktop\vessel\mask\27_training_mask.gif,256,128,128,64,1.0,1251,813,11,33,12,9,0.6498800907283766,0.5007026129858984,0.5007026129858984,0.03769987653505687,0.5384554663665958,0.7931891679763794,0.8233386874198914,0.8233386874198914,0.7109935879707336,0.8413499593734741,0.3730197846889496,0.16543570160865784,0.9820085167884827,0.017021436244249344,0.1484142690896988,0.9416369795799255
27,27_y256_x192.png,C:\Users\zhang\Desktop\vessel\images\27_training.tif,C:\Users\zhang\Desktop\vessel\1st_manual\27_manual1.gif,C:\Users\zhang\Desktop\vessel\mask\27_training_mask.gif,256,192,128,64,1.0,1093,769,14,40,13,14,0.7035681545876655,0.5327249658819123,0.5327249658819123,0.04798439469461126,0.5838499359350143,0.8855136036872864,0.9037444591522217,0.9037444591522217,0.9908862113952637,0.9486299753189087,0.3935764729976654,0.1902734339237213,1.0,0.017021436244249344,0.17325200140476227,1.0
27,27_y256_x256.png,C:\Users\zhang\Desktop\vessel\images\27_training.tif,C:\Users\zhang\Desktop\vessel\1st_manual\27_manual1.gif,C:\Users\zhang\Desktop\vessel\mask\27_training_mask.gif,256,256,128,64,1.0,1108,763,15,38,12,14,0.6886281526297098,0.5239164552863251,0.5239164552863251,0.047706421393100634,0.5739048136676631,0.8598220348358154,0.8816269636154175,0.8816269636154175,0.9833211898803711,0.9251269102096558,0.3915013372898102,0.18240347504615784,1.0,0.017021436244249344,0.1653820425271988,0.9922527074813843
27,27_y256_x320.png,C:\Users\zhang\Desktop\vessel\images\27_training.tif,C:\Users\zhang\Desktop\vessel\1st_manual\27_manual1.gif,C:\Users\zhang\Desktop\vessel\mask\27_training_mask.gif,256,320,128,64,1.0,1751,884,19,33,9,15,0.5048543660488043,0.40869612677365497,0.40869612677365497,0.04100678686643906,0.44221475670114785,0.5437961220741272,0.5923170447349548,0.5923170447349548,0.8009909987449646,0.6139055490493774,0.32181668281555176,0.12039807438850403,0.8559610843658447,0.017021436244249344,0.10337664186954498,0.807287335395813
27,27_y256_x384.png,C:\Users\zhang\Desktop\vessel\images\27_training.tif,C:\Users\zhang\Desktop\vessel\1st_manual\27_manual1.gif,C:\Users\zhang\Desktop\vessel\mask\27_training_mask.gif,256,384,128,64,1.0,3860,1180,40,26,2,22,0.3056994810733174,0.2667388979999912,0.2667388979999912,0.041694914900890556,0.28898220930572505,0.20132005214691162,0.23587286472320557,0.23587286472320557,0.8197182416915894,0.2517731785774231,0.2014084756374359,0.08757373690605164,0.76409512758255,0.017021436244249344,0.07055230438709259,0.7093706130981445
27,27_y256_x437.png,C:\Users\zhang\Desktop\vessel\images\27_training.tif,C:\Users\zhang\Desktop\vessel\1st_manual\27_manual1.gif,C:\Users\zhang\Desktop\vessel\mask\27_training_mask.gif,256,437,128,64,0.816406,3588,970,33,23,1,21,0.2703455956790814,0.23928898603381954,0.23928898603381954,0.04159793771548518,0.2591968427078924,0.14052389562129974,0.16694816946983337,0.16694816946983337,0.8170790672302246,0.18138183653354645,0.21254046261310577,0.04665638506412506,0.6495791077613831,-0.046579357236623764,0.09323574602603912,0.7770365476608276
27,27_y320_x0.png,C:\Users\zhang\Desktop\vessel\images\27_training.tif,C:\Users\zhang\Desktop\vessel\1st_manual\27_manual1.gif,C:\Users\zhang\Desktop\vessel\mask\27_training_mask.gif,320,0,128,64,0.822449,1219,595,12,14,2,10,0.48810500009758,0.3975034985030442,0.3975034985030442,0.028571428091236507,0.4202179837500335,0.5149931311607361,0.564213216304779,0.564213216304779,0.46256324648857117,0.5619209408760071,0.376965194940567,0.043252795934677124,0.640053391456604,-0.04719291627407074,0.09044571220874786,0.7687137126922607
27,27_y320_x64.png,C:\Users\zhang\Desktop\vessel\images\27_training.tif,C:\Users\zhang\Desktop\vessel\1st_manual\27_manual1.gif,C:\Users\zhang\Desktop\vessel\mask\27_training_mask.gif,320,64,128,64,1.0,1898,818,21,19,2,15,0.4309799766544785,0.3583595079218948,0.3583595079218948,0.03392420496425177,0.3826736307171563,0.4167582392692566,0.46592554450035095,0.46592554450035095,0.6082387566566467,0.47319281101226807,0.3095392882823944,0.07313433289527893,0.7236833572387695,0.017021436244249344,0.05611289665102959,0.6662970781326294
27,27_y320_x128.png,C:\Users\zhang\Desktop\vessel\images\27_training.tif,C:\Users\zhang\Desktop\vessel\1st_manual\27_manual1.gif,C:\Users\zhang\Desktop\vessel\mask\27_training_mask.gif,320,128,128,64,1.0,2055,838,15,20,3,14,0.4077858860934993,0.34201817663623946,0.34201817663623946,0.02732696864764954,0.360710816615969,0.37687262892723083,0.42489364743232727,0.42489364743232727,0.42869535088539124,0.42128846049308777,0.2974347472190857,0.06327608227729797,0.6960928440093994,0.017021436244249344,0.04625464603304863,0.6368893980979919
27,27_y320_x192.png,C:\Users\zhang\Desktop\vessel\images\27_training.tif,C:\Users\zhang\Desktop\vessel\1st_manual\27_manual1.gif,C:\Users\zhang\Desktop\vessel\mask\27_training_mask.gif,320,192,128,64,1.0,1689,843,19,25,4,17,0.4991118975777863,0.4048728644850507,0.4048728644850507,0.0349347564064679,0.433161134277799,0.5339211225509644,0.5827171206474304,0.5827171206474304,0.6357408761978149,0.5925092697143555,0.32730695605278015,0.10585418343544006,0.8152568340301514,0.017021436244249344,0.08883275091648102,0.7639021873474121
27,27_y320_x256.png,C:\Users\zhang\Desktop\vessel\images\27_training.tif,C:\Users\zhang\Desktop\vessel\1st_manual\27_manual1.gif,C:\Users\zhang\Desktop\vessel\mask\27_training_mask.gif,320,256,128,64,1.0,2015,811,20,23,3,17,0.40248138758073754,0.33824308743948067,0.33824308743948067,0.03569667033666252,0.36239139141144483,0.36775073409080505,0.4154146909713745,0.4154146909713745,0.6564763784408569,0.425260066986084,0.3004286289215088,0.06196275353431702,0.6924172639846802,0.017021436244249344,0.04494131729006767,0.6329717040061951
27,27_y320_x320.png,C:\Users\zhang\Desktop\vessel\images\27_training.tif,C:\Users\zhang\Desktop\vessel\1st_manual\27_manual1.gif,C:\Users\zhang\Desktop\vessel\mask\27_training_mask.gif,320,320,128,64,1.0,3289,885,16,15,1,13,0.2690787465214997,0.2382912408034347,0.2382912408034347,0.02322033872067414,0.2493576474546857,0.1383453905582428,0.16444288194179535,0.16444288194179535,0.3169335424900055,0.15812897682189941,0.2257956564426422,0.023561984300613403,0.5849444270133972,0.017021436244249344,0.0065405480563640594,0.5184201598167419
27,27_y320_x384.png,C:\Users\zhang\Desktop\vessel\images\27_training.tif,C:\Users\zhang\Desktop\vessel\1st_manual\27_manual1.gif,C:\Users\zhang\Desktop\vessel\mask\27_training_mask.gif,320,384,128,64,0.991699,3363,889,19,19,3,13,0.2643473081642958,0.23455602709986784,0.23455602709986784,0.02986501653695145,0.2485660663562262,0.13020896911621094,0.15506407618522644,0.15506407618522644,0.49776819348335266,0.1562582403421402,0.22240616381168365,0.026159897446632385,0.5922152400016785,0.010474612936377525,0.01568528451025486,0.545699417591095
27,27_y384_x64.png,C:\Users\zhang\Desktop\vessel\images\27_training.tif,C:\Users\zhang\Desktop\vessel\1st_manual\27_manual1.gif,C:\Users\zhang\Desktop\vessel\mask\27_training_mask.gif,384,64,128,64,0.93457,1808,569,9,9,1,7,0.31471238763986514,0.2736179250840823,0.2736179250840823,0.020123022493444245,0.28462996440623534,0.21681907773017883,0.25314560532569885,0.25314560532569885,0.23264023661613464,0.24148759245872498,0.31693795323371887,-0.032307982444763184,0.4285803735256195,-0.025151021778583527,-0.007156960666179657,0.47755974531173706
27,27_y384_x128.png,C:\Users\zhang\Desktop\vessel\images\27_training.tif,C:\Users\zhang\Desktop\vessel\1st_manual\27_manual1.gif,C:\Users\zhang\Desktop\vessel\mask\27_training_mask.gif,384,128,128,64,1.0,2471,722,12,14,2,10,0.29218939582278675,0.2563379858110783,0.2563379858110783,0.023545706045073327,0.268409303535266,0.1780875027179718,0.209757000207901,0.209757000207901,0.3257884383201599,0.20315352082252502,0.2693558633327484,-0.0009465515613555908,0.5163520574569702,0.017021436244249344,-0.017967987805604935,0.44530990719795227
27,27_y384_x192.png,C:\Users\zhang\Desktop\vessel\images\27_training.tif,C:\Users\zhang\Desktop\vessel\1st_manual\27_manual1.gif,C:\Users\zhang\Desktop\vessel\mask\27_training_mask.gif,384,192,128,64,1.0,2736,762,18,18,3,12,0.27850877091188314,0.24569437603991195,0.24569437603991195,0.03307086570773142,0.26194502747023357,0.15456168353557587,0.1830316185951233,0.1830316185951233,0.5850152373313904,0.1878765970468521,0.2538379430770874,0.008107095956802368,0.5416906476020813,0.017021436244249344,-0.008914340287446976,0.4723174273967743
27,27_y384_x256.png,C:\Users\zhang\Desktop\vessel\images\27_training.tif,C:\Users\zhang\Desktop\vessel\1st_manual\27_manual1.gif,C:\Users\zhang\Desktop\vessel\mask\27_training_mask.gif,384,256,128,64,1.0,2956,759,19,15,1,13,0.2567658989960558,0.22854167439260725,0.22854167439260725,0.03102766757539305,0.24272390459296234,0.11717161536216736,0.13996244966983795,0.13996244966983795,0.529409646987915,0.14245156943798065,0.24205680191516876,0.0006671100854873657,0.5208682417869568,0.017021436244249344,-0.016354326158761978,0.45012354850769043
27,27_y384_x320.png,C:\Users\zhang\Desktop\vessel\images\27_training.tif,C:\Users\zhang\Desktop\vessel\1st_manual\27_manual1.gif,C:\Users\zhang\Desktop\vessel\mask\27_training_mask.gif,384,320,128,64,0.997314,3277,758,15,13,1,11,0.23130912349310612,0.20807793143197775,0.20807793143197775,0.02486807355055312,0.2184269260381725,0.07339496910572052,0.08857951313257217,0.08857951313257217,0.36177659034729004,0.08503083884716034,0.22635246813297272,-0.007925540208816528,0.4968198537826538,0.01486498024314642,-0.022790521383285522,0.43092402815818787
27,27_y384_x384.png,C:\Users\zhang\Desktop\vessel\images\27_training.tif,C:\Users\zhang\Desktop\vessel\1st_manual\27_manual1.gif,C:\Users\zhang\Desktop\vessel\mask\27_training_mask.gif,384,384,128,64,0.833374,1778,494,6,16,5,6,0.27784026840359805,0.24517136254430358,0.24517136254430358,0.028542509543673895,0.2591669744548162,0.15341205894947052,0.1817183941602707,0.1817183941602707,0.4617761969566345,0.18131126463413239,0.31948623061180115,-0.06031924486160278,0.350184828042984,-0.04783445969223976,-0.012484785169363022,0.4616665840148926
27,27_y448_x192.png,C:\Users\zhang\Desktop\vessel\images\27_training.tif,C:\Users\zhang\Desktop\vessel\1st_manual\27_manual1.gif,C:\Users\zhang\Desktop\vessel\mask\27_training_mask.gif,448,192,128,64,0.891113,2189,510,8,9,1,7,0.23298309624036956,0.20943651463192162,0.20943651463192162,0.02049019567666283,0.2180193049652143,0.0762735977768898,0.09199082106351852,0.09199082106351852,0.24263286590576172,0.08406750857830048,0.2878133952617645,-0.06979408860206604,0.32366743683815,-0.041222576051950455,-0.028571512550115585,0.41367900371551514
27,27_y448_x256.png,C:\Users\zhang\Desktop\vessel\images\27_training.tif,C:\Users\zhang\Desktop\vessel\1st_manual\27_manual1.gif,C:\Users\zhang\Desktop\vessel\mask\27_training_mask.gif,448,256,128,64,0.86676,1993,512,8,13,2,9,0.2568991457255437,0.22864769228062498,0.22864769228062498,0.024707030767440807,0.2399461034167885,0.11740075796842575,0.14022867381572723,0.14022867381572723,0.3573938310146332,0.1358868032693863,0.30210065841674805,-0.062154561281204224,0.34504830837249756,-0.04606259986758232,-0.016091961413621902,0.4509061872959137
27,27_y456_x192.png,C:\Users\zhang\Desktop\vessel\images\27_training.tif,C:\Users\zhang\Desktop\vessel\1st_manual\27_manual1.gif,C:\Users\zhang\Desktop\vessel\mask\27_training_mask.gif,456,192,128,64,0.828613,1895,451,8,9,1,7,0.2379947216992363,0.2134929106824238,0.2134929106824238,0.02317073119355363,0.22338648437272737,0.08489181101322174,0.10217612981796265,0.10217612981796265,0.3155835270881653,0.09675168246030807,0.30978021025657654,-0.08639372885227203,0.2772097885608673,-0.047628920525312424,-0.03876480832695961,0.3832719027996063
27,27_y456_x256.png,C:\Users\zhang\Desktop\vessel\images\27_training.tif,C:\Users\zhang\Desktop\vessel\1st_manual\27_manual1.gif,C:\Users\zhang\Desktop\vessel\mask\27_training_mask.gif,456,256,128,64,0.80426,1694,438,6,13,3,7,0.2585596206696599,0.2299679088609793,0.2299679088609793,0.02614155191457644,0.24199134491733104,0.12025617063045502,0.14354363083839417,0.14354363083839417,0.3964342772960663,0.14072029292583466,0.326856791973114,-0.08486545085906982,0.28148701786994934,-0.04478876665234566,-0.04007668420672417,0.3793584704399109
28,28_y64_x64.png,C:\Users\zhang\Desktop\vessel\images\28_training.tif,C:\Users\zhang\Desktop\vessel\1st_manual\28_manual1.gif,C:\Users\zhang\Desktop\vessel\mask\28_training_mask.gif,64,64,128,64,0.802551,1858,597,16,16,2,12,0.321313238313707,0.27862611954602556,0.27862611954602556,0.0363484081013667,0.29888135134794386,0.2281702160835266,0.26572081446647644,0.26572081446647644,0.6742134094238281,0.27516767382621765,0.3127833306789398,-0.013901978731155396,0.48009350895881653,-0.04447707533836365,0.030575096607208252,0.5901165008544922
28,28_y64_x128.png,C:\Users\zhang\Desktop\vessel\images\28_training.tif,C:\Users\zhang\Desktop\vessel\1st_manual\28_manual1.gif,C:\Users\zhang\Desktop\vessel\mask\28_training_mask.gif,64,128,128,64,0.985718,2537,704,18,17,2,13,0.27749310099529717,0.24489964268606954,0.24489964268606954,0.03416193133292711,0.2616321322398693,0.1528150588274002,0.18103612959384918,0.18103612959384918,0.6147085428237915,0.18713714182376862,0.26534074544906616,-0.0037086009979248047,0.508621871471405,0.005973071325570345,-0.009681671857833862,0.4700284004211426
28,28_y64_x192.png,C:\Users\zhang\Desktop\vessel\images\28_training.tif,C:\Users\zhang\Desktop\vessel\1st_manual\28_manual1.gif,C:\Users\zhang\Desktop\vessel\mask\28_training_mask.gif,64,192,128,64,1.0,2651,612,7,21,7,7,0.2308562797779846,0.20771008959679801,0.20771008959679801,0.03014705833093042,0.22023378597079293,0.07261623442173004,0.08765587210655212,0.08765587210655212,0.5054439306259155,0.08930095285177231,0.2586453855037689,-0.03841160237789154,0.4114980697631836,0.017021436244249344,-0.055433038622140884,0.3335496783256531
28,28_y64_x256.png,C:\Users\zhang\Desktop\vessel\images\28_training.tif,C:\Users\zhang\Desktop\vessel\1st_manual\28_manual1.gif,C:\Users\zhang\Desktop\vessel\mask\28_training_mask.gif,64,256,128,64,1.0,2852,725,14,17,2,13,0.25420757274120764,0.2265039570141586,0.2265039570141586,0.027655172032342454,0.23903196880862432,0.11277221143245697,0.13484589755535126,0.13484589755535126,0.4376273453235626,0.13372644782066345,0.24751274287700653,-0.008480772376060486,0.495265930891037,0.017021436244249344,-0.02550220862030983,0.42283493280410767
28,28_y64_x320.png,C:\Users\zhang\Desktop\vessel\images\28_training.tif,C:\Users\zhang\Desktop\vessel\1st_manual\28_manual1.gif,C:\Users\zhang\Desktop\vessel\mask\28_training_mask.gif,64,320,128,64,0.984741,3310,793,19,17,1,15,0.23957703855112675,0.21477022348717048,0.21477022348717048,0.030580075276417713,0.22790560268991195,0.08761285245418549,0.10538336634635925,0.10538336634635925,0.5172284841537476,0.10743165761232376,0.22482608258724213,0.003079518675804138,0.5276198983192444,0.005254859570413828,-0.0021753408946096897,0.49242016673088074
28,28_y64_x384.png,C:\Users\zhang\Desktop\vessel\images\28_training.tif,C:\Users\zhang\Desktop\vessel\1st_manual\28_manual1.gif,C:\Users\zhang\Desktop\vessel\mask\28_training_mask.gif,64,384,128,64,0.816711,2375,518,10,15,2,11,0.21810526223955679,0.19729658775348663,0.19729658775348663,0.02963320406113506,0.20898964784441604,0.0506889708340168,0.06150834262371063,0.06150834262371063,0.4914593994617462,0.06272784620523453,0.2753916084766388,-0.06640195846557617,0.33316105604171753,-0.046614740043878555,-0.019787218421697617,0.4398830235004425
28,28_y128_x64.png,C:\Users\zhang\Desktop\vessel\images\28_training.tif,C:\Users\zhang\Desktop\vessel\1st_manual\28_manual1.gif,C:\Users\zhang\Desktop\vessel\mask\28_training_mask.gif,128,64,128,64,0.991516,2091,803,20,23,4,15,0.38402677960771503,0.3249972064358198,0.3249972064358198,0.03704856740910875,0.34907856825663885,0.3360153138637543,0.38215523958206177,0.38215523958206177,0.6932681798934937,0.3937980830669403,0.2947896420955658,0.05428892374038696,0.6709403991699219,0.010334212332963943,0.04395471140742302,0.6300286054611206
28,28_y128_x128.png,C:\Users\zhang\Desktop\vessel\images\28_training.tif,C:\Users\zhang\Desktop\vessel\1st_manual\28_manual1.gif,C:\Users\zhang\Desktop\vessel\mask\28_training_mask.gif,128,128,128,64,1.0,2013,754,17,23,6,11,0.37456532352426564,0.3181375527934469,0.3181375527934469,0.03759946899735452,0.3420611588997498,0.3197450041770935,0.3649311363697052,0.3649311363697052,0.7082609534263611,0.3772139549255371,0.30057987570762634,0.04148128628730774,0.635095477104187,0.017021436244249344,0.024459850043058395,0.5718743801116943
28,28_y128_x192.png,C:\Users\zhang\Desktop\vessel\images\28_training.tif,C:\Users\zhang\Desktop\vessel\1st_manual\28_manual1.gif,C:\Users\zhang\Desktop\vessel\mask\28_training_mask.gif,128,192,128,64,1.0,2004,709,12,24,6,12,0.35379241340422946,0.3029098491501129,0.3029098491501129,0.03342736201089758,0.3231608035185273,0.28402289748191833,0.3266955018043518,0.3266955018043518,0.5947172045707703,0.33254697918891907,0.30126234889030457,0.02189844846725464,0.5802887082099915,0.017021436244249344,0.004877012223005295,0.5134577751159668
28,28_y128_x256.png,C:\Users\zhang\Desktop\vessel\images\28_training.tif,C:\Users\zhang\Desktop\vessel\1st_manual\28_manual1.gif,C:\Users\zhang\Desktop\vessel\mask\28_training_mask.gif,128,256,128,64,1.0,2134,821,18,24,3,18,0.38472352209595345,0.325500496676559,0.325500496676559,0.03325213114187417,0.34714766708102723,0.3372134864330292,0.3834189176559448,0.3834189176559448,0.5899483561515808,0.3892348110675812,0.2916892468929291,0.0554584264755249,0.6742134690284729,0.017021436244249344,0.03843699023127556,0.613568902015686
28,28_y128_x320.png,C:\Users\zhang\Desktop\vessel\images\28_training.tif,C:\Users\zhang\Desktop\vessel\1st_manual\28_manual1.gif,C:\Users\zhang\Desktop\vessel\mask\28_training_mask.gif,128,320,128,64,1.0,2649,818,19,22,1,20,0.308795770823723,0.2691074555222823,0.2691074555222823,0.03178484068722689,0.28621453072532377,0.20664462447166443,0.24182017147541046,0.24182017147541046,0.5500161051750183,0.24523235857486725,0.25876036286354065,0.02745416760444641,0.5958375334739685,0.017021436244249344,0.010432731360197067,0.5300307273864746
28,28_y128_x384.png,C:\Users\zhang\Desktop\vessel\images\28_training.tif,C:\Users\zhang\Desktop\vessel\1st_manual\28_manual1.gif,C:\Users\zhang\Desktop\vessel\mask\28_training_mask.gif,128,384,128,64,0.990295,3303,775,20,15,1,13,0.23463517942889742,0.21077552516824255,0.21077552516824255,0.03167741894609782,0.22412917439691893,0.07911458611488342,0.09535296261310577,0.09535296261310577,0.5470925569534302,0.0985068678855896,0.22514858841896057,-0.0010194182395935059,0.5161480903625488,0.009401697665452957,-0.010421115905046463,0.4678226113319397
28,28_y192_x0.png,C:\Users\zhang\Desktop\vessel\images\28_training.tif,C:\Users\zhang\Desktop\vessel\1st_manual\28_manual1.gif,C:\Users\zhang\Desktop\vessel\mask\28_training_mask.gif,192,0,128,64,0.813599,845,460,9,16,4,8,0.5443786917825008,0.43462168822813574,0.43462168822813574,0.035434781838374306,0.46542313763731563,0.6117640137672424,0.6574143171310425,0.6574143171310425,0.6493490934371948,0.6687536239624023,0.4327505826950073,0.03267255425453186,0.6104423403739929,-0.046231675893068314,0.07890422642230988,0.7342848181724548
28,28_y192_x64.png,C:\Users\zhang\Desktop\vessel\images\28_training.tif,C:\Users\zhang\Desktop\vessel\1st_manual\28_manual1.gif,C:\Users\zhang\Desktop\vessel\mask\28_training_mask.gif,192,64,128,64,1.0,1259,641,12,22,7,8,0.5091342294747083,0.41153612843053083,0.41153612843053083,0.03712948460016405,0.4420963771164759,0.5511559844017029,0.5994480848312378,0.5994480848312378,0.6954703330993652,0.6136258244514465,0.3720491826534271,0.07004719972610474,0.7150432467460632,0.017021436244249344,0.05302576348185539,0.6570879817008972
28,28_y192_x128.png,C:\Users\zhang\Desktop\vessel\images\28_training.tif,C:\Users\zhang\Desktop\vessel\1st_manual\28_manual1.gif,C:\Users\zhang\Desktop\vessel\mask\28_training_mask.gif,192,128,128,64,1.0,1471,680,7,23,9,5,0.46227056109945236,0.37999040651719646,0.37999040651719646,0.030514705433607275,0.4031809971621343,0.4705670177936554,0.5202391147613525,0.5202391147613525,0.5154494643211365,0.5216575860977173,0.3483520448207855,0.054828941822052,0.6724517345428467,0.017021436244249344,0.03780750557780266,0.6116911172866821
28,28_y192_x192.png,C:\Users\zhang\Desktop\vessel\images\28_training.tif,C:\Users\zhang\Desktop\vessel\1st_manual\28_manual1.gif,C:\Users\zhang\Desktop\vessel\mask\28_training_mask.gif,192,192,128,64,1.0,1530,683,9,26,10,6,0.44640522584048875,0.36908132364737367,0.36908132364737367,0.036017569018776445,0.3956681477433949,0.443284273147583,0.492847204208374,0.492847204208374,0.6652096509933472,0.5039026141166687,0.34236353635787964,0.05330461263656616,0.6681855916976929,0.017021436244249344,0.03628317639231682,0.6071439981460571
28,28_y192_x256.png,C:\Users\zhang\Desktop\vessel\images\28_training.tif,C:\Users\zhang\Desktop\vessel\1st_manual\28_manual1.gif,C:\Users\zhang\Desktop\vessel\mask\28_training_mask.gif,192,256,128,64,1.0,1542,695,12,23,5,13,0.45071335635075643,0.37205540535204323,0.37205540535204323,0.03244604269861809,0.39619885648865133,0.45069268345832825,0.5003149509429932,0.5003149509429932,0.5680106282234192,0.5051568746566772,0.34117382764816284,0.05502504110336304,0.6730005741119385,0.017021436244249344,0.03800360485911369,0.6122761368751526
28,28_y192_x320.png,C:\Users\zhang\Desktop\vessel\images\28_training.tif,C:\Users\zhang\Desktop\vessel\1st_manual\28_manual1.gif,C:\Users\zhang\Desktop\vessel\mask\28_training_mask.gif,192,320,128,64,1.0,1368,613,8,24,8,8,0.44809941192909786,0.37025194625406926,0.37025194625406926,0.034747144620764364,0.3959823420992885,0.44619759917259216,0.49578657746315,0.49578657746315,0.6306350827217102,0.5046451687812805,0.35940614342689514,0.03657621145248413,0.6213675737380981,0.017021436244249344,0.019554775208234787,0.5572422742843628
28,28_y192_x384.png,C:\Users\zhang\Desktop\vessel\images\28_training.tif,C:\Users\zhang\Desktop\vessel\1st_manual\28_manual1.gif,C:\Users\zhang\Desktop\vessel\mask\28_training_mask.gif,192,384,128,64,1.0,3124,840,22,21,3,15,0.2688860426732201,0.23813938381198205,0.23813938381198205,0.03601190433319161,0.25529108922758664,0.13801395893096924,0.16406162083148956,0.16406162083148956,0.6650554537773132,0.1721513718366623,0.2336362600326538,0.02165481448173523,0.579606831073761,0.017021436244249344,0.004633378237485886,0.5127309560775757
28,28_y192_x437.png,C:\Users\zhang\Desktop\vessel\images\28_training.tif,C:\Users\zhang\Desktop\vessel\1st_manual\28_manual1.gif,C:\Users\zhang\Desktop\vessel\mask\28_training_mask.gif,192,437,128,64,0.892883,4007,885,33,21,2,17,0.2208634883432406,0.1995583857194395,0.1995583857194395,0.04570621417281114,0.21780050235478585,0.05543215945363045,0.06718756258487701,0.06718756258487701,0.9288855791091919,0.08355040103197098,0.19571451842784882,0.02208597958087921,0.5808135271072388,-0.04075413569808006,0.06284011900424957,0.6863647103309631
28,28_y256_x0.png,C:\Users\zhang\Desktop\vessel\images\28_training.tif,C:\Users\zhang\Desktop\vessel\1st_manual\28_manual1.gif,C:\Users\zhang\Desktop\vessel\mask\28_training_mask.gif,256,0,128,64,0.832458,602,426,8,17,4,9,0.7076411842584521,0.5351129938226202,0.5351129938226202,0.036737088339504974,0.5744299804739774,0.8925178050994873,0.9097405672073364,0.9097405672073364,0.6847912669181824,0.9263680577278137,0.48434779047966003,0.09008219838142395,0.7711156010627747,-0.04780380055308342,0.13788600265979767,0.9102305769920349
28,28_y256_x64.png,C:\Users\zhang\Desktop\vessel\images\28_training.tif,C:\Users\zhang\Desktop\vessel\1st_manual\28_manual1.gif,C:\Users\zhang\Desktop\vessel\mask\28_training_mask.gif,256,64,128,64,1.0,945,597,11,26,8,10,0.6317460250608886,0.4896506225326058,0.4896506225326058,0.04187604619973122,0.5306598867144109,0.7620049715042114,0.7955878973007202,0.7955878973007202,0.824647843837738,0.8229268193244934,0.41572585701942444,0.1149340569972992,0.8406688570976257,0.017021436244249344,0.09791262447834015,0.7909879088401794
28,28_y256_x128.png,C:\Users\zhang\Desktop\vessel\images\28_training.tif,C:\Users\zhang\Desktop\vessel\1st_manual\28_manual1.gif,C:\Users\zhang\Desktop\vessel\mask\28_training_mask.gif,256,128,128,64,1.0,1157,648,11,27,10,7,0.560069139498106,0.4447301404704286,0.4447301404704286,0.04158950553102615,0.48172235374424643,0.6387460231781006,0.6827957630157471,0.6827957630157471,0.8168495893478394,0.7072733640670776,0.3849129378795624,0.09680941700935364,0.7899431586265564,0.017021436244249344,0.07978798449039459,0.7369211316108704
28,28_y256_x192.png,C:\Users\zhang\Desktop\vessel\images\28_training.tif,C:\Users\zhang\Desktop\vessel\1st_manual\28_manual1.gif,C:\Users\zhang\Desktop\vessel\mask\28_training_mask.gif,256,192,128,64,1.0,1077,577,7,33,13,7,0.535747441636514,0.42901719518814624,0.42901719518814624,0.047573656021253796,0.46983702813031425,0.5969213247299194,0.6433417797088623,0.6433417797088623,0.9797079563140869,0.6791849136352539,0.39582157135009766,0.07401546835899353,0.7261493802070618,0.017021436244249344,0.056994032114744186,0.6689255833625793
28,28_y256_x256.png,C:\Users\zhang\Desktop\vessel\images\28_training.tif,C:\Users\zhang\Desktop\vessel\1st_manual\28_manual1.gif,C:\Users\zhang\Desktop\vessel\mask\28_training_mask.gif,256,256,128,64,1.0,1055,526,9,26,9,8,0.49857819432627304,0.4045167881457429,0.4045167881457429,0.04524714742876146,0.4411232496470219,0.5330033302307129,0.5818230509757996,0.5818230509757996,0.9163922071456909,0.6113260388374329,0.39896360039711,0.04215964674949646,0.6369940042495728,0.017021436244249344,0.025138210505247116,0.5738979578018188
28,28_y256_x320.png,C:\Users\zhang\Desktop\vessel\images\28_training.tif,C:\Users\zhang\Desktop\vessel\1st_manual\28_manual1.gif,C:\Users\zhang\Desktop\vessel\mask\28_training_mask.gif,256,320,128,64,1.0,1393,596,6,22,9,4,0.42785355041024015,0.35617230292306773,0.35617230292306773,0.03255033502432324,0.37935935849612895,0.41138193011283875,0.46043357253074646,0.46043357253074646,0.5708490014076233,0.46536028385162354,0.3566485047340393,0.022710859775543213,0.5825623869895935,0.017021436244249344,0.005689423531293869,0.5158812403678894
28,28_y256_x384.png,C:\Users\zhang\Desktop\vessel\images\28_training.tif,C:\Users\zhang\Desktop\vessel\1st_manual\28_manual1.gif,C:\Users\zhang\Desktop\vessel\mask\28_training_mask.gif,256,384,128,64,1.0,3272,819,16,16,2,12,0.2503056227068899,0.2233880195949163,0.2233880195949163,0.026495726172213355,0.2352256751895962,0.10606221854686737,0.12702199816703796,0.12702199816703796,0.40607312321662903,0.12473109364509583,0.22658509016036987,0.008640587329864502,0.5431837439537048,0.017021436244249344,-0.008380848914384842,0.47390884160995483
28,28_y256_x437.png,C:\Users\zhang\Desktop\vessel\images\28_training.tif,C:\Users\zhang\Desktop\vessel\1st_manual\28_manual1.gif,C:\Users\zhang\Desktop\vessel\mask\28_training_mask.gif,256,437,128,64,0.912231,3970,838,23,17,1,15,0.21108312289399717,0.19151510209478262,0.19151510209478262,0.033711216781489056,0.20442751634207507,0.038613393902778625,0.04699145257472992,0.04699145257472992,0.6024423241615295,0.05194620415568352,0.19712777435779572,0.007299736142158508,0.5394310355186462,-0.03460278362035751,0.04190251976251602,0.6239067316055298
28,28_y320_x64.png,C:\Users\zhang\Desktop\vessel\images\28_training.tif,C:\Users\zhang\Desktop\vessel\1st_manual\28_manual1.gif,C:\Users\zhang\Desktop\vessel\mask\28_training_mask.gif,320,64,128,64,1.0,935,530,10,20,6,8,0.5668449137235838,0.44906398829323213,0.44906398829323213,0.038301886069775734,0.48346398372852506,0.6503980159759521,0.6936777830123901,0.6936777830123901,0.72737717628479,0.7113893032073975,0.417345255613327,0.06611871719360352,0.7040485739707947,0.017021436244249344,0.04909728094935417,0.6453691124916077
28,28_y320_x128.png,C:\Users\zhang\Desktop\vessel\images\28_training.tif,C:\Users\zhang\Desktop\vessel\1st_manual\28_manual1.gif,C:\Users\zhang\Desktop\vessel\mask\28_training_mask.gif,320,128,128,64,1.0,1249,592,13,19,5,9,0.473979179551808,0.3879656685329256,0.3879656685329256,0.037415539908521284,0.41699755844118525,0.49070170521736145,0.5402644276618958,0.5402644276618958,0.7032553553581238,0.5543100833892822,0.3732633888721466,0.04373416304588318,0.6414006352424622,0.017021436244249344,0.026712726801633835,0.5785948038101196
28,28_y320_x192.png,C:\Users\zhang\Desktop\vessel\images\28_training.tif,C:\Users\zhang\Desktop\vessel\1st_manual\28_manual1.gif,C:\Users\zhang\Desktop\vessel\mask\28_training_mask.gif,320,192,128,64,1.0,1644,681,11,25,6,13,0.4142335741226668,0.3465877406236817,0.3465877406236817,0.03384728290973153,0.3700498472435505,0.3879603445529938,0.4363674819469452,0.4363674819469452,0.6061453819274902,0.4433591961860657,0.3314194977283478,0.03863033652305603,0.6271164417266846,0.017021436244249344,0.021608900278806686,0.563369870185852
28,28_y320_x256.png,C:\Users\zhang\Desktop\vessel\images\28_training.tif,C:\Users\zhang\Desktop\vessel\1st_manual\28_manual1.gif,C:\Users\zhang\Desktop\vessel\mask\28_training_mask.gif,320,256,128,64,1.0,1965,783,18,25,4,17,0.39847328041489427,0.33538112758883004,0.33538112758883004,0.03633461000849796,0.3597530125391309,0.3608582615852356,0.40822848677635193,0.40822848677635193,0.6738379001617432,0.41902485489845276,0.3042556047439575,0.05549740791320801,0.6743226051330566,0.017021436244249344,0.038475971668958664,0.6136851906776428
28,28_y320_x320.png,C:\Users\zhang\Desktop\vessel\images\28_training.tif,C:\Users\zhang\Desktop\vessel\1st_manual\28_manual1.gif,C:\Users\zhang\Desktop\vessel\mask\28_training_mask.gif,320,320,128,64,1.0,2677,804,17,22,5,12,0.30033619611379825,0.2626228434282992,0.2626228434282992,0.03383084535036262,0.2803923490312898,0.19209709763526917,0.2255377471446991,0.2255377471446991,0.6056979894638062,0.23147287964820862,0.25715872645378113,0.023233622312545776,0.5840254426002502,0.017021436244249344,0.0062121860682964325,0.5174406170845032
28,28_y320_x384.png,C:\Users\zhang\Desktop\vessel\images\28_training.tif,C:\Users\zhang\Desktop\vessel\1st_manual\28_manual1.gif,C:\Users\zhang\Desktop\vessel\mask\28_training_mask.gif,320,384,128,64,0.999939,3413,757,10,16,4,8,0.22179900315910048,0.20032436535424797,0.20032436535424797,0.022853368258211777,0.20948053833931438,0.05704090744256973,0.06911087781190872,0.06911087781190872,0.3069465160369873,0.06388795375823975,0.2201579362154007,-0.01067739725112915,0.48911818861961365,0.016972079873085022,-0.027649477124214172,0.4164295196533203
28,28_y320_x437.png,C:\Users\zhang\Desktop\vessel\images\28_training.tif,C:\Users\zhang\Desktop\vessel\1st_manual\28_manual1.gif,C:\Users\zhang\Desktop\vessel\mask\28_training_mask.gif,320,437,128,64,0.804199,2928,608,7,20,6,8,0.2076502725148556,0.18867654808908563,0.18867654808908563,0.02845394690042851,0.1994137330504516,0.03271009773015976,0.039864059537649155,0.039864059537649155,0.45936596393585205,0.040097206830978394,0.24350659549236298,-0.04409286379814148,0.3955978453159332,-0.04477788880467415,0.0006850250065326691,0.5009527802467346
28,28_y384_x64.png,C:\Users\zhang\Desktop\vessel\images\28_training.tif,C:\Users\zhang\Desktop\vessel\1st_manual\28_manual1.gif,C:\Users\zhang\Desktop\vessel\mask\28_training_mask.gif,384,64,128,64,0.893311,1314,539,9,14,2,10,0.41019786598022934,0.343730025027108,0.343730025027108,0.025974025492133106,0.3615861298920393,0.38102033734321594,0.4291919767856598,0.4291919767856598,0.3918750584125519,0.4233570098876953,0.365538626909256,-0.003952503204345703,0.5079392790794373,-0.04063848778605461,0.03668598458170891,0.6083455681800842
28,28_y384_x128.png,C:\Users\zhang\Desktop\vessel\images\28_training.tif,C:\Users\zhang\Desktop\vessel\1st_manual\28_manual1.gif,C:\Users\zhang\Desktop\vessel\mask\28_training_mask.gif,384,128,128,64,1.0,1909,631,12,22,4,14,0.3305395477708772,0.28558453498549785,0.28558453498549785,0.033914421015619325,0.30495540329559395,0.2440362274646759,0.283192902803421,0.283192902803421,0.6079725027084351,0.2895223796367645,0.3086591362953186,-0.0037037432193756104,0.5086354613304138,0.017021436244249344,-0.020725179463624954,0.4370850622653961
28,28_y384_x192.png,C:\Users\zhang\Desktop\vessel\images\28_training.tif,C:\Users\zhang\Desktop\vessel\1st_manual\28_manual1.gif,C:\Users\zhang\Desktop\vessel\mask\28_training_mask.gif,384,192,128,64,1.0,2671,723,11,22,5,12,0.2706851356395165,0.23955623188667055,0.23955623188667055,0.029322267920853833,0.2536048959136528,0.14110778272151947,0.1676192283630371,0.1676192283630371,0.4829972982406616,0.16816642880439758,0.2575004994869232,-0.0038956105709075928,0.5080984830856323,0.017021436244249344,-0.020917046815156937,0.43651270866394043
28,28_y384_x256.png,C:\Users\zhang\Desktop\vessel\images\28_training.tif,C:\Users\zhang\Desktop\vessel\1st_manual\28_manual1.gif,C:\Users\zhang\Desktop\vessel\mask\28_training_mask.gif,384,256,128,64,1.0,3672,980,18,23,4,15,0.2668845308636042,0.23656076132447548,0.23656076132447548,0.028316326241670138,0.2499578247117589,0.1345720887184143,0.16009780764579773,0.16009780764579773,0.4556206464767456,0.15954738855361938,0.20901505649089813,0.04094277322292328,0.6335883140563965,0.017021436244249344,0.023921336978673935,0.5702679753303528
28,28_y384_x320.png,C:\Users\zhang\Desktop\vessel\images\28_training.tif,C:\Users\zhang\Desktop\vessel\1st_manual\28_manual1.gif,C:\Users\zhang\Desktop\vessel\mask\28_training_mask.gif,384,320,128,64,1.0,3882,920,22,22,3,16,0.2369912410175393,0.21268201255871683,0.21268201255871683,0.033260869203686205,0.22682998976210128,0.08316618949174881,0.10014000535011292,0.10014000535011292,0.5901861786842346,0.10488968342542648,0.20054267346858978,0.026287317276000977,0.5925718545913696,0.017021436244249344,0.009265881031751633,0.5265499949455261
28,28_y384_x384.png,C:\Users\zhang\Desktop\vessel\images\28_training.tif,C:\Users\zhang\Desktop\vessel\1st_manual\28_manual1.gif,C:\Users\zhang\Desktop\vessel\mask\28_training_mask.gif,384,384,128,64,0.889771,2629,656,14,13,1,11,0.2495245330942391,0.22276310542924205,0.22276310542924205,0.02721036543886638,0.23488603643929482,0.10471902787685394,0.1254529058933258,0.1254529058933258,0.42552196979522705,0.12392842024564743,0.2599147856235504,-0.02502875030040741,0.448952853679657,-0.041567202657461166,0.016538452357053757,0.5482444167137146
28,28_y448_x192.png,C:\Users\zhang\Desktop\vessel\images\28_training.tif,C:\Users\zhang\Desktop\vessel\1st_manual\28_manual1.gif,C:\Users\zhang\Desktop\vessel\mask\28_training_mask.gif,448,192,128,64,0.882812,2383,573,8,16,5,6,0.24045320923015856,0.21547680415590909,0.21547680415590909,0.028097730748730704,0.2275856226074485,0.0891195610165596,0.10715754330158234,0.10715754330158234,0.44967156648635864,0.10667546838521957,0.2748793959617615,-0.0472937673330307,0.38663941621780396,-0.0432085245847702,-0.004085242748260498,0.486722856760025
28,28_y448_x256.png,C:\Users\zhang\Desktop\vessel\images\28_training.tif,C:\Users\zhang\Desktop\vessel\1st_manual\28_manual1.gif,C:\Users\zhang\Desktop\vessel\mask\28_training_mask.gif,448,256,128,64,0.882019,3166,780,10,17,3,11,0.24636765557053802,0.22023344551725535,0.22023344551725535,0.021602563825608156,0.22974865964389554,0.09929029643535614,0.11910109221935272,0.11910109221935272,0.2729059159755707,0.111787348985672,0.23160187900066376,-0.0018532127141952515,0.5138145685195923,-0.04338005930185318,0.04152684658765793,0.6227861642837524
28,28_y456_x192.png,C:\Users\zhang\Desktop\vessel\images\28_training.tif,C:\Users\zhang\Desktop\vessel\1st_manual\28_manual1.gif,C:\Users\zhang\Desktop\vessel\mask\28_training_mask.gif,456,192,128,64,0.820312,2240,526,7,13,4,5,0.2348214275231186,0.21092636652666125,0.21092636652666125,0.02519011358954157,0.221552884790333,0.07943487167358398,0.095731720328331,0.095731720328331,0.37054088711738586,0.09241835027933121,0.2843054533004761,-0.06275257468223572,0.343374639749527,-0.04699699953198433,-0.01575557515025139,0.4519096314907074
28,28_y456_x256.png,C:\Users\zhang\Desktop\vessel\images\28_training.tif,C:\Users\zhang\Desktop\vessel\1st_manual\28_manual1.gif,C:\Users\zhang\Desktop\vessel\mask\28_training_mask.gif,456,256,128,64,0.819519,2957,733,8,15,3,9,0.2478863704839825,0.22145121651031685,0.22145121651031685,0.01930422893172948,0.23000110647176714,0.10190197080373764,0.12215885519981384,0.12215885519981384,0.21035683155059814,0.11238393932580948,0.24200527369976044,-0.012004166841506958,0.48540493845939636,-0.04691843315958977,0.03491426631808281,0.6030604839324951
29,29_y64_x64.png,C:\Users\zhang\Desktop\vessel\images\29_training.tif,C:\Users\zhang\Desktop\vessel\1st_manual\29_manual1.gif,C:\Users\zhang\Desktop\vessel\mask\29_training_mask.gif,64,64,128,64,0.833679,833,488,5,16,5,6,0.5858343267006684,0.4611106579207035,0.4611106579207035,0.026844261744994637,0.4858670083099636,0.6830530166625977,0.7239261269569397,0.7239261269569397,0.41555845737457275,0.7170683145523071,0.4349275231361389,0.050939470529556274,0.6615661978721619,-0.047843728214502335,0.09878319501876831,0.7935848236083984
29,29_y64_x128.png,C:\Users\zhang\Desktop\vessel\images\29_training.tif,C:\Users\zhang\Desktop\vessel\1st_manual\29_manual1.gif,C:\Users\zhang\Desktop\vessel\mask\29_training_mask.gif,64,128,128,64,0.990784,1883,670,14,25,6,13,0.35581518663932454,0.3044028871906174,0.3044028871906174,0.03888059643461796,0.3280736188113993,0.28750136494636536,0.3304443955421448,0.3304443955421448,0.7431268095970154,0.3441573679447174,0.3107477128505707,0.017325907945632935,0.5674914717674255,0.009774255566298962,0.007551652379333973,0.521436333656311
29,29_y64_x192.png,C:\Users\zhang\Desktop\vessel\images\29_training.tif,C:\Users\zhang\Desktop\vessel\1st_manual\29_manual1.gif,C:\Users\zhang\Desktop\vessel\mask\29_training_mask.gif,64,192,128,64,1.0,2689,693,15,21,3,15,0.25771662232161907,0.2292978724276366,0.2292978724276366,0.0335497830656597,0.24468366018236565,0.11880652606487274,0.141861230134964,0.141861230134964,0.5980488657951355,0.14708299934864044,0.256477415561676,-0.011793762445449829,0.48599380254745483,0.017021436244249344,-0.028815198689699173,0.41295209527015686
29,29_y64_x256.png,C:\Users\zhang\Desktop\vessel\images\29_training.tif,C:\Users\zhang\Desktop\vessel\1st_manual\29_manual1.gif,C:\Users\zhang\Desktop\vessel\mask\29_training_mask.gif,64,256,128,64,1.0,2840,648,13,16,3,10,0.228169013281095,0.20552445321946425,0.20552445321946425,0.030092592128200736,0.21789398030567386,0.06799507141113281,0.08216792345046997,0.08216792345046997,0.5039616227149963,0.08377131074666977,0.24815502762794495,-0.030261054635047913,0.43430912494659424,0.017021436244249344,-0.047282490879297256,0.3578632175922394
29,29_y64_x320.png,C:\Users\zhang\Desktop\vessel\images\29_training.tif,C:\Users\zhang\Desktop\vessel\1st_manual\29_manual1.gif,C:\Users\zhang\Desktop\vessel\mask\29_training_mask.gif,64,320,128,64,0.965881,3057,794,21,16,1,14,0.2597317623168735,0.23089881124962158,0.23089881124962158,0.032619646944336944,0.2459624866552811,0.12227186560630798,0.1458810567855835,0.1458810567855835,0.5727353096008301,0.15010525286197662,0.23693887889385223,0.009023606777191162,0.5442556738853455,-0.007665013428777456,0.016688620671629906,0.5486923456192017
29,29_y128_x64.png,C:\Users\zhang\Desktop\vessel\images\29_training.tif,C:\Users\zhang\Desktop\vessel\1st_manual\29_manual1.gif,C:\Users\zhang\Desktop\vessel\mask\29_training_mask.gif,128,64,128,64,0.997864,1217,613,7,18,5,8,0.5036976129523615,0.4079271500954935,0.4079271500954935,0.025774877230426145,0.42895569452083143,0.5418069362640381,0.5903862714767456,0.5903862714767456,0.386455237865448,0.5825706124305725,0.3772152066230774,0.05174049735069275,0.6638080477714539,0.015303605236113071,0.03643689304590225,0.6076024770736694
29,29_y128_x128.png,C:\Users\zhang\Desktop\vessel\images\29_training.tif,C:\Users\zhang\Desktop\vessel\1st_manual\29_manual1.gif,C:\Users\zhang\Desktop\vessel\mask\29_training_mask.gif,128,128,128,64,1.0,1813,725,13,22,6,10,0.3998896833982919,0.33639343594387244,0.33639343594387244,0.03310344781926279,0.35866500105089344,0.36329394578933716,0.41077035665512085,0.41077035665512085,0.5859019160270691,0.4164535403251648,0.31651735305786133,0.04214763641357422,0.6369603872299194,0.017021436244249344,0.025126200169324875,0.5738621354103088
29,29_y128_x192.png,C:\Users\zhang\Desktop\vessel\images\29_training.tif,C:\Users\zhang\Desktop\vessel\1st_manual\29_manual1.gif,C:\Users\zhang\Desktop\vessel\mask\29_training_mask.gif,128,192,128,64,1.0,2023,773,16,24,8,8,0.3821057816010589,0.3236082648193396,0.3236082648193396,0.037904268591147885,0.34814053399539474,0.3327119052410126,0.3786677420139313,0.3786677420139313,0.7165560722351074,0.3915812373161316,0.29982510209083557,0.04831543564796448,0.654222309589386,0.017021436244249344,0.031293999403715134,0.592261016368866
29,29_y128_x256.png,C:\Users\zhang\Desktop\vessel\images\29_training.tif,C:\Users\zhang\Desktop\vessel\1st_manual\29_manual1.gif,C:\Users\zhang\Desktop\vessel\mask\29_training_mask.gif,128,256,128,64,1.0,2104,825,17,30,9,12,0.39211026429605383,0.33082077163141577,0.33082077163141577,0.04024242375463728,0.3574468309890708,0.3499160706996918,0.39677777886390686,0.39677777886390686,0.780188798904419,0.4135746657848358,0.29384565353393555,0.06360116600990295,0.6970027089118958,0.017021436244249344,0.04657972976565361,0.6378591656684875
29,29_y128_x320.png,C:\Users\zhang\Desktop\vessel\images\29_training.tif,C:\Users\zhang\Desktop\vessel\1st_manual\29_manual1.gif,C:\Users\zhang\Desktop\vessel\mask\29_training_mask.gif,128,320,128,64,1.0,3062,958,27,25,2,21,0.3128674059018047,0.27221360461716054,0.27221360461716054,0.03742171150916794,0.2925870025788687,0.21364636719226837,0.2496194839477539,0.2496194839477539,0.703423261642456,0.2602923512458801,0.23668992519378662,0.05589708685874939,0.6754411458969116,0.017021436244249344,0.038875650614500046,0.614877462387085
29,29_y128_x384.png,C:\Users\zhang\Desktop\vessel\images\29_training.tif,C:\Users\zhang\Desktop\vessel\1st_manual\29_manual1.gif,C:\Users\zhang\Desktop\vessel\mask\29_training_mask.gif,128,384,128,64,0.969482,3633,893,26,18,2,14,0.24580236651306805,0.21977979342919107,0.21977979342919107,0.03628219444252862,0.23572797982866447,0.09831822663545609,0.11796201020479202,0.11796201020479202,0.672411322593689,0.1259181797504425,0.21064171195030212,0.02508626878261566,0.5892105102539062,-0.005336799193173647,0.03042306751012802,0.5896629691123962
29,29_y192_x0.png,C:\Users\zhang\Desktop\vessel\images\29_training.tif,C:\Users\zhang\Desktop\vessel\1st_manual\29_manual1.gif,C:\Users\zhang\Desktop\vessel\mask\29_training_mask.gif,192,0,128,64,0.882507,524,367,5,13,5,3,0.7003816660232507,0.5308527352891423,0.5308527352891423,0.032833786571286466,0.565712546111677,0.8800339102745056,0.8990433812141418,0.8990433812141418,0.5785630941390991,0.9057662487030029,0.505455732345581,0.06025683879852295,0.6876428723335266,-0.04327486827969551,0.10353170335292816,0.8077498078346252
29,29_y192_x64.png,C:\Users\zhang\Desktop\vessel\images\29_training.tif,C:\Users\zhang\Desktop\vessel\1st_manual\29_manual1.gif,C:\Users\zhang\Desktop\vessel\mask\29_training_mask.gif,192,64,128,64,1.0,1057,588,11,16,3,10,0.5562913854655498,0.44230567394752407,0.44230567394752407,0.029761904255749927,0.4686333921871264,0.632249653339386,0.6767082214355469,0.6767082214355469,0.49496200680732727,0.6763403415679932,0.39867526292800903,0.06995812058448792,0.7147940397262573,0.017021436244249344,0.05293668434023857,0.6568222641944885
29,29_y192_x128.png,C:\Users\zhang\Desktop\vessel\images\29_training.tif,C:\Users\zhang\Desktop\vessel\1st_manual\29_manual1.gif,C:\Users\zhang\Desktop\vessel\mask\29_training_mask.gif,192,128,128,64,1.0,1413,709,14,21,2,17,0.5017692816576838,0.4066439341247955,0.4066439341247955,0.030253878275685774,0.43124904629391064,0.538490891456604,0.5871641635894775,0.5871641635894775,0.5083510279655457,0.5879904627799988,0.35447776317596436,0.07677128911018372,0.7338621616363525,0.017021436244249344,0.05974985286593437,0.677146315574646
29,29_y192_x192.png,C:\Users\zhang\Desktop\vessel\images\29_training.tif,C:\Users\zhang\Desktop\vessel\1st_manual\29_manual1.gif,C:\Users\zhang\Desktop\vessel\mask\29_training_mask.gif,192,192,128,64,1.0,1312,642,13,25,5,15,0.48932926456303916,0.3983258605944498,0.3983258605944498,0.03777258508142391,0.4284174555133203,0.5170984864234924,0.5662781000137329,0.5662781000137329,0.7129722833633423,0.5812985897064209,0.365770548582077,0.06264689564704895,0.6943319439888,0.017021436244249344,0.045625459402799606,0.6350125074386597
29,29_y192_x256.png,C:\Users\zhang\Desktop\vessel\images\29_training.tif,C:\Users\zhang\Desktop\vessel\1st_manual\29_manual1.gif,C:\Users\zhang\Desktop\vessel\mask\29_training_mask.gif,192,256,128,64,1.0,1138,646,11,36,12,12,0.5676625609168492,0.44958569527171344,0.44958569527171344,0.04907120667072436,0.49370912040947257,0.6518039703369141,0.6949877738952637,0.6949877738952637,0.9999997019767761,0.7356014847755432,0.3874339163303375,0.10627520084381104,0.8164350986480713,0.017021436244249344,0.08925376832485199,0.7651579976081848
29,29_y192_x320.png,C:\Users\zhang\Desktop\vessel\images\29_training.tif,C:\Users\zhang\Desktop\vessel\1st_manual\29_manual1.gif,C:\Users\zhang\Desktop\vessel\mask\29_training_mask.gif,192,320,128,64,1.0,1436,724,16,29,6,17,0.5041782694695107,0.40824674873588257,0.40824674873588257,0.04067679501827631,0.441459087366297,0.5426335334777832,0.5911887288093567,0.5911887288093567,0.7920102477073669,0.612119734287262,0.3520190715789795,0.08944001793861389,0.7693182826042175,0.017021436244249344,0.07241858541965485,0.7149378061294556
29,29_y192_x384.png,C:\Users\zhang\Desktop\vessel\images\29_training.tif,C:\Users\zhang\Desktop\vessel\1st_manual\29_manual1.gif,C:\Users\zhang\Desktop\vessel\mask\29_training_mask.gif,192,384,128,64,1.0,3644,889,31,25,4,17,0.2439626777059202,0.21830199202280778,0.21830199202280778,0.04662542129780178,0.23865883671923332,0.09515459090471268,0.11425138264894485,0.11425138264894485,0.9539017677307129,0.13284461200237274,0.21018114686012268,0.028477683663368225,0.598702073097229,0.017021436244249344,0.011456247419118881,0.533083975315094
29,29_y192_x437.png,C:\Users\zhang\Desktop\vessel\images\29_training.tif,C:\Users\zhang\Desktop\vessel\1st_manual\29_manual1.gif,C:\Users\zhang\Desktop\vessel\mask\29_training_mask.gif,192,437,128,64,0.815369,3921,848,38,23,1,21,0.21627135879553339,0.19578991555239855,0.19578991555239855,0.05347877295425975,0.21673112443351938,0.04753531143069267,0.0577252022922039,0.0577252022922039,0.9999997019767761,0.08102317899465561,0.19901980459690094,0.017711326479911804,0.5685701370239258,-0.046455543488264084,0.06416687369346619,0.6903225183486938
29,29_y256_x0.png,C:\Users\zhang\Desktop\vessel\images\29_training.tif,C:\Users\zhang\Desktop\vessel\1st_manual\29_manual1.gif,C:\Users\zhang\Desktop\vessel\mask\29_training_mask.gif,256,0,128,64,0.905579,660,536,10,18,5,8,0.8121211998163455,0.5944980926997947,0.5944980926997947,0.035074626211294285,0.6362016894693401,1.0,1.0,1.0,0.6395474076271057,1.0,0.47035345435142517,0.16584822535514832,0.983163058757782,-0.03693075850605965,0.20277898013591766,1.0
29,29_y256_x64.png,C:\Users\zhang\Desktop\vessel\images\29_training.tif,C:\Users\zhang\Desktop\vessel\1st_manual\29_manual1.gif,C:\Users\zhang\Desktop\vessel\mask\29_training_mask.gif,256,64,128,64,1.0,992,683,14,23,6,11,0.6885080575755236,0.5238453328637981,0.5238453328637981,0.03711566563520255,0.5627310693020663,0.8596155047416687,0.8814482688903809,0.8814482688903809,0.6950942873954773,0.8987202048301697,0.4083371162414551,0.1543939709663391,0.9511057734489441,0.017021436244249344,0.13737253844738007,0.9086987972259521
29,29_y256_x128.png,C:\Users\zhang\Desktop\vessel\images\29_training.tif,C:\Users\zhang\Desktop\vessel\1st_manual\29_manual1.gif,C:\Users\zhang\Desktop\vessel\mask\29_training_mask.gif,256,128,128,64,1.0,1128,724,17,24,9,6,0.6418439659410996,0.49581997968244035,0.49581997968244035,0.042955800511660217,0.538416667956309,0.7793698310852051,0.8110787272453308,0.8110787272453308,0.8540332913398743,0.8412582874298096,0.3887777030467987,0.14963898062705994,0.937798023223877,0.017021436244249344,0.1326175481081009,0.8945145010948181
29,29_y256_x192.png,C:\Users\zhang\Desktop\vessel\images\29_training.tif,C:\Users\zhang\Desktop\vessel\1st_manual\29_manual1.gif,C:\Users\zhang\Desktop\vessel\mask\29_training_mask.gif,256,192,128,64,1.0,1121,659,19,27,6,15,0.5878679697781627,0.4623922169113419,0.4623922169113419,0.04817905844948318,0.5069474602016573,0.6865501999855042,0.7271440625190735,0.7271440625190735,0.9961840510368347,0.7668874859809875,0.3897254467010498,0.11722201108932495,0.8470720648765564,0.017021436244249344,0.1002005785703659,0.7978128790855408
29,29_y256_x256.png,C:\Users\zhang\Desktop\vessel\images\29_training.tif,C:\Users\zhang\Desktop\vessel\1st_manual\29_manual1.gif,C:\Users\zhang\Desktop\vessel\mask\29_training_mask.gif,256,256,128,64,1.0,1134,550,9,31,11,9,0.48500881406517804,0.39542070763447484,0.39542070763447484,0.04936363546611572,0.43445951496931834,0.5096687078475952,0.5589834451675415,0.5589834451675415,0.9999997019767761,0.5955777168273926,0.3879700005054474,0.04648950695991516,0.6491120457649231,0.017021436244249344,0.029468070715665817,0.5868141651153564
29,29_y256_x320.png,C:\Users\zhang\Desktop\vessel\images\29_training.tif,C:\Users\zhang\Desktop\vessel\1st_manual\29_manual1.gif,C:\Users\zhang\Desktop\vessel\mask\29_training_mask.gif,256,320,128,64,1.0,1701,668,7,27,9,9,0.39271016817924653,0.33125161010521936,0.33125161010521936,0.03315868213834308,0.353219343799806,0.3509477376937866,0.3978596031665802,0.3978596031665802,0.5874051451683044,0.4035838842391968,0.3262287676334381,0.026990562677383423,0.5945400595664978,0.017021436244249344,0.009969126433134079,0.528647780418396
29,29_y256_x384.png,C:\Users\zhang\Desktop\vessel\images\29_training.tif,C:\Users\zhang\Desktop\vessel\1st_manual\29_manual1.gif,C:\Users\zhang\Desktop\vessel\mask\29_training_mask.gif,256,384,128,64,1.0,3737,831,19,18,3,12,0.2223708851421705,0.20079232136356082,0.20079232136356082,0.03152827880230711,0.2134535939421864,0.0580243319272995,0.07028588652610779,0.07028588652610779,0.54303377866745,0.07327741384506226,0.2063419669866562,0.0071116238832473755,0.53890460729599,0.017021436244249344,-0.009909812361001968,0.46934786438941956
29,29_y256_x437.png,C:\Users\zhang\Desktop\vessel\images\29_training.tif,C:\Users\zhang\Desktop\vessel\1st_manual\29_manual1.gif,C:\Users\zhang\Desktop\vessel\mask\29_training_mask.gif,256,437,128,64,0.840454,3638,739,23,18,1,16,0.20313358932618583,0.18492947764873457,0.18492947764873457,0.038700946702287596,0.1992433693650657,0.02494298480451107,0.03045542538166046,0.03045542538166046,0.7382375597953796,0.039694588631391525,0.21043218672275543,-0.011188820004463196,0.4876868724822998,-0.04792860150337219,0.036739781498909,0.6085060238838196
29,29_y320_x0.png,C:\Users\zhang\Desktop\vessel\images\29_training.tif,C:\Users\zhang\Desktop\vessel\1st_manual\29_manual1.gif,C:\Users\zhang\Desktop\vessel\mask\29_training_mask.gif,320,0,128,64,0.803284,557,431,8,11,2,7,0.7737881369158324,0.57311744998872,0.57311744998872,0.027726217454148085,0.6048982080790282,1.0,1.0,1.0,0.4395608603954315,0.9983731508255005,0.4961663484573364,0.10873186588287354,0.8233106136322021,-0.04461256414651871,0.15334442257881165,0.9563438296318054
29,29_y320_x64.png,C:\Users\zhang\Desktop\vessel\images\29_training.tif,C:\Users\zhang\Desktop\vessel\1st_manual\29_manual1.gif,C:\Users\zhang\Desktop\vessel\mask\29_training_mask.gif,320,64,128,64,1.0,1187,670,14,18,5,8,0.5644481839557861,0.4475331637034676,0.4475331637034676,0.03402985023836044,0.4779921367785249,0.6462764143943787,0.6898339986801147,0.6898339986801147,0.6111139059066772,0.6984577775001526,0.38101547956466675,0.09697666764259338,0.7904112339019775,0.017021436244249344,0.07995523512363434,0.7374200224876404
29,29_y320_x128.png,C:\Users\zhang\Desktop\vessel\images\29_training.tif,C:\Users\zhang\Desktop\vessel\1st_manual\29_manual1.gif,C:\Users\zhang\Desktop\vessel\mask\29_training_mask.gif,320,128,128,64,1.0,1540,774,18,22,5,12,0.5025973993337831,0.4071952101739617,0.4071952101739617,0.03643410805640687,0.43686679874902057,0.5399149060249329,0.5885483622550964,0.5885483622550964,0.6765456795692444,0.6012668013572693,0.34137144684791565,0.09549534320831299,0.7862653136253357,0.017021436244249344,0.07847391068935394,0.733001172542572
29,29_y320_x192.png,C:\Users\zhang\Desktop\vessel\images\29_training.tif,C:\Users\zhang\Desktop\vessel\1st_manual\29_manual1.gif,C:\Users\zhang\Desktop\vessel\mask\29_training_mask.gif,320,192,128,64,1.0,1492,833,19,25,4,17,0.5583109882150739,0.443602534856413,0.443602534856413,0.0353541412322432,0.4749689081930024,0.6357226371765137,0.6799644827842712,0.6799644827842712,0.6471544504165649,0.6913130283355713,0.34619346261024475,0.1287754476070404,0.8794069290161133,0.017021436244249344,0.11175401508808136,0.8322774767875671
29,29_y320_x256.png,C:\Users\zhang\Desktop\vessel\images\29_training.tif,C:\Users\zhang\Desktop\vessel\1st_manual\29_manual1.gif,C:\Users\zhang\Desktop\vessel\mask\29_training_mask.gif,320,256,128,64,1.0,1951,774,14,26,5,16,0.39671962892506596,0.33412636501838133,0.33412636501838133,0.033074934973192055,0.3562287806100053,0.3578425645828247,0.40507784485816956,0.40507784485816956,0.5851259231567383,0.4106960594654083,0.3053446114063263,0.05088415741920471,0.6614114046096802,0.017021436244249344,0.03386272117495537,0.5999236702919006
29,29_y320_x320.png,C:\Users\zhang\Desktop\vessel\images\29_training.tif,C:\Users\zhang\Desktop\vessel\1st_manual\29_manual1.gif,C:\Users\zhang\Desktop\vessel\mask\29_training_mask.gif,320,320,128,64,1.0,3180,820,13,20,4,12,0.25786163440924015,0.22941316368315107,0.22941316368315107,0.026463414311421775,0.24155527488123354,0.11905590444803238,0.14215071499347687,0.14215071499347687,0.4051937162876129,0.13968974351882935,0.23092973232269287,0.01062554121017456,0.5487390160560608,0.017021436244249344,-0.006395895034074783,0.4798300564289093
29,29_y320_x384.png,C:\Users\zhang\Desktop\vessel\images\29_training.tif,C:\Users\zhang\Desktop\vessel\1st_manual\29_manual1.gif,C:\Users\zhang\Desktop\vessel\mask\29_training_mask.gif,320,384,128,64,0.996521,3694,799,14,14,2,10,0.21629669676151408,0.1958107478295665,0.1958107478295665,0.023779724358201196,0.20512339904908716,0.04757889732718468,0.05777750909328461,0.05777750909328461,0.3321572244167328,0.05359077826142311,0.20810505747795105,-0.0029816627502441406,0.5106563568115234,0.014235301874577999,-0.017216965556144714,0.4475502371788025
29,29_y384_x64.png,C:\Users\zhang\Desktop\vessel\images\29_training.tif,C:\Users\zhang\Desktop\vessel\1st_manual\29_manual1.gif,C:\Users\zhang\Desktop\vessel\mask\29_training_mask.gif,384,64,128,64,0.93396,1570,528,7,14,4,6,0.33630573034200173,0.2899088890109063,0.2899088890109063,0.025757575269742893,0.3048435890710382,0.2539520263671875,0.29405102133750916,0.29405102133750916,0.3859843611717224,0.28925812244415283,0.3384333848953247,-0.03358981013298035,0.4249928891658783,-0.02544255554676056,-0.008147254586219788,0.47460564970970154
29,29_y384_x128.png,C:\Users\zhang\Desktop\vessel\images\29_training.tif,C:\Users\zhang\Desktop\vessel\1st_manual\29_manual1.gif,C:\Users\zhang\Desktop\vessel\mask\29_training_mask.gif,384,128,128,64,1.0,2194,680,12,17,3,11,0.3099361881953683,0.26997842472538064,0.26997842472538064,0.027720587827638414,0.2849463459937154,0.20860573649406433,0.24400712549686432,0.24400712549686432,0.4394076466560364,0.24223528802394867,0.287465900182724,-0.002519547939300537,0.5119496583938599,0.017021436244249344,-0.01954098418354988,0.4406175911426544
29,29_y384_x192.png,C:\Users\zhang\Desktop\vessel\images\29_training.tif,C:\Users\zhang\Desktop\vessel\1st_manual\29_manual1.gif,C:\Users\zhang\Desktop\vessel\mask\29_training_mask.gif,384,192,128,64,1.0,2258,682,11,20,4,12,0.30203719972525594,0.26393011459578253,0.26393011459578253,0.02888563007499076,0.2791776899075099,0.19502227008342743,0.22882023453712463,0.22882023453712463,0.47111424803733826,0.2286023050546646,0.2830863893032074,-0.003908693790435791,0.5080618858337402,0.017021436244249344,-0.020930130034685135,0.43647369742393494
29,29_y384_x256.png,C:\Users\zhang\Desktop\vessel\images\29_training.tif,C:\Users\zhang\Desktop\vessel\1st_manual\29_manual1.gif,C:\Users\zhang\Desktop\vessel\mask\29_training_mask.gif,384,256,128,64,1.0,2844,747,17,17,3,11,0.2626582269245491,0.23321920257151654,0.23321920257151654,0.03192771041596104,0.248111512897806,0.12730436027050018,0.15170739591121674,0.15170739591121674,0.5539043545722961,0.15518401563167572,0.24794062972068787,0.00017088651657104492,0.5194794535636902,0.017021436244249344,-0.0168505497276783,0.448643296957016
29,29_y384_x320.png,C:\Users\zhang\Desktop\vessel\images\29_training.tif,C:\Users\zhang\Desktop\vessel\1st_manual\29_manual1.gif,C:\Users\zhang\Desktop\vessel\mask\29_training_mask.gif,384,320,128,64,0.999573,2741,656,16,14,2,10,0.23932871127570698,0.2145698711532685,0.2145698711532685,0.03201219463396045,0.228307576109153,0.0871858149766922,0.10488027334213257,0.10488027334213257,0.5562035441398621,0.10838163644075394,0.25355982780456543,-0.02525225281715393,0.44832733273506165,0.01667618378996849,-0.04192843660712242,0.37383460998535156
29,29_y384_x384.png,C:\Users\zhang\Desktop\vessel\images\29_training.tif,C:\Users\zhang\Desktop\vessel\1st_manual\29_manual1.gif,C:\Users\zhang\Desktop\vessel\mask\29_training_mask.gif,384,384,128,64,0.859436,1805,509,8,15,4,7,0.2819944582714988,0.24841703576799556,0.24841703576799556,0.0293713157294437,0.2630097061482242,0.16055582463741302,0.1898680329322815,0.1898680329322815,0.4843321144580841,0.19039268791675568,0.31719088554382324,-0.054181188344955444,0.36736351251602173,-0.0469328798353672,-0.007248308509588242,0.47728726267814636
29,29_y448_x128.png,C:\Users\zhang\Desktop\vessel\images\29_training.tif,C:\Users\zhang\Desktop\vessel\1st_manual\29_manual1.gif,C:\Users\zhang\Desktop\vessel\mask\29_training_mask.gif,448,128,128,64,0.806213,1547,395,5,13,4,5,0.2553329007412224,0.22740079696341062,0.22740079696341062,0.028481011937189573,0.24035400658909326,0.1147073432803154,0.1370977908372879,0.1370977908372879,0.46010255813598633,0.13685078918933868,0.3406808376312256,-0.10032683610916138,0.23821499943733215,-0.04512690752744675,-0.05519992858171463,0.33424505591392517
29,29_y448_x192.png,C:\Users\zhang\Desktop\vessel\images\29_training.tif,C:\Users\zhang\Desktop\vessel\1st_manual\29_manual1.gif,C:\Users\zhang\Desktop\vessel\mask\29_training_mask.gif,448,192,128,64,0.911804,2045,437,7,11,2,7,0.21369193049539398,0.19366689642668372,0.19366689642668372,0.025057207664594794,0.20337239970972568,0.04309961944818497,0.05239443480968475,0.05239443480968475,0.36692389845848083,0.049452684819698334,0.29817771911621094,-0.09480531513690948,0.2536681592464447,-0.034758929163217545,-0.06004638597369194,0.31978780031204224
29,29_y448_x256.png,C:\Users\zhang\Desktop\vessel\images\29_training.tif,C:\Users\zhang\Desktop\vessel\1st_manual\29_manual1.gif,C:\Users\zhang\Desktop\vessel\mask\29_training_mask.gif,448,256,128,64,0.8927,2408,518,12,13,1,11,0.2151162781764274,0.194839774416169,0.194839774416169,0.030598455007751834,0.20676336655855634,0.04554898291826248,0.05533946305513382,0.05533946305513382,0.5177286267280579,0.05746651440858841,0.2732897400856018,-0.0665263682603836,0.3328128755092621,-0.040803298354148865,-0.02572306990623474,0.4221760928630829
29,29_y456_x192.png,C:\Users\zhang\Desktop\vessel\images\29_training.tif,C:\Users\zhang\Desktop\vessel\1st_manual\29_manual1.gif,C:\Users\zhang\Desktop\vessel\mask\29_training_mask.gif,456,192,128,64,0.849304,1744,385,5,9,2,5,0.22075687946813716,0.19947105938765045,0.19947105938765045,0.021428570871985173,0.2080198188536469,0.055248815566301346,0.06696826964616776,0.06696826964616776,0.26817068457603455,0.06043586507439613,0.3224267363548279,-0.11440691351890564,0.19880889356136322,-0.04769059270620346,-0.06671632081270218,0.29989105463027954
29,29_y456_x256.png,C:\Users\zhang\Desktop\vessel\images\29_training.tif,C:\Users\zhang\Desktop\vessel\1st_manual\29_manual1.gif,C:\Users\zhang\Desktop\vessel\mask\29_training_mask.gif,456,256,128,64,0.8302,2196,461,8,10,1,8,0.20992713929905674,0.1905601423403014,0.1905601423403014,0.023427331379016675,0.19948877354477906,0.03662550449371338,0.044593628495931625,0.044593628495931625,0.3225668966770172,0.04027455300092697,0.2873271107673645,-0.08783833682537079,0.2731667459011078,-0.04771014302968979,-0.040128193795681,0.37920480966567993
30,30_y64_x64.png,C:\Users\zhang\Desktop\vessel\images\30_training.tif,C:\Users\zhang\Desktop\vessel\1st_manual\30_manual1.gif,C:\Users\zhang\Desktop\vessel\mask\30_training_mask.gif,64,64,128,64,0.834045,920,441,2,16,7,2,0.4793478208766541,0.3916013290863534,0.3916013290863534,0.02653061164329679,0.41238017464833127,0.4999338984489441,0.5493932962417603,0.5493932962417603,0.40702250599861145,0.5433979630470276,0.4198070764541626,-0.00742688775062561,0.4982154369354248,-0.047854233533144,0.04042734578251839,0.6195062398910522
30,30_y64_x128.png,C:\Users\zhang\Desktop\vessel\images\30_training.tif,C:\Users\zhang\Desktop\vessel\1st_manual\30_manual1.gif,C:\Users\zhang\Desktop\vessel\mask\30_training_mask.gif,64,128,128,64,0.990906,1556,627,7,11,4,3,0.40295629561082075,0.3385816499657238,0.3385816499657238,0.020015948644083754,0.35213571580080993,0.36856743693351746,0.41626477241516113,0.41626477241516113,0.22972626984119415,0.4010230004787445,0.3397974371910095,0.01233828067779541,0.5535324811935425,0.009867401793599129,0.0024708788841962814,0.5062801241874695
30,30_y64_x192.png,C:\Users\zhang\Desktop\vessel\images\30_training.tif,C:\Users\zhang\Desktop\vessel\1st_manual\30_manual1.gif,C:\Users\zhang\Desktop\vessel\mask\30_training_mask.gif,64,192,128,64,1.0,1941,626,11,11,2,7,0.3225141662930749,0.27953459644574463,0.27953459644574463,0.02388178875588197,0.2928861688103006,0.23023541271686554,0.2680019736289978,0.2680019736289978,0.33493492007255554,0.2609993517398834,0.30612727999687195,-0.013241112232208252,0.4819430708885193,0.017021436244249344,-0.030262548476457596,0.40863457322120667
30,30_y64_x256.png,C:\Users\zhang\Desktop\vessel\images\30_training.tif,C:\Users\zhang\Desktop\vessel\1st_manual\30_manual1.gif,C:\Users\zhang\Desktop\vessel\mask\30_training_mask.gif,64,256,128,64,1.0,1979,621,8,16,4,8,0.3137948442961352,0.27291977720010446,0.27291977720010446,0.02463768076267825,0.28636799788905937,0.21524125337600708,0.2513926029205322,0.2513926029205322,0.3555064797401428,0.2455950826406479,0.30317431688308716,-0.016806304454803467,0.47196513414382935,0.017021436244249344,-0.03382774069905281,0.39799943566322327
30,30_y64_x320.png,C:\Users\zhang\Desktop\vessel\images\30_training.tif,C:\Users\zhang\Desktop\vessel\1st_manual\30_manual1.gif,C:\Users\zhang\Desktop\vessel\mask\30_training_mask.gif,64,320,128,64,0.966614,2535,700,7,13,4,5,0.27613412119868197,0.24383529005613433,0.24383529005613433,0.01892857115816327,0.25306619733353214,0.15047812461853027,0.1783635914325714,0.1783635914325714,0.2001333087682724,0.1668933928012848,0.26546087861061096,-0.01239466667175293,0.4843120574951172,-0.007196389138698578,-0.005198277533054352,0.48340263962745667
30,30_y128_x64.png,C:\Users\zhang\Desktop\vessel\images\30_training.tif,C:\Users\zhang\Desktop\vessel\1st_manual\30_manual1.gif,C:\Users\zhang\Desktop\vessel\mask\30_training_mask.gif,128,64,128,64,0.997925,696,568,7,22,7,8,0.8160919422975296,0.5966869079159596,0.5966869079159596,0.0330985909665741,0.6361858997163999,1.0,1.0,1.0,0.5857697129249573,1.0,0.4622723460197449,0.17391353845596313,1.0,0.015352324582636356,0.15856121480464935,0.9719057679176331
30,30_y128_x128.png,C:\Users\zhang\Desktop\vessel\images\30_training.tif,C:\Users\zhang\Desktop\vessel\1st_manual\30_manual1.gif,C:\Users\zhang\Desktop\vessel\mask\30_training_mask.gif,128,128,128,64,1.0,720,598,5,18,7,4,0.8305555440200619,0.6046194967507162,0.6046194967507162,0.025752507930560067,0.6357604335208044,1.0,1.0,1.0,0.38584643602371216,1.0,0.4571136236190796,0.17864680290222168,1.0,0.017021436244249344,0.16162537038326263,0.9810463190078735
30,30_y128_x192.png,C:\Users\zhang\Desktop\vessel\images\30_training.tif,C:\Users\zhang\Desktop\vessel\1st_manual\30_manual1.gif,C:\Users\zhang\Desktop\vessel\mask\30_training_mask.gif,128,192,128,64,1.0,771,565,10,15,4,7,0.7328145170841178,0.549746975048123,0.549746975048123,0.02999999946902656,0.5827317929672082,0.9358069896697998,0.9464854598045349,0.9464854598045349,0.5014417171478271,0.9459875226020813,0.446698933839798,0.1360328495502472,0.8997183442115784,0.017021436244249344,0.11901141703128815,0.8539267182350159
30,30_y128_x256.png,C:\Users\zhang\Desktop\vessel\images\30_training.tif,C:\Users\zhang\Desktop\vessel\1st_manual\30_manual1.gif,C:\Users\zhang\Desktop\vessel\mask\30_training_mask.gif,128,256,128,64,1.0,1121,546,7,18,6,6,0.48706511608327285,0.3968044567568278,0.3968044567568278,0.030402929846100185,0.42093249287962325,0.51320481300354,0.5624579787254333,0.5624579787254333,0.5124074816703796,0.5636094808578491,0.3897254467010498,0.03120705485343933,0.6063408255577087,0.017021436244249344,0.014185618609189987,0.541225790977478
30,30_y128_x320.png,C:\Users\zhang\Desktop\vessel\images\30_training.tif,C:\Users\zhang\Desktop\vessel\1st_manual\30_manual1.gif,C:\Users\zhang\Desktop\vessel\mask\30_training_mask.gif,128,320,128,64,1.0,2359,708,4,18,8,2,0.30012717125846894,0.2624620837280073,0.2624620837280073,0.021468926250438898,0.27373164196619354,0.19173769652843475,0.22513410449028015,0.22513410449028015,0.2692689597606659,0.21573172509670258,0.2764212489128113,-0.0026895999908447266,0.5114737749099731,0.017021436244249344,-0.01971103623509407,0.44011029601097107
30,30_y128_x384.png,C:\Users\zhang\Desktop\vessel\images\30_training.tif,C:\Users\zhang\Desktop\vessel\1st_manual\30_manual1.gif,C:\Users\zhang\Desktop\vessel\mask\30_training_mask.gif,128,384,128,64,0.96991,3186,708,10,13,3,7,0.22222222152472623,0.20067069489147263,0.20067069489147263,0.02182203359008427,0.20942878018040717,0.05776870250701904,0.06998045742511749,0.06998045742511749,0.278878778219223,0.06376565247774124,0.23064258694648743,-0.021213799715042114,0.4596298038959503,-0.0050557139329612255,-0.0161580853164196,0.45070892572402954
30,30_y192_x0.png,C:\Users\zhang\Desktop\vessel\images\30_training.tif,C:\Users\zhang\Desktop\vessel\1st_manual\30_manual1.gif,C:\Users\zhang\Desktop\vessel\mask\30_training_mask.gif,192,0,128,64,0.882751,661,519,8,12,2,8,0.7851739669413924,0.5795158709540075,0.5795158709540075,0.023699421508681668,0.6069842527474271,1.0,1.0,1.0,0.3299717903137207,1.0,0.4701231122016907,0.1368611454963684,0.9020364284515381,-0.043221838772296906,0.18008297681808472,1.0
30,30_y192_x64.png,C:\Users\zhang\Desktop\vessel\images\30_training.tif,C:\Users\zhang\Desktop\vessel\1st_manual\30_manual1.gif,C:\Users\zhang\Desktop\vessel\mask\30_training_mask.gif,192,64,128,64,1.0,872,670,9,22,6,10,0.7683486150418737,0.5700461252314896,0.5700461252314896,0.0298507458231232,0.6040787292149724,0.9969131350517273,0.9974551200866699,0.9974551200866699,0.49737977981567383,0.9964364767074585,0.4279632866382599,0.17611542344093323,1.0,0.017021436244249344,0.15909399092197418,0.9734951257705688
30,30_y192_x128.png,C:\Users\zhang\Desktop\vessel\images\30_training.tif,C:\Users\zhang\Desktop\vessel\1st_manual\30_manual1.gif,C:\Users\zhang\Desktop\vessel\mask\30_training_mask.gif,192,128,128,64,1.0,804,661,5,28,11,6,0.822139293256974,0.600011246660329,0.600011246660329,0.03343419011446006,0.6401330268436403,1.0,1.0,1.0,0.5949030518531799,1.0,0.44032052159309387,0.19981250166893005,1.0,0.017021436244249344,0.182791069149971,1.0
30,30_y192_x192.png,C:\Users\zhang\Desktop\vessel\images\30_training.tif,C:\Users\zhang\Desktop\vessel\1st_manual\30_manual1.gif,C:\Users\zhang\Desktop\vessel\mask\30_training_mask.gif,192,192,128,64,1.0,814,620,10,23,8,7,0.7616707523136271,0.5662626498455139,0.5662626498455139,0.03701612843522374,0.6081843517950172,0.985429584980011,0.9879551529884338,0.9879551529884338,0.6923853158950806,1.0,0.4384392499923706,0.1697450876235962,0.9940691590309143,0.017021436244249344,0.15272365510463715,0.9544920325279236
30,30_y192_x256.png,C:\Users\zhang\Desktop\vessel\images\30_training.tif,C:\Users\zhang\Desktop\vessel\1st_manual\30_manual1.gif,C:\Users\zhang\Desktop\vessel\mask\30_training_mask.gif,192,256,128,64,1.0,948,524,7,22,8,6,0.5527426102031371,0.4400227932787549,0.4400227932787549,0.0374045794388439,0.47294052833094924,0.6261469721794128,0.6709759831428528,0.6709759831428528,0.7029569745063782,0.6865193843841553,0.41524338722229004,0.057697147130966187,0.6804790496826172,0.017021436244249344,0.04067571088671684,0.6202471256256104
30,30_y192_x320.png,C:\Users\zhang\Desktop\vessel\images\30_training.tif,C:\Users\zhang\Desktop\vessel\1st_manual\30_manual1.gif,C:\Users\zhang\Desktop\vessel\mask\30_training_mask.gif,192,320,128,64,1.0,1164,592,0,18,9,0,0.5085910609227572,0.4111761430073744,0.4111761430073744,0.02027026992786706,0.4278454458206919,0.5502219200134277,0.5985442399978638,0.5985442399978638,0.2366475760936737,0.579946756362915,0.38399457931518555,0.043850868940353394,0.6417272686958313,0.017021436244249344,0.02682943269610405,0.5789429545402527
30,30_y192_x384.png,C:\Users\zhang\Desktop\vessel\images\30_training.tif,C:\Users\zhang\Desktop\vessel\1st_manual\30_manual1.gif,C:\Users\zhang\Desktop\vessel\mask\30_training_mask.gif,192,384,128,64,1.0,3162,905,20,16,2,12,0.28621125779186823,0.2517008874340667,0.2517008874340667,0.028397789741460885,0.2659963851922502,0.1678072214126587,0.19811351597309113,0.19811351597309113,0.45783764123916626,0.19745111465454102,0.23179446160793304,0.034201934933662415,0.6147226095199585,0.017021436244249344,0.01718049868941307,0.5501596927642822
30,30_y192_x437.png,C:\Users\zhang\Desktop\vessel\images\30_training.tif,C:\Users\zhang\Desktop\vessel\1st_manual\30_manual1.gif,C:\Users\zhang\Desktop\vessel\mask\30_training_mask.gif,192,437,128,64,0.81488,3547,796,24,16,1,14,0.22441499795766845,0.202463177244472,0.202463177244472,0.03630653220720437,0.21716464897527069,0.061539508402347565,0.07448127120733261,0.07448127120733261,0.6730737686157227,0.0820477157831192,0.2142912745475769,0.0028733760118484497,0.5270429253578186,-0.04639527574181557,0.04926865175366402,0.6458803415298462
30,30_y256_x0.png,C:\Users\zhang\Desktop\vessel\images\30_training.tif,C:\Users\zhang\Desktop\vessel\1st_manual\30_manual1.gif,C:\Users\zhang\Desktop\vessel\mask\30_training_mask.gif,256,0,128,64,0.906494,626,507,9,16,4,8,0.8099041404168668,0.5932738827795923,0.5932738827795923,0.03214990074655029,0.6314212756733611,1.0,1.0,1.0,0.5599511861801147,1.0,0.47840040922164917,0.15302085876464844,0.9472628235816956,-0.036623768508434296,0.18964463472366333,1.0
30,30_y256_x64.png,C:\Users\zhang\Desktop\vessel\images\30_training.tif,C:\Users\zhang\Desktop\vessel\1st_manual\30_manual1.gif,C:\Users\zhang\Desktop\vessel\mask\30_training_mask.gif,256,64,128,64,1.0,1045,753,13,17,3,11,0.7205741557839794,0.5426580466250115,0.5426580466250115,0.02636122142946585,0.5712683044801381,0.9147579073905945,0.9286856055259705,0.9286856055259705,0.4024125635623932,0.9188960790634155,0.40041351318359375,0.17085480690002441,0.9971749782562256,0.017021436244249344,0.15383337438106537,0.9578023552894592
30,30_y256_x128.png,C:\Users\zhang\Desktop\vessel\images\30_training.tif,C:\Users\zhang\Desktop\vessel\1st_manual\30_manual1.gif,C:\Users\zhang\Desktop\vessel\mask\30_training_mask.gif,256,128,128,64,1.0,1326,785,14,22,5,12,0.5920060287179033,0.46499487429812614,0.46499487429812614,0.03082802508499331,0.493664621596638,0.6936661601066589,0.7336790561676025,0.7336790561676025,0.5239763855934143,0.7354963421821594,0.3641543686389923,0.12951025366783142,0.8814634680747986,0.017021436244249344,0.11248882114887238,0.8344694972038269
30,30_y256_x192.png,C:\Users\zhang\Desktop\vessel\images\30_training.tif,C:\Users\zhang\Desktop\vessel\1st_manual\30_manual1.gif,C:\Users\zhang\Desktop\vessel\mask\30_training_mask.gif,256,192,128,64,1.0,1363,724,13,19,6,7,0.5311812140045399,0.42603947283547783,0.42603947283547783,0.031698894589794274,0.45304943351648447,0.5890690088272095,0.6358649730682373,0.6358649730682373,0.5476770401000977,0.639510989189148,0.35996371507644653,0.09308570623397827,0.7795214653015137,0.017021436244249344,0.07606427371501923,0.725813090801239
30,30_y256_x256.png,C:\Users\zhang\Desktop\vessel\images\30_training.tif,C:\Users\zhang\Desktop\vessel\1st_manual\30_manual1.gif,C:\Users\zhang\Desktop\vessel\mask\30_training_mask.gif,256,256,128,64,1.0,1103,564,9,22,8,6,0.5113327242852881,0.41299186042990865,0.41299186042990865,0.038297871661385256,0.44462527896579135,0.5549366474151611,0.6031033396720886,0.6031033396720886,0.7272679805755615,0.6196023225784302,0.3921899199485779,0.05243536829948425,0.6657528281211853,0.017021436244249344,0.03541393205523491,0.6045509576797485
30,30_y256_x320.png,C:\Users\zhang\Desktop\vessel\images\30_training.tif,C:\Users\zhang\Desktop\vessel\1st_manual\30_manual1.gif,C:\Users\zhang\Desktop\vessel\mask\30_training_mask.gif,256,320,128,64,1.0,1125,635,7,17,7,3,0.5644444394271606,0.4475307701866063,0.4475307701866063,0.026850393277946562,0.47156352455359174,0.6462699770927429,0.6898279786109924,0.6898279786109924,0.41572535037994385,0.6832650899887085,0.3891831636428833,0.08238035440444946,0.7495602369308472,0.017021436244249344,0.06535892188549042,0.6938784718513489
30,30_y256_x384.png,C:\Users\zhang\Desktop\vessel\images\30_training.tif,C:\Users\zhang\Desktop\vessel\1st_manual\30_manual1.gif,C:\Users\zhang\Desktop\vessel\mask\30_training_mask.gif,256,384,128,64,1.0,3275,883,23,16,2,12,0.26961831978742495,0.23871631970017324,0.23871631970017324,0.03250283088898266,0.2542342320394833,0.1392732560634613,0.16551025211811066,0.16551025211811066,0.5695561170578003,0.1696537286043167,0.22644548118114471,0.027788743376731873,0.5967739224433899,0.017021436244249344,0.010767307132482529,0.5310288071632385
30,30_y256_x437.png,C:\Users\zhang\Desktop\vessel\images\30_training.tif,C:\Users\zhang\Desktop\vessel\1st_manual\30_manual1.gif,C:\Users\zhang\Desktop\vessel\mask\30_training_mask.gif,256,437,128,64,0.83905,3464,738,24,13,1,11,0.2130484982302295,0.19313661121560305,0.19313661121560305,0.03773712685993053,0.20771345281308365,0.041993141174316406,0.05106295645236969,0.05106295645236969,0.7120072841644287,0.05971183255314827,0.2178983986377716,-0.010184943675994873,0.490496426820755,-0.0479300394654274,0.037745095789432526,0.6115049123764038
30,30_y320_x0.png,C:\Users\zhang\Desktop\vessel\images\30_training.tif,C:\Users\zhang\Desktop\vessel\1st_manual\30_manual1.gif,C:\Users\zhang\Desktop\vessel\mask\30_training_mask.gif,320,0,128,64,0.803772,874,457,6,15,5,5,0.5228832892118617,0.42060543881107665,0.42060543881107665,0.030087526693927204,0.44591539354675513,0.5747995376586914,0.622220516204834,0.622220516204834,0.5038237571716309,0.6226512789726257,0.42761459946632385,0.018300801515579224,0.570219874382019,-0.044701263308525085,0.06300206482410431,0.6868478059768677
30,30_y320_x64.png,C:\Users\zhang\Desktop\vessel\images\30_training.tif,C:\Users\zhang\Desktop\vessel\1st_manual\30_manual1.gif,C:\Users\zhang\Desktop\vessel\mask\30_training_mask.gif,320,64,128,64,1.0,1295,703,11,15,3,9,0.5428571386651958,0.433635982357858,0.433635982357858,0.024395447732639436,0.45479347024306377,0.6091474294662476,0.6549391746520996,0.6549391746520996,0.34891408681869507,0.643632709980011,0.3677564263343811,0.08703705668449402,0.7625930905342102,0.017021436244249344,0.07001562416553497,0.7077696323394775
30,30_y320_x128.png,C:\Users\zhang\Desktop\vessel\images\30_training.tif,C:\Users\zhang\Desktop\vessel\1st_manual\30_manual1.gif,C:\Users\zhang\Desktop\vessel\mask\30_training_mask.gif,320,128,128,64,1.0,1483,707,14,17,3,11,0.4767363420314475,0.38983447849573616,0.38983447849573616,0.029490805806353524,0.4128275442996139,0.4954429864883423,0.5449568033218384,0.5449568033218384,0.48758405447006226,0.5444551706314087,0.34711483120918274,0.06571272015571594,0.7029123902320862,0.017021436244249344,0.0486912839114666,0.6441580057144165
30,30_y320_x192.png,C:\Users\zhang\Desktop\vessel\images\30_training.tif,C:\Users\zhang\Desktop\vessel\1st_manual\30_manual1.gif,C:\Users\zhang\Desktop\vessel\mask\30_training_mask.gif,320,192,128,64,1.0,1713,704,13,14,4,6,0.4109748954408938,0.34428088067901186,0.34428088067901186,0.02784090869544164,0.36345106580815306,0.38235658407211304,0.43057510256767273,0.43057510256767273,0.4426821768283844,0.4277644157409668,0.32515817880630493,0.038292884826660156,0.6261720061302185,0.017021436244249344,0.021271448582410812,0.5623632073402405
30,30_y320_x256.png,C:\Users\zhang\Desktop\vessel\images\30_training.tif,C:\Users\zhang\Desktop\vessel\1st_manual\30_manual1.gif,C:\Users\zhang\Desktop\vessel\mask\30_training_mask.gif,320,256,128,64,1.0,1598,623,10,19,6,7,0.3898623254701982,0.32920469581286155,0.32920469581286155,0.032022471396108004,0.35028859172312515,0.3460504412651062,0.39271995425224304,0.39271995425224304,0.5564832091331482,0.3966577351093292,0.3357413709163666,0.014547228813171387,0.5597147345542908,0.017021436244249344,-0.002474207431077957,0.4915286600589752
30,30_y320_x320.png,C:\Users\zhang\Desktop\vessel\images\30_training.tif,C:\Users\zhang\Desktop\vessel\1st_manual\30_manual1.gif,C:\Users\zhang\Desktop\vessel\mask\30_training_mask.gif,320,320,128,64,1.0,2590,720,14,18,3,12,0.27799227691894873,0.24529031283766933,0.24529031283766933,0.029444444035493834,0.2597351866152644,0.15367348492145538,0.18201705813407898,0.18201705813407898,0.4863223433494568,0.18265411257743835,0.2621913552284241,-0.002456158399581909,0.5121271014213562,0.017021436244249344,-0.019477594643831253,0.44080668687820435
30,30_y320_x384.png,C:\Users\zhang\Desktop\vessel\images\30_training.tif,C:\Users\zhang\Desktop\vessel\1st_manual\30_manual1.gif,C:\Users\zhang\Desktop\vessel\mask\30_training_mask.gif,320,384,128,64,0.996338,3769,760,17,18,3,12,0.20164499813837888,0.18369144984384772,0.18369144984384772,0.03184210484418283,0.1953896946536632,0.022383151575922966,0.02734685316681862,0.02734685316681862,0.5515745282173157,0.030587241053581238,0.2050430029630661,-0.00965331494808197,0.4919843077659607,0.01409044861793518,-0.02374376356601715,0.4280804693698883
30,30_y384_x64.png,C:\Users\zhang\Desktop\vessel\images\30_training.tif,C:\Users\zhang\Desktop\vessel\1st_manual\30_manual1.gif,C:\Users\zhang\Desktop\vessel\mask\30_training_mask.gif,384,64,128,64,0.933411,1473,489,6,7,1,5,0.33197555782772875,0.28666322197065186,0.28666322197065186,0.01584867043254253,0.2957496838309392,0.24650563299655914,0.28590142726898193,0.28590142726898193,0.11631395667791367,0.26776668429374695,0.34814515709877014,-0.05239546298980713,0.3723612427711487,-0.025703340768814087,-0.026692122220993042,0.4192853569984436
30,30_y384_x128.png,C:\Users\zhang\Desktop\vessel\images\30_training.tif,C:\Users\zhang\Desktop\vessel\1st_manual\30_manual1.gif,C:\Users\zhang\Desktop\vessel\mask\30_training_mask.gif,384,128,128,64,1.0,1809,498,5,10,2,6,0.2752902140669419,0.24317377158517628,0.24317377158517628,0.017269075958452288,0.25157254425039177,0.14902690052986145,0.1767026036977768,0.1767026036977768,0.15497025847434998,0.16336342692375183,0.31685376167297363,-0.0652812123298645,0.3362976908683777,0.017021436244249344,-0.08230264484882355,0.25339624285697937
30,30_y384_x192.png,C:\Users\zhang\Desktop\vessel\images\30_training.tif,C:\Users\zhang\Desktop\vessel\1st_manual\30_manual1.gif,C:\Users\zhang\Desktop\vessel\mask\30_training_mask.gif,384,192,128,64,1.0,2203,522,4,12,4,4,0.23694961308692866,0.21264835942546145,0.21264835942546145,0.018965516878055234,0.22071433152501016,0.08309459686279297,0.1000555157661438,0.1000555157661438,0.20113877952098846,0.09043662250041962,0.28684237599372864,-0.06612804532051086,0.3339276611804962,0.017021436244249344,-0.08314947783946991,0.25087007880210876
30,30_y384_x256.png,C:\Users\zhang\Desktop\vessel\images\30_training.tif,C:\Users\zhang\Desktop\vessel\1st_manual\30_manual1.gif,C:\Users\zhang\Desktop\vessel\mask\30_training_mask.gif,384,256,128,64,1.0,2893,662,6,19,6,7,0.22882820522354577,0.20606103661752626,0.20606103661752626,0.024093655225171373,0.21599056376073444,0.06912865489721298,0.0835152268409729,0.0835152268409729,0.3407008647918701,0.07927300035953522,0.24533845484256744,-0.029347896575927734,0.43686479330062866,0.017021436244249344,-0.04636933282017708,0.3605872094631195
30,30_y384_x320.png,C:\Users\zhang\Desktop\vessel\images\30_training.tif,C:\Users\zhang\Desktop\vessel\1st_manual\30_manual1.gif,C:\Users\zhang\Desktop\vessel\mask\30_training_mask.gif,384,320,128,64,0.999512,3527,661,10,11,2,7,0.18741139725712674,0.1717756413068793,0.1717756413068793,0.021104386972702165,0.17902608052012822,0.0,0.0,0.0,0.2593480348587036,0.0,0.21515268087387085,-0.036126598715782166,0.4178931415081024,0.016626955941319466,-0.05275355279445648,0.34154272079467773
30,30_y384_x384.png,C:\Users\zhang\Desktop\vessel\images\30_training.tif,C:\Users\zhang\Desktop\vessel\1st_manual\30_manual1.gif,C:\Users\zhang\Desktop\vessel\mask\30_training_mask.gif,384,384,128,64,0.858398,2560,495,8,12,2,8,0.19335937424468994,0.17677233349915994,0.17677233349915994,0.024848484346495267,0.18555738262285457,0.008134801872074604,0.00997342262417078,0.00997342262417078,0.36124345660209656,0.007350681349635124,0.26396602392196655,-0.07840864360332489,0.29955777525901794,-0.04703431576490402,-0.03137432783842087,0.4053180515766144
30,30_y448_x128.png,C:\Users\zhang\Desktop\vessel\images\30_training.tif,C:\Users\zhang\Desktop\vessel\1st_manual\30_manual1.gif,C:\Users\zhang\Desktop\vessel\mask\30_training_mask.gif,448,128,128,64,0.804077,1543,371,3,11,4,3,0.24044069837692353,0.21546671839351775,0.21546671839351775,0.023045821481244705,0.225397933448011,0.08909803628921509,0.1071322113275528,0.1071322113275528,0.31218409538269043,0.10150530934333801,0.3410750925540924,-0.11567716300487518,0.19525381922721863,-0.044756099581718445,-0.07092106342315674,0.28734809160232544
30,30_y448_x192.png,C:\Users\zhang\Desktop\vessel\images\30_training.tif,C:\Users\zhang\Desktop\vessel\1st_manual\30_manual1.gif,C:\Users\zhang\Desktop\vessel\mask\30_training_mask.gif,448,192,128,64,0.909485,2451,574,7,12,3,6,0.23419012552350008,0.21041498616264703,0.21041498616264703,0.02108013900557249,0.21928614047697545,0.07834925502538681,0.09444768726825714,0.09444768726825714,0.2586881220340729,0.08706141263246536,0.2705937623977661,-0.051307618618011475,0.37540578842163086,-0.03559086099267006,-0.015716757625341415,0.4520254135131836
30,30_y448_x256.png,C:\Users\zhang\Desktop\vessel\images\30_training.tif,C:\Users\zhang\Desktop\vessel\1st_manual\30_manual1.gif,C:\Users\zhang\Desktop\vessel\mask\30_training_mask.gif,448,256,128,64,0.891052,3044,685,10,13,3,7,0.22503285077190258,0.2029676605937773,0.2029676605937773,0.022554744196281108,0.2121234279233978,0.0626019835472107,0.07574798166751862,0.07574798166751862,0.2988194525241852,0.07013384997844696,0.2375880628824234,-0.02546463906764984,0.44773292541503906,-0.04123843088746071,0.015773791819810867,0.5459634065628052
30,30_y456_x192.png,C:\Users\zhang\Desktop\vessel\images\30_training.tif,C:\Users\zhang\Desktop\vessel\1st_manual\30_manual1.gif,C:\Users\zhang\Desktop\vessel\mask\30_training_mask.gif,456,192,128,64,0.846985,2246,535,6,11,3,5,0.23820124560017253,0.21365971807904544,0.21365971807904544,0.020093457568346587,0.22224604303761783,0.0852469727396965,0.10259495675563812,0.10259495675563812,0.23183566331863403,0.09405647963285446,0.2838979959487915,-0.061651960015296936,0.3464549481868744,-0.047791171818971634,-0.013860788196325302,0.4575618803501129
30,30_y456_x256.png,C:\Users\zhang\Desktop\vessel\images\30_training.tif,C:\Users\zhang\Desktop\vessel\1st_manual\30_manual1.gif,C:\Users\zhang\Desktop\vessel\mask\30_training_mask.gif,456,256,128,64,0.828552,2700,621,9,12,3,6,0.22999999914814814,0.20701416869176362,0.20701416869176362,0.022705313644036818,0.2164148119495757,0.0711437314748764,0.08590847998857498,0.08590847998857498,0.3029171824455261,0.08027562499046326,0.2558555603027344,-0.03944075107574463,0.40861776471138,-0.04762554541230202,0.008184794336557388,0.5233250260353088
31,31_y64_x64.png,C:\Users\zhang\Desktop\vessel\images\31_training.tif,C:\Users\zhang\Desktop\vessel\1st_manual\31_manual1.gif,C:\Users\zhang\Desktop\vessel\mask\31_training_mask.gif,64,64,128,64,0.841125,971,500,6,15,3,9,0.5149330533992477,0.415371248809548,0.415371248809548,0.02429999951400001,0.4355582910979512,0.5611279010772705,0.6090778112411499,0.6090778112411499,0.34631648659706116,0.5981744527816772,0.4115942716598511,0.023964017629623413,0.586069643497467,-0.047924403101205826,0.07188841700553894,0.7133562564849854
31,31_y64_x128.png,C:\Users\zhang\Desktop\vessel\images\31_training.tif,C:\Users\zhang\Desktop\vessel\1st_manual\31_manual1.gif,C:\Users\zhang\Desktop\vessel\mask\31_training_mask.gif,64,128,128,64,0.992371,1577,672,10,14,1,12,0.4261255521488551,0.35496136310154386,0.35496136310154386,0.02113095206650369,0.36996270619986293,0.40841037034988403,0.45739302039146423,0.45739302039146423,0.2600710391998291,0.4431532621383667,0.3377559185028076,0.03220677375793457,0.6091387271881104,0.010991701856255531,0.02121507190167904,0.5621950030326843
31,31_y64_x192.png,C:\Users\zhang\Desktop\vessel\images\31_training.tif,C:\Users\zhang\Desktop\vessel\1st_manual\31_manual1.gif,C:\Users\zhang\Desktop\vessel\mask\31_training_mask.gif,64,192,128,64,1.0,1591,600,8,14,2,10,0.3771213049835242,0.3199953095364505,0.3199953095364505,0.021666666305555565,0.33386177271858897,0.32414036989212036,0.36959585547447205,0.36959585547447205,0.2746504545211792,0.35783642530441284,0.33640992641448975,-0.0025481581687927246,0.5118696093559265,0.017021436244249344,-0.01956959441304207,0.44053223729133606
31,31_y64_x256.png,C:\Users\zhang\Desktop\vessel\images\31_training.tif,C:\Users\zhang\Desktop\vessel\1st_manual\31_manual1.gif,C:\Users\zhang\Desktop\vessel\mask\31_training_mask.gif,64,256,128,64,1.0,2013,618,9,20,5,10,0.30700446941378806,0.26773785423362756,0.26773785423362756,0.02993527459651659,0.2837674666063591,0.20356422662734985,0.23838122189044952,0.23838122189044952,0.4996802508831024,0.23944923281669617,0.30057987570762634,-0.016812413930892944,0.4719480276107788,0.017021436244249344,-0.03383385017514229,0.397981196641922
31,31_y64_x320.png,C:\Users\zhang\Desktop\vessel\images\31_training.tif,C:\Users\zhang\Desktop\vessel\1st_manual\31_manual1.gif,C:\Users\zhang\Desktop\vessel\mask\31_training_mask.gif,64,320,128,64,0.967407,2256,532,7,13,3,7,0.2358156017915975,0.21173115841664142,0.21173115841664142,0.02340225519920573,0.2216411316224208,0.08114450424909592,0.09775250405073166,0.09775250405073166,0.321884423494339,0.09262693673372269,0.28322136402130127,-0.06158022582530975,0.3466556966304779,-0.006686377339065075,-0.054893847554922104,0.335158109664917
31,31_y128_x64.png,C:\Users\zhang\Desktop\vessel\images\31_training.tif,C:\Users\zhang\Desktop\vessel\1st_manual\31_manual1.gif,C:\Users\zhang\Desktop\vessel\mask\31_training_mask.gif,128,64,128,64,0.998657,945,450,3,14,5,4,0.4761904711514236,0.3894647633481715,0.3894647633481715,0.023111110597530876,0.4074666897873331,0.49450430274009705,0.5440285205841064,0.5440285205841064,0.3139609396457672,0.5317859053611755,0.41572585701942444,-0.008259177207946777,0.49588608741760254,0.015938658267259598,-0.024197835475206375,0.42672595381736755
31,31_y128_x128.png,C:\Users\zhang\Desktop\vessel\images\31_training.tif,C:\Users\zhang\Desktop\vessel\1st_manual\31_manual1.gif,C:\Users\zhang\Desktop\vessel\mask\31_training_mask.gif,128,128,128,64,1.0,1278,532,5,14,4,6,0.4162754271026962,0.3480304870225271,0.3480304870225271,0.021804510868336263,0.36320775609611716,0.39147165417671204,0.4399900734424591,0.4399900734424591,0.2784019112586975,0.4271894097328186,0.36976850032806396,-0.0065607428550720215,0.5006395578384399,0.017021436244249344,-0.023582179099321365,0.4285624921321869
31,31_y128_x192.png,C:\Users\zhang\Desktop\vessel\images\31_training.tif,C:\Users\zhang\Desktop\vessel\1st_manual\31_manual1.gif,C:\Users\zhang\Desktop\vessel\mask\31_training_mask.gif,128,192,128,64,1.0,1634,573,4,14,5,4,0.35067319246834033,0.3006031292478748,0.3006031292478748,0.019895287610902486,0.31256430067412233,0.27865898609161377,0.320903480052948,0.320903480052948,0.22644245624542236,0.30750444531440735,0.33234867453575134,-0.019784361124038696,0.46363040804862976,0.017021436244249344,-0.03680579736828804,0.38911572098731995
31,31_y128_x256.png,C:\Users\zhang\Desktop\vessel\images\31_training.tif,C:\Users\zhang\Desktop\vessel\1st_manual\31_manual1.gif,C:\Users\zhang\Desktop\vessel\mask\31_training_mask.gif,128,256,128,64,1.0,2922,800,11,18,3,12,0.27378507777623173,0.24199284415596534,0.24199284415596534,0.022749999715625004,0.2530035184274283,0.1464385986328125,0.17373736202716827,0.17373736202716827,0.3041333258152008,0.16674520075321198,0.24381907284259796,0.00918443500995636,0.5447058081626892,0.017021436244249344,-0.007837001234292984,0.4755311608314514
31,31_y128_x320.png,C:\Users\zhang\Desktop\vessel\images\31_training.tif,C:\Users\zhang\Desktop\vessel\1st_manual\31_manual1.gif,C:\Users\zhang\Desktop\vessel\mask\31_training_mask.gif,128,320,128,64,1.0,3536,842,18,16,1,14,0.23812217127227892,0.2135958537813679,0.2135958537813679,0.02719714932069894,0.22521425044051596,0.08511097729206085,0.10243459790945053,0.10243459790945053,0.42516228556632996,0.10107123851776123,0.21476444602012634,0.010449811816215515,0.548247218132019,0.017021436244249344,-0.006571624428033829,0.47930586338043213
31,31_y128_x384.png,C:\Users\zhang\Desktop\vessel\images\31_training.tif,C:\Users\zhang\Desktop\vessel\1st_manual\31_manual1.gif,C:\Users\zhang\Desktop\vessel\mask\31_training_mask.gif,128,384,128,64,0.969666,2192,677,12,13,3,7,0.30885036355451473,0.26914916683694984,0.26914916683694984,0.025775479678353325,0.28302406459745294,0.20673851668834686,0.24192486703395844,0.24192486703395844,0.38647159934043884,0.23769238591194153,0.28760480880737305,-0.00458073616027832,0.506181001663208,-0.005216078367084265,0.0006353422068059444,0.500804603099823
31,31_y192_x0.png,C:\Users\zhang\Desktop\vessel\images\31_training.tif,C:\Users\zhang\Desktop\vessel\1st_manual\31_manual1.gif,C:\Users\zhang\Desktop\vessel\mask\31_training_mask.gif,192,0,128,64,0.891968,454,225,0,6,3,0,0.49559470274020484,0.4025239222184571,0.4025239222184571,0.013333332740740767,0.4132578930005506,0.5278727412223816,0.5768191814422607,0.5768191814422607,0.04785916954278946,0.5454722046852112,0.5272618532180786,-0.11400395631790161,0.1999366581439972,-0.04099826514720917,-0.07300569117069244,0.28112953901290894
31,31_y192_x64.png,C:\Users\zhang\Desktop\vessel\images\31_training.tif,C:\Users\zhang\Desktop\vessel\1st_manual\31_manual1.gif,C:\Users\zhang\Desktop\vessel\mask\31_training_mask.gif,192,64,128,64,1.0,690,319,1,7,3,1,0.46231883387943723,0.3800234181803531,0.3800234181803531,0.013636363208891437,0.3903876928967365,0.4706500470638275,0.5203220248222351,0.5203220248222351,0.056106142699718475,0.4914233684539795,0.46358978748321533,-0.07320210337638855,0.31412938237190247,0.017021436244249344,-0.0902235358953476,0.2297677993774414
31,31_y192_x128.png,C:\Users\zhang\Desktop\vessel\images\31_training.tif,C:\Users\zhang\Desktop\vessel\1st_manual\31_manual1.gif,C:\Users\zhang\Desktop\vessel\mask\31_training_mask.gif,192,128,128,64,1.0,788,338,1,7,3,1,0.42893400470895937,0.356928715032396,0.356928715032396,0.012869822104443134,0.3661159331652648,0.4132399260997772,0.4623328745365143,0.4623328745365143,0.035244740545749664,0.43406224250793457,0.4433797597885132,-0.07726383209228516,0.3027617633342743,0.017021436244249344,-0.0942852646112442,0.21765144169330597
31,31_y192_x192.png,C:\Users\zhang\Desktop\vessel\images\31_training.tif,C:\Users\zhang\Desktop\vessel\1st_manual\31_manual1.gif,C:\Users\zhang\Desktop\vessel\mask\31_training_mask.gif,192,192,128,64,1.0,1382,523,0,12,6,0,0.37843704501854525,0.32095028124663993,0.32095028124663993,0.014340343894066084,0.33015535605858803,0.3264029920101166,0.37199366092681885,0.37199366092681885,0.07526493072509766,0.3490770757198334,0.3578557074069977,-0.027700364589691162,0.4414757788181305,0.017021436244249344,-0.044721800833940506,0.36550188064575195
31,31_y192_x256.png,C:\Users\zhang\Desktop\vessel\images\31_training.tif,C:\Users\zhang\Desktop\vessel\1st_manual\31_manual1.gif,C:\Users\zhang\Desktop\vessel\mask\31_training_mask.gif,192,256,128,64,1.0,3808,954,19,15,1,13,0.25052520942614176,0.22356363060945972,0.22356363060945972,0.024685534332436747,0.23460120596724773,0.10643982887268066,0.1274629533290863,0.1274629533290863,0.35680878162384033,0.12325527518987656,0.2034747302532196,0.031126469373703003,0.6061152815818787,0.017021436244249344,0.014105033129453659,0.5409854054450989
31,31_y192_x320.png,C:\Users\zhang\Desktop\vessel\images\31_training.tif,C:\Users\zhang\Desktop\vessel\1st_manual\31_manual1.gif,C:\Users\zhang\Desktop\vessel\mask\31_training_mask.gif,192,320,128,64,1.0,4328,1059,25,20,1,18,0.24468576653261145,0.21888310170000105,0.21888310170000105,0.029556184801169172,0.23182180050739773,0.09639806300401688,0.11571048200130463,0.11571048200130463,0.48936334252357483,0.11668676882982254,0.18397429585456848,0.04784750938415527,0.6529126763343811,0.017021436244249344,0.03082607313990593,0.5908651351928711
31,31_y192_x384.png,C:\Users\zhang\Desktop\vessel\images\31_training.tif,C:\Users\zhang\Desktop\vessel\1st_manual\31_manual1.gif,C:\Users\zhang\Desktop\vessel\mask\31_training_mask.gif,192,384,128,64,1.0,1871,705,9,17,4,9,0.37680384619559676,0.3197647594874068,0.3197647594874068,0.02361702094160254,0.334868541529808,0.32359445095062256,0.36901694536209106,0.36901694536209106,0.3277292847633362,0.3602157533168793,0.31172141432762146,0.023147135972976685,0.5837833881378174,0.017021436244249344,0.006125699728727341,0.5171826481819153
31,31_y192_x437.png,C:\Users\zhang\Desktop\vessel\images\31_training.tif,C:\Users\zhang\Desktop\vessel\1st_manual\31_manual1.gif,C:\Users\zhang\Desktop\vessel\mask\31_training_mask.gif,192,437,128,64,0.812439,681,376,5,17,6,5,0.5521292136251217,0.43962767449717544,0.43962767449717544,0.037898935162262365,0.4729505159597847,0.6250921487808228,0.6699839234352112,0.6699839234352112,0.7164108753204346,0.6865429878234863,0.4655875563621521,0.007362961769104004,0.5396080017089844,-0.046076394617557526,0.05343935638666153,0.658321738243103
31,31_y256_x0.png,C:\Users\zhang\Desktop\vessel\images\31_training.tif,C:\Users\zhang\Desktop\vessel\1st_manual\31_manual1.gif,C:\Users\zhang\Desktop\vessel\mask\31_training_mask.gif,256,0,128,64,0.914673,390,260,1,7,3,1,0.6666666495726501,0.5108256135095807,0.5108256135095807,0.016730768587278132,0.527918623765747,0.8220560550689697,0.8487567901611328,0.8487567901611328,0.14032022655010223,0.8164483904838562,0.5503615736961365,-0.022442936897277832,0.4561898112297058,-0.033692166209220886,0.011249229311943054,0.5324664115905762
31,31_y256_x64.png,C:\Users\zhang\Desktop\vessel\images\31_training.tif,C:\Users\zhang\Desktop\vessel\1st_manual\31_manual1.gif,C:\Users\zhang\Desktop\vessel\mask\31_training_mask.gif,256,64,128,64,1.0,873,459,3,11,3,5,0.5257731898536863,0.42250129131348607,0.42250129131348607,0.016884531222559233,0.4367687638029944,0.5797690749168396,0.6269808411598206,0.6269808411598206,0.14450488984584808,0.6010351181030273,0.4277888536453247,0.0089799165725708,0.5441334247589111,0.017021436244249344,-0.008041519671678543,0.4749210774898529
31,31_y256_x128.png,C:\Users\zhang\Desktop\vessel\images\31_training.tif,C:\Users\zhang\Desktop\vessel\1st_manual\31_manual1.gif,C:\Users\zhang\Desktop\vessel\mask\31_training_mask.gif,256,128,128,64,1.0,1094,427,3,11,3,5,0.39031078253829266,0.3295273067112205,0.3295273067112205,0.01814988247892547,0.3414890704920314,0.3468216359615326,0.393530011177063,0.393530011177063,0.17894135415554047,0.3758619427680969,0.3934372663497925,-0.0519481897354126,0.37361302971839905,0.017021436244249344,-0.06896962225437164,0.2931693494319916
31,31_y256_x192.png,C:\Users\zhang\Desktop\vessel\images\31_training.tif,C:\Users\zhang\Desktop\vessel\1st_manual\31_manual1.gif,C:\Users\zhang\Desktop\vessel\mask\31_training_mask.gif,256,192,128,64,1.0,1389,426,1,9,4,1,0.3066954621548203,0.2675014022548252,0.2675014022548252,0.013732394043840516,0.2748482715809115,0.20303282141685486,0.23778751492500305,0.23778751492500305,0.058719608932733536,0.21837066113948822,0.3570863902568817,-0.082238107919693,0.2888402044773102,0.017021436244249344,-0.09925954043865204,0.20281292498111725
31,31_y256_x256.png,C:\Users\zhang\Desktop\vessel\images\31_training.tif,C:\Users\zhang\Desktop\vessel\1st_manual\31_manual1.gif,C:\Users\zhang\Desktop\vessel\mask\31_training_mask.gif,256,256,128,64,1.0,2678,629,8,10,3,4,0.23487677283466477,0.21097118602043372,0.21097118602043372,0.019713831165121924,0.21928928670425843,0.07953004539012909,0.09584426879882812,0.09584426879882812,0.22150416672229767,0.0870688408613205,0.257101833820343,-0.03781254589557648,0.41317465901374817,0.017021436244249344,-0.05483398213982582,0.33533671498298645
31,31_y256_x320.png,C:\Users\zhang\Desktop\vessel\images\31_training.tif,C:\Users\zhang\Desktop\vessel\1st_manual\31_manual1.gif,C:\Users\zhang\Desktop\vessel\mask\31_training_mask.gif,256,320,128,64,1.0,3081,700,9,13,3,7,0.227198960638757,0.20473430469336842,0.20473430469336842,0.02064285684795919,0.21318690658067174,0.06632692366838455,0.08018391579389572,0.08018391579389572,0.24678750336170197,0.07264716178178787,0.23574760556221008,-0.02256070077419281,0.4558602273464203,0.017021436244249344,-0.039582137018442154,0.38083377480506897
31,31_y256_x384.png,C:\Users\zhang\Desktop\vessel\images\31_training.tif,C:\Users\zhang\Desktop\vessel\1st_manual\31_manual1.gif,C:\Users\zhang\Desktop\vessel\mask\31_training_mask.gif,256,384,128,64,1.0,2074,565,5,10,2,6,0.2724204422737683,0.24092094668156475,0.24092094668156475,0.015221238668650643,0.24825517714099946,0.1440918892621994,0.17104589939117432,0.17104589939117432,0.09923845529556274,0.15552353858947754,0.29603299498558044,-0.04777781665325165,0.3852847218513489,0.017021436244249344,-0.0647992491722107,0.305609792470932
31,31_y256_x437.png,C:\Users\zhang\Desktop\vessel\images\31_training.tif,C:\Users\zhang\Desktop\vessel\1st_manual\31_manual1.gif,C:\Users\zhang\Desktop\vessel\mask\31_training_mask.gif,256,437,128,64,0.835632,1104,357,4,9,2,5,0.3233695622883192,0.28018118270031483,0.28018118270031483,0.020308122680444744,0.29156109036237504,0.2317063808441162,0.2696254551410675,0.2696254551410675,0.23767773807048798,0.25786781311035156,0.39205193519592285,-0.10049083828926086,0.23775601387023926,-0.04789195582270622,-0.05259888246655464,0.34200412034988403
31,31_y320_x0.png,C:\Users\zhang\Desktop\vessel\images\31_training.tif,C:\Users\zhang\Desktop\vessel\1st_manual\31_manual1.gif,C:\Users\zhang\Desktop\vessel\mask\31_training_mask.gif,320,0,128,64,0.810913,528,245,1,7,3,1,0.46401514272698596,0.38118275887837727,0.38118275887837727,0.017755101316118314,0.3947186358860635,0.47356706857681274,0.5232330560684204,0.5232330560684204,0.1681973785161972,0.5016586780548096,0.5042991042137146,-0.10958045721054077,0.21231676638126373,-0.04586176946759224,-0.06371869146823883,0.30883315205574036
31,31_y320_x64.png,C:\Users\zhang\Desktop\vessel\images\31_training.tif,C:\Users\zhang\Desktop\vessel\1st_manual\31_manual1.gif,C:\Users\zhang\Desktop\vessel\mask\31_training_mask.gif,320,64,128,64,1.0,1083,441,4,10,2,6,0.40720221230653547,0.34160348657367046,0.34160348657367046,0.01723355969991928,0.3533775747328063,0.37586891651153564,0.4238523840904236,0.4238523840904236,0.15400366485118866,0.40395787358283997,0.39497578144073486,-0.04159820079803467,0.4025796949863434,0.017021436244249344,-0.05861963704228401,0.3240438997745514
31,31_y320_x128.png,C:\Users\zhang\Desktop\vessel\images\31_training.tif,C:\Users\zhang\Desktop\vessel\1st_manual\31_manual1.gif,C:\Users\zhang\Desktop\vessel\mask\31_training_mask.gif,320,128,128,64,1.0,1476,506,4,12,3,6,0.3428184258616638,0.29477070799985644,0.29477070799985644,0.017984189367901398,0.305373132465416,0.2651515603065491,0.3062587380409241,0.3062587380409241,0.17443200945854187,0.2905096113681793,0.34783533215522766,-0.04246219992637634,0.40016159415245056,0.017021436244249344,-0.05948363617062569,0.3214665353298187
31,31_y320_x192.png,C:\Users\zhang\Desktop\vessel\images\31_training.tif,C:\Users\zhang\Desktop\vessel\1st_manual\31_manual1.gif,C:\Users\zhang\Desktop\vessel\mask\31_training_mask.gif,320,192,128,64,1.0,1513,521,5,11,3,5,0.3443489732693392,0.29590986112718487,0.29590986112718487,0.018714011157120708,0.3069851820124572,0.2677835524082184,0.30911901593208313,0.30911901593208313,0.1942940652370453,0.2943193316459656,0.3440650403499603,-0.03707987070083618,0.41522520780563354,0.017021436244249344,-0.054101306945085526,0.33752232789993286
31,31_y320_x256.png,C:\Users\zhang\Desktop\vessel\images\31_training.tif,C:\Users\zhang\Desktop\vessel\1st_manual\31_manual1.gif,C:\Users\zhang\Desktop\vessel\mask\31_training_mask.gif,320,256,128,64,1.0,1411,468,8,10,2,6,0.33167965746506267,0.28644104579545887,0.28644104579545887,0.02478632425670247,0.3006406870784893,0.24599683284759521,0.28534355759620667,0.28534355759620667,0.3595518171787262,0.2793254554271698,0.3546934425830841,-0.054052770137786865,0.36772289872169495,0.017021436244249344,-0.07107420265674591,0.28689125180244446
31,31_y320_x320.png,C:\Users\zhang\Desktop\vessel\images\31_training.tif,C:\Users\zhang\Desktop\vessel\1st_manual\31_manual1.gif,C:\Users\zhang\Desktop\vessel\mask\31_training_mask.gif,320,320,128,64,1.0,1587,398,4,8,3,2,0.2507876480731717,0.22377347133146788,0.22377347133146788,0.019346733182242885,0.23243204261769626,0.10689113289117813,0.12798982858657837,0.12798982858657837,0.21151356399059296,0.11812891811132431,0.33679330348968506,-0.10436126589775085,0.22692379355430603,0.017021436244249344,-0.1213826984167099,0.13681837916374207
31,31_y320_x384.png,C:\Users\zhang\Desktop\vessel\images\31_training.tif,C:\Users\zhang\Desktop\vessel\1st_manual\31_manual1.gif,C:\Users\zhang\Desktop\vessel\mask\31_training_mask.gif,320,384,128,64,0.995728,1827,399,3,8,4,0,0.2183908034023492,0.19753097447639267,0.19753097447639267,0.018796992010100454,0.2049569507743529,0.05118001997470856,0.06209685653448105,0.06209685653448105,0.19655239582061768,0.05319741740822792,0.315345823764801,-0.1103888750076294,0.21005423367023468,0.013608795590698719,-0.12399767339229584,0.12901777029037476
31,31_y384_x64.png,C:\Users\zhang\Desktop\vessel\images\31_training.tif,C:\Users\zhang\Desktop\vessel\1st_manual\31_manual1.gif,C:\Users\zhang\Desktop\vessel\mask\31_training_mask.gif,384,64,128,64,0.934814,609,212,1,5,2,1,0.348111652740367,0.29870483750243804,0.29870483750243804,0.01344339559229266,0.3067360520941916,0.2742540240287781,0.31613701581954956,0.31613701581954956,0.05085452273488045,0.29373058676719666,0.4825890362262726,-0.17585298418998718,0.02683888003230095,-0.025033900514245033,-0.1508190780878067,0.04900810495018959
31,31_y384_x128.png,C:\Users\zhang\Desktop\vessel\images\31_training.tif,C:\Users\zhang\Desktop\vessel\1st_manual\31_manual1.gif,C:\Users\zhang\Desktop\vessel\mask\31_training_mask.gif,384,128,128,64,1.0,973,300,1,9,4,1,0.30832476558761807,0.2687475139493688,0.2687475139493688,0.019499999350000026,0.2792286666440224,0.20583462715148926,0.24091635644435883,0.24091635644435883,0.2156846970319748,0.2287227362394333,0.4112810492515564,-0.13205239176750183,0.1494242399930954,0.017021436244249344,-0.14907382428646088,0.05421428754925728
31,31_y384_x192.png,C:\Users\zhang\Desktop\vessel\images\31_training.tif,C:\Users\zhang\Desktop\vessel\1st_manual\31_manual1.gif,C:\Users\zhang\Desktop\vessel\mask\31_training_mask.gif,384,192,128,64,1.0,1101,416,5,7,2,3,0.3778383253602332,0.320515840135158,0.320515840135158,0.01814903802526351,0.3321499484757825,0.3253733813762665,0.3709028363227844,0.3709028363227844,0.17891839146614075,0.35379090905189514,0.3924662172794342,-0.060316264629364014,0.35019317269325256,0.017021436244249344,-0.07733769714832306,0.268206924200058
31,31_y384_x256.png,C:\Users\zhang\Desktop\vessel\images\31_training.tif,C:\Users\zhang\Desktop\vessel\1st_manual\31_manual1.gif,C:\Users\zhang\Desktop\vessel\mask\31_training_mask.gif,384,256,128,64,1.0,1100,433,9,11,2,7,0.3936363600578513,0.33191641751760037,0.33191641751760037,0.029907620556405994,0.35177007806071636,0.35254040360450745,0.3995288610458374,0.3995288610458374,0.49892765283584595,0.4001588821411133,0.3926045596599579,-0.04083448648452759,0.4047171175479889,0.017021436244249344,-0.05785592272877693,0.32632210850715637
31,31_y384_x320.png,C:\Users\zhang\Desktop\vessel\images\31_training.tif,C:\Users\zhang\Desktop\vessel\1st_manual\31_manual1.gif,C:\Users\zhang\Desktop\vessel\mask\31_training_mask.gif,384,320,128,64,0.999268,1497,436,7,7,1,5,0.2912491630511078,0.2556100932819816,0.2556100932819816,0.02006880687915581,0.2658696724788598,0.17647062242031097,0.20792923867702484,0.20792923867702484,0.23116479814052582,0.19715164601802826,0.3456839919090271,-0.07981431484222412,0.29562368988990784,0.016430143266916275,-0.0962444543838501,0.21180707216262817
31,31_y384_x384.png,C:\Users\zhang\Desktop\vessel\images\31_training.tif,C:\Users\zhang\Desktop\vessel\1st_manual\31_manual1.gif,C:\Users\zhang\Desktop\vessel\mask\31_training_mask.gif,384,384,128,64,0.854187,1227,311,4,9,3,3,0.2534637306156175,0.22591070370666916,0.22591070370666916,0.025884243540699566,0.2376057590530576,0.1114930734038353,0.13335630297660828,0.13335630297660828,0.38943159580230713,0.13035592436790466,0.37596920132637024,-0.13836343586444855,0.13176141679286957,-0.047390084713697433,-0.09097334742546082,0.2275310754776001
31,31_y448_x128.png,C:\Users\zhang\Desktop\vessel\images\31_training.tif,C:\Users\zhang\Desktop\vessel\1st_manual\31_manual1.gif,C:\Users\zhang\Desktop\vessel\mask\31_training_mask.gif,448,128,128,64,0.803833,498,162,1,7,3,1,0.32530119828712456,0.2816397530670123,0.2816397530670123,0.026851850194330232,0.2967648499832594,0.23502810299396515,0.273287832736969,0.273287832736969,0.4157649874687195,0.2701657712459564,0.5131955742835999,-0.21643072366714478,0.0,-0.04471227154135704,-0.17171844840049744,0.0
31,31_y448_x192.png,C:\Users\zhang\Desktop\vessel\images\31_training.tif,C:\Users\zhang\Desktop\vessel\1st_manual\31_manual1.gif,C:\Users\zhang\Desktop\vessel\mask\31_training_mask.gif,448,192,128,64,0.906616,584,279,3,9,3,3,0.47773971784692265,0.3905137027193988,0.3905137027193988,0.025268816298608734,0.4102493407516108,0.49716848134994507,0.5466623306274414,0.5466623306274414,0.3726827800273895,0.5383621454238892,0.48896580934524536,-0.0787164568901062,0.29869627952575684,-0.03658253699541092,-0.04213391989469528,0.37322163581848145
31,31_y448_x256.png,C:\Users\zhang\Desktop\vessel\images\31_training.tif,C:\Users\zhang\Desktop\vessel\1st_manual\31_manual1.gif,C:\Users\zhang\Desktop\vessel\mask\31_training_mask.gif,448,256,128,64,0.887207,725,331,5,9,2,5,0.45655171784066595,0.37607180508812554,0.37607180508812554,0.024924470546088505,0.39481858634639216,0.46073266863822937,0.5103998184204102,0.5103998184204102,0.36331143975257874,0.5018948316574097,0.456060528755188,-0.06124195456504822,0.3476024270057678,-0.042200371623039246,-0.019041582942008972,0.44210731983184814
31,31_y456_x192.png,C:\Users\zhang\Desktop\vessel\images\31_training.tif,C:\Users\zhang\Desktop\vessel\1st_manual\31_manual1.gif,C:\Users\zhang\Desktop\vessel\mask\31_training_mask.gif,456,192,128,64,0.844116,521,252,3,7,3,1,0.48368521144558135,0.3945290005768078,0.3945290005768078,0.025198411698475726,0.4144120089438529,0.5073926448822021,0.5567445158958435,0.5567445158958435,0.3707667291164398,0.5481997728347778,0.5063289999961853,-0.09191697835922241,0.26175180077552795,-0.047878049314022064,-0.04403892904520035,0.3675388991832733
31,31_y456_x256.png,C:\Users\zhang\Desktop\vessel\images\31_training.tif,C:\Users\zhang\Desktop\vessel\1st_manual\31_manual1.gif,C:\Users\zhang\Desktop\vessel\mask\31_training_mask.gif,456,256,128,64,0.824707,629,286,4,6,2,2,0.45468997687297336,0.3747928036057914,0.3747928036057914,0.02167832092033843,0.39104256095619083,0.4575310945510864,0.5071883201599121,0.5071883201599121,0.27496764063835144,0.4929710030555725,0.4776730239391327,-0.08663046360015869,0.27654725313186646,-0.04737488180398941,-0.03925558179616928,0.3818078637123108
32,32_y64_x64.png,C:\Users\zhang\Desktop\vessel\images\32_training.tif,C:\Users\zhang\Desktop\vessel\1st_manual\32_manual1.gif,C:\Users\zhang\Desktop\vessel\mask\32_training_mask.gif,64,64,128,64,0.849487,1260,380,4,12,4,4,0.3015872991937516,0.2635845190337735,0.2635845190337735,0.026052630893351823,0.2773186594009507,0.19424860179424286,0.2279524803161621,0.2279524803161621,0.39401429891586304,0.22420886158943176,0.37192827463150024,-0.09460961818695068,0.25421586632728577,-0.047681499272584915,-0.04692811891436577,0.35892030596733093
32,32_y64_x128.png,C:\Users\zhang\Desktop\vessel\images\32_training.tif,C:\Users\zhang\Desktop\vessel\1st_manual\32_manual1.gif,C:\Users\zhang\Desktop\vessel\mask\32_training_mask.gif,64,128,128,64,0.994568,1618,504,4,16,6,4,0.31149567174600945,0.2711682200875571,0.2711682200875571,0.025595237587396083,0.2850494501261418,0.2112874686717987,0.24699461460113525,0.24699461460113525,0.3815663754940033,0.24247890710830688,0.3338472247123718,-0.048797786235809326,0.3824301064014435,0.012698016129434109,-0.06149580329656601,0.3154641389846802
32,32_y64_x192.png,C:\Users\zhang\Desktop\vessel\images\32_training.tif,C:\Users\zhang\Desktop\vessel\1st_manual\32_manual1.gif,C:\Users\zhang\Desktop\vessel\mask\32_training_mask.gif,64,192,128,64,1.0,2005,581,9,16,5,6,0.2897755596519922,0.25446821847057804,0.25446821847057804,0.02943201326278807,0.26944724243254625,0.17393654584884644,0.2050621509552002,0.2050621509552002,0.48598402738571167,0.20560644567012787,0.30118635296821594,-0.031739115715026855,0.4301724433898926,0.017021436244249344,-0.0487605519592762,0.3534540832042694
32,32_y64_x256.png,C:\Users\zhang\Desktop\vessel\images\32_training.tif,C:\Users\zhang\Desktop\vessel\1st_manual\32_manual1.gif,C:\Users\zhang\Desktop\vessel\mask\32_training_mask.gif,64,256,128,64,1.0,2497,678,13,23,5,13,0.2715258299097884,0.2402176201918193,0.2402176201918193,0.03473451276202784,0.25690530418025276,0.14255347847938538,0.16927991807460785,0.16927991807460785,0.6302912831306458,0.1759662926197052,0.2677614986896515,-0.010856181383132935,0.48861783742904663,0.017021436244249344,-0.02787761762738228,0.4157489538192749
32,32_y64_x320.png,C:\Users\zhang\Desktop\vessel\images\32_training.tif,C:\Users\zhang\Desktop\vessel\1st_manual\32_manual1.gif,C:\Users\zhang\Desktop\vessel\mask\32_training_mask.gif,64,320,128,64,0.966003,2692,717,14,20,4,12,0.2663447241220478,0.23613458059198594,0.23613458059198594,0.03165969272441154,0.2510864771182861,0.13364380598068237,0.15902766585350037,0.15902766585350037,0.5466101765632629,0.16221469640731812,0.25630757212638855,-0.0052210986614227295,0.5043888092041016,-0.0075871990993618965,0.002366100437939167,0.5059675574302673
32,32_y128_x64.png,C:\Users\zhang\Desktop\vessel\images\32_training.tif,C:\Users\zhang\Desktop\vessel\1st_manual\32_manual1.gif,C:\Users\zhang\Desktop\vessel\mask\32_training_mask.gif,128,64,128,64,0.999146,1655,660,10,17,3,11,0.39879153837588194,0.3356086769865295,0.3356086769865295,0.025530302643480263,0.3527450591730177,0.36140555143356323,0.4087998867034912,0.4087998867034912,0.37979915738105774,0.40246304869651794,0.3304039239883423,0.022341132164001465,0.5815276503562927,0.016331849619746208,0.006009282544255257,0.5168353319168091
32,32_y128_x128.png,C:\Users\zhang\Desktop\vessel\images\32_training.tif,C:\Users\zhang\Desktop\vessel\1st_manual\32_manual1.gif,C:\Users\zhang\Desktop\vessel\mask\32_training_mask.gif,128,128,128,64,1.0,1524,694,10,21,7,7,0.45538057443976004,0.3752674296106073,0.3752674296106073,0.03090778053447002,0.3984647963228859,0.4587186574935913,0.5083800554275513,0.5083800554275513,0.5261469483375549,0.5105118751525879,0.3429619073867798,0.055502891540527344,0.6743379235267639,0.017021436244249344,0.038481455296278,0.613701581954956
32,32_y128_x192.png,C:\Users\zhang\Desktop\vessel\images\32_training.tif,C:\Users\zhang\Desktop\vessel\1st_manual\32_manual1.gif,C:\Users\zhang\Desktop\vessel\mask\32_training_mask.gif,128,192,128,64,1.0,1579,754,12,17,4,9,0.47751741306195433,0.3903632557189923,0.3903632557189923,0.026061007611922975,0.4107097752764077,0.4967862367630005,0.546284556388855,0.546284556388855,0.3942422568798065,0.5394502878189087,0.3375629186630249,0.07314684987068176,0.7237183451652527,0.017021436244249344,0.05612541362643242,0.6663344502449036
32,32_y128_x256.png,C:\Users\zhang\Desktop\vessel\images\32_training.tif,C:\Users\zhang\Desktop\vessel\1st_manual\32_manual1.gif,C:\Users\zhang\Desktop\vessel\mask\32_training_mask.gif,128,256,128,64,1.0,1697,737,15,16,2,12,0.43429581358694275,0.36067400652895765,0.36067400652895765,0.028086838153502873,0.3809343914240662,0.42246031761169434,0.4717370271682739,0.4717370271682739,0.44937512278556824,0.4690825045108795,0.3265873193740845,0.054347068071365356,0.6711031198501587,0.017021436244249344,0.03732563182711601,0.6102536916732788
32,32_y128_x320.png,C:\Users\zhang\Desktop\vessel\images\32_training.tif,C:\Users\zhang\Desktop\vessel\1st_manual\32_manual1.gif,C:\Users\zhang\Desktop\vessel\mask\32_training_mask.gif,128,320,128,64,1.0,2394,733,11,17,4,9,0.3061821206926394,0.2671084703607667,0.2671084703607667,0.025443383008957942,0.2807007565934185,0.20215004682540894,0.23680084943771362,0.23680084943771362,0.3774335980415344,0.2322016954421997,0.2741779088973999,0.006522834300994873,0.5372567176818848,0.017021436244249344,-0.01049860194325447,0.4675914943218231
32,32_y128_x384.png,C:\Users\zhang\Desktop\vessel\images\32_training.tif,C:\Users\zhang\Desktop\vessel\1st_manual\32_manual1.gif,C:\Users\zhang\Desktop\vessel\mask\32_training_mask.gif,128,384,128,64,0.964233,3351,721,5,13,4,5,0.21515965319260025,0.19487546996466013,0.19487546996466013,0.015603328493712505,0.20095688191111052,0.04562357813119888,0.05542907491326332,0.05542907491326332,0.10963698476552963,0.04374411329627037,0.22295072674751282,-0.02199384570121765,0.4574466943740845,-0.00870869867503643,-0.013285147026181221,0.45927906036376953
32,32_y192_x0.png,C:\Users\zhang\Desktop\vessel\images\32_training.tif,C:\Users\zhang\Desktop\vessel\1st_manual\32_manual1.gif,C:\Users\zhang\Desktop\vessel\mask\32_training_mask.gif,192,0,128,64,0.888611,698,413,6,17,5,7,0.5916905359356657,0.4647966815515101,0.4647966815515101,0.034987892615305265,0.497321194315659,0.6931236386299133,0.7331814169883728,0.7331814169883728,0.6371870040893555,0.7441378235816956,0.46183571219444275,0.03548547625541687,0.6183149218559265,-0.04185776039958,0.07734324038028717,0.729628324508667
32,32_y192_x64.png,C:\Users\zhang\Desktop\vessel\images\32_training.tif,C:\Users\zhang\Desktop\vessel\1st_manual\32_manual1.gif,C:\Users\zhang\Desktop\vessel\mask\32_training_mask.gif,192,64,128,64,1.0,1102,629,8,19,6,7,0.5707803940945518,0.4515725621659468,0.4515725621659468,0.028537360436607945,0.47734594010557113,0.6571655869483948,0.6999766230583191,0.6999766230583191,0.46163609623908997,0.6969306468963623,0.3923279941082001,0.08501794934272766,0.7569422125816345,0.017021436244249344,0.06799651682376862,0.7017465233802795
32,32_y192_x128.png,C:\Users\zhang\Desktop\vessel\images\32_training.tif,C:\Users\zhang\Desktop\vessel\1st_manual\32_manual1.gif,C:\Users\zhang\Desktop\vessel\mask\32_training_mask.gif,192,128,128,64,1.0,1205,706,11,27,10,7,0.5858921113203974,0.4611470952496249,0.4611470952496249,0.038172803991886634,0.49635365060640846,0.683152437210083,0.7240175604820251,0.7240175604820251,0.7238641977310181,0.741851270198822,0.37872394919395447,0.11762970685958862,0.8482130765914917,0.017021436244249344,0.10060827434062958,0.7990291118621826
32,32_y192_x192.png,C:\Users\zhang\Desktop\vessel\images\32_training.tif,C:\Users\zhang\Desktop\vessel\1st_manual\32_manual1.gif,C:\Users\zhang\Desktop\vessel\mask\32_training_mask.gif,192,192,128,64,1.0,1245,692,11,24,5,14,0.5558232887082467,0.44200485163868203,0.44200485163868203,0.03164739838659829,0.4699814588959193,0.6314446330070496,0.6759529113769531,0.6759529113769531,0.5462756156921387,0.6795262694358826,0.37375178933143616,0.0962296724319458,0.7883205413818359,0.017021436244249344,0.07920823991298676,0.7351917028427124
32,32_y192_x256.png,C:\Users\zhang\Desktop\vessel\images\32_training.tif,C:\Users\zhang\Desktop\vessel\1st_manual\32_manual1.gif,C:\Users\zhang\Desktop\vessel\mask\32_training_mask.gif,192,256,128,64,1.0,1168,572,12,23,6,11,0.4897260232044005,0.39859222600588495,0.39859222600588495,0.040821677608012634,0.4311346327000296,0.5177807211875916,0.5669469237327576,0.5669469237327576,0.7959532141685486,0.5877200961112976,0.3834722638130188,0.04766237735748291,0.6523945927619934,0.017021436244249344,0.030640941113233566,0.5903128981590271
32,32_y192_x320.png,C:\Users\zhang\Desktop\vessel\images\32_training.tif,C:\Users\zhang\Desktop\vessel\1st_manual\32_manual1.gif,C:\Users\zhang\Desktop\vessel\mask\32_training_mask.gif,192,320,128,64,1.0,1422,619,9,19,6,7,0.4353023879373953,0.3613755503138688,0.3613755503138688,0.030613892881843414,0.38350177508872085,0.42419126629829407,0.47349855303764343,0.47349855303764343,0.5181488394737244,0.4751499593257904,0.35351094603538513,0.029990822076797485,0.6029369235038757,0.017021436244249344,0.012969385832548141,0.5375977158546448
32,32_y192_x384.png,C:\Users\zhang\Desktop\vessel\images\32_training.tif,C:\Users\zhang\Desktop\vessel\1st_manual\32_manual1.gif,C:\Users\zhang\Desktop\vessel\mask\32_training_mask.gif,192,384,128,64,1.0,3558,952,21,17,1,15,0.2675660475897525,0.2370985636776707,0.2370985636776707,0.027573529122126798,0.2501738519784321,0.13574406504631042,0.1614481657743454,0.1614481657743454,0.4354054629802704,0.1600579470396042,0.21381956338882446,0.03635430335998535,0.6207464933395386,0.017021436244249344,0.019332867115736008,0.5565803050994873
32,32_y256_x0.png,C:\Users\zhang\Desktop\vessel\images\32_training.tif,C:\Users\zhang\Desktop\vessel\1st_manual\32_manual1.gif,C:\Users\zhang\Desktop\vessel\mask\32_training_mask.gif,256,0,128,64,0.907104,576,387,5,15,5,5,0.6718749883355037,0.5139457441253393,0.5139457441253393,0.032945735582797536,0.5478103853050544,0.8310126066207886,0.8565912246704102,0.8565912246704102,0.581609845161438,0.8634582757949829,0.49106407165527344,0.05674630403518677,0.6778178811073303,-0.03641677647829056,0.09316308051347733,0.7768197059631348
32,32_y256_x64.png,C:\Users\zhang\Desktop\vessel\images\32_training.tif,C:\Users\zhang\Desktop\vessel\1st_manual\32_manual1.gif,C:\Users\zhang\Desktop\vessel\mask\32_training_mask.gif,256,64,128,64,1.0,997,551,6,16,5,6,0.552657968378556,0.43996828061769216,0.43996828061769216,0.02558983619619172,0.4624857130827459,0.6260014176368713,0.6708391904830933,0.6708391904830933,0.3814193606376648,0.6618115901947021,0.4075717628002167,0.05491393804550171,0.6726896166801453,0.017021436244249344,0.037892501801252365,0.6119446754455566
32,32_y256_x128.png,C:\Users\zhang\Desktop\vessel\images\32_training.tif,C:\Users\zhang\Desktop\vessel\1st_manual\32_manual1.gif,C:\Users\zhang\Desktop\vessel\mask\32_training_mask.gif,256,128,128,64,1.0,1403,786,11,27,7,13,0.560228078686899,0.4448320148611143,0.4448320148611143,0.0312340962947316,0.47261986683541735,0.6390193104743958,0.6830517053604126,0.6830517053604126,0.5350276231765747,0.685761570930481,0.35555925965309143,0.1170606017112732,0.8466203212738037,0.017021436244249344,0.10003916919231415,0.7973313927650452
32,32_y256_x192.png,C:\Users\zhang\Desktop\vessel\images\32_training.tif,C:\Users\zhang\Desktop\vessel\1st_manual\32_manual1.gif,C:\Users\zhang\Desktop\vessel\mask\32_training_mask.gif,256,192,128,64,1.0,1096,675,9,25,7,11,0.6158759067894534,0.47987716679731246,0.47987716679731246,0.03237036989080934,0.5109447695800777,0.7347139120101929,0.7710475325584412,0.7710475325584412,0.5659512281417847,0.776334285736084,0.3931591808795929,0.11778560280799866,0.8486495018005371,0.017021436244249344,0.10076417028903961,0.799494206905365
32,32_y256_x256.png,C:\Users\zhang\Desktop\vessel\images\32_training.tif,C:\Users\zhang\Desktop\vessel\1st_manual\32_manual1.gif,C:\Users\zhang\Desktop\vessel\mask\32_training_mask.gif,256,256,128,64,1.0,716,507,5,18,6,6,0.7081005487695454,0.5353819629366613,0.5353819629366613,0.02879684361347449,0.5662165842569853,0.8933077454566956,0.9104160070419312,0.9104160070419312,0.4686979055404663,0.9069573879241943,0.45796138048171997,0.10825520753860474,0.8219765424728394,0.017021436244249344,0.09123377501964569,0.7710644602775574
32,32_y256_x320.png,C:\Users\zhang\Desktop\vessel\images\32_training.tif,C:\Users\zhang\Desktop\vessel\1st_manual\32_manual1.gif,C:\Users\zhang\Desktop\vessel\mask\32_training_mask.gif,256,320,128,64,1.0,1083,583,5,20,7,6,0.5383194779471886,0.43069057249458803,0.43069057249458803,0.02761577997228508,0.45447828466688406,0.6013442873954773,0.6475436091423035,0.6475436091423035,0.43655529618263245,0.6428878307342529,0.39497578144073486,0.05950251221656799,0.685531735420227,0.017021436244249344,0.04248107597231865,0.625632643699646
32,32_y256_x384.png,C:\Users\zhang\Desktop\vessel\images\32_training.tif,C:\Users\zhang\Desktop\vessel\1st_manual\32_manual1.gif,C:\Users\zhang\Desktop\vessel\mask\32_training_mask.gif,256,384,128,64,1.0,3351,893,18,19,2,15,0.2664876148418752,0.23624741136864721,0.23624741136864721,0.027715565199153806,0.24934287243448533,0.1338895559310913,0.159310981631279,0.159310981631279,0.4392709732055664,0.15809406340122223,0.22295072674751282,0.026392146944999695,0.5928652882575989,0.017021436244249344,0.009370710700750351,0.5268626809120178
32,32_y256_x437.png,C:\Users\zhang\Desktop\vessel\images\32_training.tif,C:\Users\zhang\Desktop\vessel\1st_manual\32_manual1.gif,C:\Users\zhang\Desktop\vessel\mask\32_training_mask.gif,256,437,128,64,0.806824,3868,868,25,17,1,15,0.22440537687589096,0.20245531951682777,0.20245531951682777,0.0348502300132462,0.21656654842196116,0.0615229532122612,0.07446155697107315,0.07446155697107315,0.6334404945373535,0.0806342214345932,0.20109307765960693,0.015473470091819763,0.5623070001602173,-0.0452287420630455,0.060702212154865265,0.6799872517585754
32,32_y320_x64.png,C:\Users\zhang\Desktop\vessel\images\32_training.tif,C:\Users\zhang\Desktop\vessel\1st_manual\32_manual1.gif,C:\Users\zhang\Desktop\vessel\mask\32_training_mask.gif,320,64,128,64,1.0,1108,537,6,14,3,8,0.48465703533703036,0.39518379294599976,0.39518379294599976,0.02197392882730114,0.41255127402579633,0.5090638995170593,0.5583885908126831,0.5583885908126831,0.2830125689506531,0.5438022613525391,0.3915013372898102,0.021049946546554565,0.5779139399528503,0.017021436244249344,0.0040285103023052216,0.5109266042709351
32,32_y320_x128.png,C:\Users\zhang\Desktop\vessel\images\32_training.tif,C:\Users\zhang\Desktop\vessel\1st_manual\32_manual1.gif,C:\Users\zhang\Desktop\vessel\mask\32_training_mask.gif,320,128,128,64,1.0,1598,722,10,17,4,9,0.4518147656331992,0.37281433638665823,0.37281433638665823,0.02444598304091436,0.3910419622760942,0.4525867700576782,0.5022205114364624,0.5022205114364624,0.3502894341945648,0.4929696023464203,0.3357413709163666,0.05530059337615967,0.6737717390060425,0.017021436244249344,0.038279157131910324,0.6130980849266052
32,32_y320_x192.png,C:\Users\zhang\Desktop\vessel\images\32_training.tif,C:\Users\zhang\Desktop\vessel\1st_manual\32_manual1.gif,C:\Users\zhang\Desktop\vessel\mask\32_training_mask.gif,320,192,128,64,1.0,1749,688,9,13,2,9,0.39336763640155725,0.3317235769924571,0.3317235769924571,0.01984011599069599,0.34488644548121494,0.3520783483982086,0.39904463291168213,0.39904463291168213,0.2249409705400467,0.38389089703559875,0.3219907283782959,0.022895723581314087,0.5830797553062439,0.017021436244249344,0.005874287337064743,0.5164326429367065
32,32_y320_x256.png,C:\Users\zhang\Desktop\vessel\images\32_training.tif,C:\Users\zhang\Desktop\vessel\1st_manual\32_manual1.gif,C:\Users\zhang\Desktop\vessel\mask\32_training_mask.gif,320,256,128,64,1.0,1450,627,7,12,3,6,0.4324137901212842,0.35936098637957703,0.35936098637957703,0.01929824530624808,0.3732310593168738,0.4192239046096802,0.4684401750564575,0.4684401750564575,0.21019400656223297,0.45087730884552,0.3505416512489319,0.022689402103424072,0.5825023651123047,0.017021436244249344,0.005667965859174728,0.5158172249794006
32,32_y320_x320.png,C:\Users\zhang\Desktop\vessel\images\32_training.tif,C:\Users\zhang\Desktop\vessel\1st_manual\32_manual1.gif,C:\Users\zhang\Desktop\vessel\mask\32_training_mask.gif,320,320,128,64,1.0,2209,661,9,13,1,11,0.2992304196503829,0.2617721042909349,0.2617721042909349,0.019440241763385147,0.2719499302795866,0.19019559025764465,0.22340160608291626,0.22340160608291626,0.21405839920043945,0.2115209847688675,0.2864280939102173,-0.014478176832199097,0.47848090529441833,0.017021436244249344,-0.03149961307644844,0.40494436025619507
32,32_y320_x384.png,C:\Users\zhang\Desktop\vessel\images\32_training.tif,C:\Users\zhang\Desktop\vessel\1st_manual\32_manual1.gif,C:\Users\zhang\Desktop\vessel\mask\32_training_mask.gif,320,384,128,64,0.989319,3214,597,6,12,3,6,0.18574984385267626,0.17037535408899782,0.17037535408899782,0.018592964512680662,0.1767109199138221,0.0,0.0,0.0,0.1909998059272766,0.0,0.22930963337421417,-0.05259871482849121,0.37179240584373474,0.008661732077598572,-0.06126044690608978,0.3161662220954895
32,32_y384_x64.png,C:\Users\zhang\Desktop\vessel\images\32_training.tif,C:\Users\zhang\Desktop\vessel\1st_manual\32_manual1.gif,C:\Users\zhang\Desktop\vessel\mask\32_training_mask.gif,384,64,128,64,0.925598,1224,537,8,11,4,3,0.4387254866117199,0.3637576429325919,0.3637576429325919,0.025232774204231395,0.38211487187095494,0.43007779121398926,0.4794798195362091,0.4794798195362091,0.3717018961906433,0.4718722999095917,0.37634193897247314,0.005772918462753296,0.5351579189300537,-0.029249699786305428,0.035022616386413574,0.6033836603164673
32,32_y384_x128.png,C:\Users\zhang\Desktop\vessel\images\32_training.tif,C:\Users\zhang\Desktop\vessel\1st_manual\32_manual1.gif,C:\Users\zhang\Desktop\vessel\mask\32_training_mask.gif,384,128,128,64,1.0,1899,591,10,11,2,7,0.31121642806099825,0.27095527739660225,0.27095527739660225,0.023604060514313695,0.2837465669252864,0.21080724895000458,0.24645987153053284,0.24645987153053284,0.32737651467323303,0.23939986526966095,0.30945906043052673,-0.02571249008178711,0.44703924655914307,0.017021436244249344,-0.04273392632603645,0.37143179774284363
32,32_y384_x192.png,C:\Users\zhang\Desktop\vessel\images\32_training.tif,C:\Users\zhang\Desktop\vessel\1st_manual\32_manual1.gif,C:\Users\zhang\Desktop\vessel\mask\32_training_mask.gif,384,192,128,64,1.0,2411,553,6,11,3,5,0.22936540759284357,0.20649810746096903,0.20649810746096903,0.019439420986628916,0.21452651474872084,0.07005245238542557,0.08461266756057739,0.08461266756057739,0.21403609216213226,0.07581305503845215,0.2731001079082489,-0.058573588728904724,0.35507041215896606,0.017021436244249344,-0.07559502124786377,0.27340543270111084
32,32_y384_x256.png,C:\Users\zhang\Desktop\vessel\images\32_training.tif,C:\Users\zhang\Desktop\vessel\1st_manual\32_manual1.gif,C:\Users\zhang\Desktop\vessel\mask\32_training_mask.gif,384,256,128,64,1.0,3003,631,9,11,2,7,0.21012320942349913,0.19072218039457153,0.19072218039457153,0.020522979072535988,0.19855055502838398,0.03696267679333687,0.04500048980116844,0.04500048980116844,0.24352502822875977,0.03805726766586304,0.2396537959575653,-0.041103243827819824,0.40396493673324585,0.017021436244249344,-0.05812468007206917,0.325520396232605
32,32_y384_x320.png,C:\Users\zhang\Desktop\vessel\images\32_training.tif,C:\Users\zhang\Desktop\vessel\1st_manual\32_manual1.gif,C:\Users\zhang\Desktop\vessel\mask\32_training_mask.gif,384,320,128,64,0.995972,3057,641,10,10,1,8,0.20968269476714851,0.19035808948921917,0.19035808948921917,0.019968798440424363,0.1979605341302481,0.03620513156056404,0.0440862737596035,0.0440862737596035,0.22844305634498596,0.03666290268301964,0.23693887889385223,-0.03897833824157715,0.4099119305610657,0.013801204040646553,-0.05277954041957855,0.34146520495414734
32,32_y384_x384.png,C:\Users\zhang\Desktop\vessel\images\32_training.tif,C:\Users\zhang\Desktop\vessel\1st_manual\32_manual1.gif,C:\Users\zhang\Desktop\vessel\mask\32_training_mask.gif,384,384,128,64,0.823547,1802,377,4,11,4,3,0.20921198552046624,0.1899688958162082,0.1899688958162082,0.02533156431481262,0.19959331442057265,0.03539569675922394,0.043109048157930374,0.043109048157930374,0.37439048290252686,0.04052162915468216,0.31744420528411865,-0.1178508847951889,0.18917019665241241,-0.04728461429476738,-0.07056626677513123,0.28840646147727966
32,32_y448_x192.png,C:\Users\zhang\Desktop\vessel\images\32_training.tif,C:\Users\zhang\Desktop\vessel\1st_manual\32_manual1.gif,C:\Users\zhang\Desktop\vessel\mask\32_training_mask.gif,448,192,128,64,0.881958,2125,471,4,9,3,3,0.2216470577804844,0.20019999561166116,0.20019999561166116,0.017091294753900324,0.20704334988111808,0.056779611855745316,0.06879857182502747,0.06879857182502747,0.1501319259405136,0.05812818184494972,0.2923329770565033,-0.08528962731361389,0.2802998721599579,-0.04339311644434929,-0.0418965108692646,0.37392985820770264
32,32_y448_x256.png,C:\Users\zhang\Desktop\vessel\images\32_training.tif,C:\Users\zhang\Desktop\vessel\1st_manual\32_manual1.gif,C:\Users\zhang\Desktop\vessel\mask\32_training_mask.gif,448,256,128,64,0.858521,2677,550,9,9,1,7,0.20545386550073266,0.1868561478949379,0.1868561478949379,0.020818181439669427,0.19463615827492695,0.02893306314945221,0.03529316559433937,0.03529316559433937,0.25155898928642273,0.02880641631782055,0.25715872645378113,-0.06252257525920868,0.3440183401107788,-0.047022584825754166,-0.015499990433454514,0.4526720643043518
32,32_y456_x192.png,C:\Users\zhang\Desktop\vessel\images\32_training.tif,C:\Users\zhang\Desktop\vessel\1st_manual\32_manual1.gif,C:\Users\zhang\Desktop\vessel\mask\32_training_mask.gif,456,192,128,64,0.819458,1987,446,3,10,3,4,0.22445898226241076,0.2024990993091452,0.2024990993091452,0.016591927879104757,0.20921880021178724,0.06161512807011604,0.07457148283720016,0.07457148283720016,0.13654166460037231,0.06326939165592194,0.30255988240242004,-0.09334108233451843,0.25776612758636475,-0.046912264078855515,-0.04642881825566292,0.36040976643562317
33,33_y64_x64.png,C:\Users\zhang\Desktop\vessel\images\33_training.tif,C:\Users\zhang\Desktop\vessel\1st_manual\33_manual1.gif,C:\Users\zhang\Desktop\vessel\mask\33_training_mask.gif,64,64,128,64,0.827332,1214,434,7,16,4,8,0.35749587843907843,0.3056417366807023,0.3056417366807023,0.03294930799655973,0.32578310411769407,0.29039156436920166,0.33355507254600525,0.33355507254600525,0.5817070603370667,0.33874422311782837,0.37759098410606384,-0.05180788040161133,0.3740057051181793,-0.04755409434437752,-0.00425378605723381,0.4862200617790222
33,33_y64_x128.png,C:\Users\zhang\Desktop\vessel\images\33_training.tif,C:\Users\zhang\Desktop\vessel\1st_manual\33_manual1.gif,C:\Users\zhang\Desktop\vessel\mask\33_training_mask.gif,64,128,128,64,0.990784,2373,732,14,25,5,15,0.30847028947125876,0.26885873693835244,0.26885873693835244,0.034494535047888866,0.2874070511868547,0.20608487725257874,0.24119563400745392,0.24119563400745392,0.6237602829933167,0.24805060029029846,0.2755199372768402,0.01188710331916809,0.5522698163986206,0.009774255566298962,0.002112847752869129,0.5052120685577393
33,33_y64_x192.png,C:\Users\zhang\Desktop\vessel\images\33_training.tif,C:\Users\zhang\Desktop\vessel\1st_manual\33_manual1.gif,C:\Users\zhang\Desktop\vessel\mask\33_training_mask.gif,64,192,128,64,1.0,2905,843,15,22,5,12,0.29018932774461503,0.25478897329805006,0.25478897329805006,0.02989323807955827,0.2700219081757397,0.17464809119701385,0.2058674842119217,0.2058674842119217,0.49853622913360596,0.20696456730365753,0.24470791220664978,0.025314003229141235,0.5898478627204895,0.017021436244249344,0.008292566984891891,0.5236465334892273
33,33_y64_x256.png,C:\Users\zhang\Desktop\vessel\images\33_training.tif,C:\Users\zhang\Desktop\vessel\1st_manual\33_manual1.gif,C:\Users\zhang\Desktop\vessel\mask\33_training_mask.gif,64,256,128,64,1.0,2764,766,11,18,4,10,0.27713458655161144,0.24461896425469806,0.24461896425469806,0.024804177221877582,0.2567541085371094,0.15219858288764954,0.18033136427402496,0.18033136427402496,0.3600376546382904,0.17560891807079315,0.25228697061538696,0.004467129707336426,0.5315033793449402,0.017021436244249344,-0.012554306536912918,0.461459219455719
33,33_y64_x320.png,C:\Users\zhang\Desktop\vessel\images\33_training.tif,C:\Users\zhang\Desktop\vessel\1st_manual\33_manual1.gif,C:\Users\zhang\Desktop\vessel\mask\33_training_mask.gif,64,320,128,64,0.978699,2941,668,11,11,1,9,0.2271336272453804,0.2046810654594402,0.2046810654594402,0.021182634413433616,0.21335243382139898,0.06621458381414413,0.08005023002624512,0.08005023002624512,0.261477530002594,0.07303833961486816,0.2428317666053772,-0.029479339718818665,0.43649691343307495,0.0009204841335304081,-0.030399823561310768,0.40822505950927734
33,33_y128_x64.png,C:\Users\zhang\Desktop\vessel\images\33_training.tif,C:\Users\zhang\Desktop\vessel\1st_manual\33_manual1.gif,C:\Users\zhang\Desktop\vessel\mask\33_training_mask.gif,128,64,128,64,0.996277,1708,681,14,22,3,16,0.398711941459532,0.3355517713083453,0.3355517713083453,0.03318648996789295,0.35782334229281154,0.36126866936683655,0.4086569547653198,0.4086569547653198,0.5881619453430176,0.41446447372436523,0.32560333609580994,0.03222000598907471,0.6091758012771606,0.014042170718312263,0.018177835270762444,0.5531347990036011
33,33_y128_x128.png,C:\Users\zhang\Desktop\vessel\images\33_training.tif,C:\Users\zhang\Desktop\vessel\1st_manual\33_manual1.gif,C:\Users\zhang\Desktop\vessel\mask\33_training_mask.gif,128,128,128,64,1.0,2329,868,18,23,3,17,0.3726921409502269,0.3167738780097446,0.3167738780097446,0.031048386739073886,0.3364445137563101,0.3165237605571747,0.3615070879459381,0.3615070879459381,0.529973566532135,0.36394020915031433,0.27837073802948,0.05807378888130188,0.68153315782547,0.017021436244249344,0.041052352637052536,0.6213706731796265
33,33_y128_x192.png,C:\Users\zhang\Desktop\vessel\images\33_training.tif,C:\Users\zhang\Desktop\vessel\1st_manual\33_manual1.gif,C:\Users\zhang\Desktop\vessel\mask\33_training_mask.gif,128,192,128,64,1.0,1910,821,13,21,5,11,0.42984292968668625,0.35756459885908976,0.35756459885908976,0.0278319119630705,0.3774680117322034,0.4148029088973999,0.46392956376075745,0.46392956376075745,0.4424373209476471,0.4608905017375946,0.30857938528060913,0.06888863444328308,0.7118008136749268,0.017021436244249344,0.05186719819903374,0.6536319255828857
33,33_y128_x256.png,C:\Users\zhang\Desktop\vessel\images\33_training.tif,C:\Users\zhang\Desktop\vessel\1st_manual\33_manual1.gif,C:\Users\zhang\Desktop\vessel\mask\33_training_mask.gif,128,256,128,64,1.0,1591,684,11,25,7,11,0.42991828768121754,0.3576173011575132,0.3576173011575132,0.03486842054285935,0.3825564020578383,0.414932519197464,0.4640618562698364,0.4640618562698364,0.6339355707168579,0.47291579842567444,0.33640992641448975,0.04614648222923279,0.6481519937515259,0.017021436244249344,0.029125045984983444,0.5857909321784973
33,33_y128_x320.png,C:\Users\zhang\Desktop\vessel\images\33_training.tif,C:\Users\zhang\Desktop\vessel\1st_manual\33_manual1.gif,C:\Users\zhang\Desktop\vessel\mask\33_training_mask.gif,128,320,128,64,1.0,2494,694,12,18,3,12,0.27826784170702545,0.24550591279726364,0.24550591279726364,0.027665705653231905,0.25909010143641786,0.15414734184741974,0.18255841732025146,0.18255841732025146,0.43791404366493225,0.1811295449733734,0.2679446041584015,-0.008854508399963379,0.49421992897987366,0.017021436244249344,-0.025875944644212723,0.42172005772590637
33,33_y128_x384.png,C:\Users\zhang\Desktop\vessel\images\33_training.tif,C:\Users\zhang\Desktop\vessel\1st_manual\33_manual1.gif,C:\Users\zhang\Desktop\vessel\mask\33_training_mask.gif,128,384,128,64,0.982483,2994,659,9,14,4,6,0.22010687969236178,0.19893846121317152,0.19893846121317152,0.023672230293289374,0.20835709534923313,0.05413106456398964,0.0656309574842453,0.0656309574842453,0.32923179864883423,0.06123293936252594,0.24011102318763733,-0.03175392746925354,0.4301309883594513,0.0036134980618953705,-0.03536742553114891,0.3934064507484436
33,33_y192_x0.png,C:\Users\zhang\Desktop\vessel\images\33_training.tif,C:\Users\zhang\Desktop\vessel\1st_manual\33_manual1.gif,C:\Users\zhang\Desktop\vessel\mask\33_training_mask.gif,192,0,128,64,0.854248,1084,511,6,14,4,6,0.47140220967341134,0.38621583026385364,0.38621583026385364,0.024657533764040437,0.4052620900137294,0.48627015948295593,0.5358707308769226,0.5358707308769226,0.35604679584503174,0.5265758037567139,0.3948352634906769,0.010426819324493408,0.5481828451156616,-0.047385573387145996,0.057812392711639404,0.6713667511940002
33,33_y192_x64.png,C:\Users\zhang\Desktop\vessel\images\33_training.tif,C:\Users\zhang\Desktop\vessel\1st_manual\33_manual1.gif,C:\Users\zhang\Desktop\vessel\mask\33_training_mask.gif,192,64,128,64,1.0,1372,759,9,25,7,11,0.5532069930524272,0.4403218212167895,0.4403218212167895,0.02878787840859185,0.4656736833164668,0.6269455552101135,0.6717268824577332,0.6717268824577332,0.46845394372940063,0.6693457365036011,0.3589615523815155,0.10671213269233704,0.817658007144928,0.017021436244249344,0.08969070017337799,0.7664614915847778
33,33_y192_x128.png,C:\Users\zhang\Desktop\vessel\images\33_training.tif,C:\Users\zhang\Desktop\vessel\1st_manual\33_manual1.gif,C:\Users\zhang\Desktop\vessel\mask\33_training_mask.gif,192,128,128,64,1.0,1495,790,14,27,6,15,0.5284280901108489,0.4242398151909227,0.4242398151909227,0.03386075906505369,0.45296997952688817,0.5843345522880554,0.6313461661338806,0.6313461661338806,0.6065120697021484,0.6393232345581055,0.34588757157325745,0.10708239674568176,0.8186942934989929,0.017021436244249344,0.09006096422672272,0.7675659656524658
33,33_y192_x192.png,C:\Users\zhang\Desktop\vessel\images\33_training.tif,C:\Users\zhang\Desktop\vessel\1st_manual\33_manual1.gif,C:\Users\zhang\Desktop\vessel\mask\33_training_mask.gif,192,192,128,64,1.0,1186,607,9,24,9,6,0.5118043801702835,0.41330389119300376,0.41330389119300376,0.038056012552619235,0.4447612873355784,0.5557477474212646,0.6038867831230164,0.6038867831230164,0.7206857204437256,0.6199237108230591,0.3811437785625458,0.06361749768257141,0.6970483660697937,0.017021436244249344,0.04659606143832207,0.637907862663269
33,33_y192_x256.png,C:\Users\zhang\Desktop\vessel\images\33_training.tif,C:\Users\zhang\Desktop\vessel\1st_manual\33_manual1.gif,C:\Users\zhang\Desktop\vessel\mask\33_training_mask.gif,192,256,128,64,1.0,1031,464,8,22,7,8,0.4500484922400728,0.3715969987974691,0.3715969987974691,0.04267241287343938,0.4033108799079022,0.4495494067668915,0.4991638660430908,0.4991638660430908,0.8463209271430969,0.5219645500183105,0.4024668037891388,0.0008440613746643066,0.5213634371757507,0.017021436244249344,-0.016177374869585037,0.4506514072418213
33,33_y192_x320.png,C:\Users\zhang\Desktop\vessel\images\33_training.tif,C:\Users\zhang\Desktop\vessel\1st_manual\33_manual1.gif,C:\Users\zhang\Desktop\vessel\mask\33_training_mask.gif,192,320,128,64,1.0,1448,586,6,22,8,6,0.4046961298018223,0.3398210016731871,0.3398210016731871,0.03174061379282229,0.3613932560187844,0.37155935168266296,0.4193767011165619,0.4193767011165619,0.5488124489784241,0.4229011833667755,0.3507518470287323,0.010641396045684814,0.5487834215164185,0.017021436244249344,-0.006380040198564529,0.4798773527145386
33,33_y192_x384.png,C:\Users\zhang\Desktop\vessel\images\33_training.tif,C:\Users\zhang\Desktop\vessel\1st_manual\33_manual1.gif,C:\Users\zhang\Desktop\vessel\mask\33_training_mask.gif,192,384,128,64,1.0,2996,840,11,18,5,8,0.2803738308398737,0.24715209063531718,0.24715209063531718,0.02357142829081633,0.2588035461979886,0.15776893496513367,0.18669185042381287,0.18669185042381287,0.3264884650707245,0.1804523468017578,0.24000929296016693,0.01879425346851349,0.5716009140014648,0.017021436244249344,0.001772817224264145,0.5041977763175964
33,33_y192_x437.png,C:\Users\zhang\Desktop\vessel\images\33_training.tif,C:\Users\zhang\Desktop\vessel\1st_manual\33_manual1.gif,C:\Users\zhang\Desktop\vessel\mask\33_training_mask.gif,192,437,128,64,0.854065,3156,788,10,16,4,8,0.24968314242812692,0.22289003312369032,0.22289003312369032,0.02195431444220413,0.2326768288701519,0.10499177128076553,0.12577161192893982,0.12577161192893982,0.28247880935668945,0.11870744824409485,0.23208379745483398,0.000593036413192749,0.520660936832428,-0.04739905893802643,0.04799209535121918,0.642072319984436
33,33_y256_x0.png,C:\Users\zhang\Desktop\vessel\images\33_training.tif,C:\Users\zhang\Desktop\vessel\1st_manual\33_manual1.gif,C:\Users\zhang\Desktop\vessel\mask\33_training_mask.gif,256,0,128,64,0.874023,577,334,3,11,4,3,0.5788561424808294,0.4567006243977847,0.4567006243977847,0.025598801628778395,0.4800826017731809,0.6710530519485474,0.7128528952598572,0.7128528952598572,0.38166332244873047,0.7033981084823608,0.4908002018928528,-0.010717600584030151,0.4890056848526001,-0.044932276010513306,0.034214675426483154,0.6009735465049744
33,33_y256_x64.png,C:\Users\zhang\Desktop\vessel\images\33_training.tif,C:\Users\zhang\Desktop\vessel\1st_manual\33_manual1.gif,C:\Users\zhang\Desktop\vessel\mask\33_training_mask.gif,256,64,128,64,1.0,760,523,6,18,6,6,0.6881578856821331,0.5236379259715973,0.5236379259715973,0.02982791529965745,0.5548759813787355,0.8590133190155029,0.8809276223182678,0.8809276223182678,0.49675846099853516,0.8801562786102295,0.44888582825660706,0.10599014163017273,0.8156373500823975,0.017021436244249344,0.08896870911121368,0.7643077373504639
33,33_y256_x128.png,C:\Users\zhang\Desktop\vessel\images\33_training.tif,C:\Users\zhang\Desktop\vessel\1st_manual\33_manual1.gif,C:\Users\zhang\Desktop\vessel\mask\33_training_mask.gif,256,128,128,64,1.0,1040,656,9,26,8,10,0.6307692247041421,0.48905182049727186,0.48905182049727186,0.03506097507529002,0.523345087875232,0.7603252530097961,0.794084370136261,0.794084370136261,0.6391759514808655,0.8056398630142212,0.4011436402797699,0.12220147252082825,0.8610082268714905,0.017021436244249344,0.1051800400018692,0.8126670122146606
33,33_y256_x192.png,C:\Users\zhang\Desktop\vessel\images\33_training.tif,C:\Users\zhang\Desktop\vessel\1st_manual\33_manual1.gif,C:\Users\zhang\Desktop\vessel\mask\33_training_mask.gif,256,192,128,64,1.0,862,517,6,27,10,7,0.59976797448065,0.46985860278031233,0.46985860278031233,0.04245647886931375,0.5097556864613276,0.7070140242576599,0.7458915710449219,0.7458915710449219,0.8404442071914673,0.7735241055488586,0.42971888184547424,0.08003678917884827,0.7430013418197632,0.017021436244249344,0.06301535665988922,0.6868875026702881
33,33_y256_x256.png,C:\Users\zhang\Desktop\vessel\images\33_training.tif,C:\Users\zhang\Desktop\vessel\1st_manual\33_manual1.gif,C:\Users\zhang\Desktop\vessel\mask\33_training_mask.gif,256,256,128,64,1.0,675,413,3,17,7,3,0.6118518427873801,0.47738373091971986,0.47738373091971986,0.031598062188908906,0.5075525325548692,0.7277939915657043,0.7647866606712341,0.7647866606712341,0.5449329018592834,0.7683174014091492,0.46693411469459534,0.04061838984489441,0.6326804757118225,0.017021436244249344,0.023596953600645065,0.5693002939224243
33,33_y256_x320.png,C:\Users\zhang\Desktop\vessel\images\33_training.tif,C:\Users\zhang\Desktop\vessel\1st_manual\33_manual1.gif,C:\Users\zhang\Desktop\vessel\mask\33_training_mask.gif,256,320,128,64,1.0,1593,620,5,17,6,5,0.3892027596409117,0.32873002838229004,0.32873002838229004,0.02298387059703435,0.34384100524968597,0.3449162244796753,0.39152804017066956,0.39152804017066956,0.31049811840057373,0.3814202547073364,0.33621862530708313,0.007622390985488892,0.5403340458869934,0.017021436244249344,-0.009399045258760452,0.4708715081214905
33,33_y256_x384.png,C:\Users\zhang\Desktop\vessel\images\33_training.tif,C:\Users\zhang\Desktop\vessel\1st_manual\33_manual1.gif,C:\Users\zhang\Desktop\vessel\mask\33_training_mask.gif,256,384,128,64,1.0,3723,958,23,21,3,15,0.25731936541144407,0.2289819668776434,0.2289819668776434,0.032620041413151966,0.24392076936247087,0.1181233748793602,0.1410680115222931,0.1410680115222931,0.5727460980415344,0.14528009295463562,0.2069137543439865,0.03700701892375946,0.6225732564926147,0.017021436244249344,0.019985582679510117,0.558527410030365
33,33_y256_x437.png,C:\Users\zhang\Desktop\vessel\images\33_training.tif,C:\Users\zhang\Desktop\vessel\1st_manual\33_manual1.gif,C:\Users\zhang\Desktop\vessel\mask\33_training_mask.gif,256,437,128,64,0.873474,3356,847,21,20,3,14,0.2523837894744225,0.225048766817535,0.225048766817535,0.034120424626677394,0.2404062857885838,0.10963594913482666,0.13119202852249146,0.13119202852249146,0.6135789155960083,0.13697436451911926,0.222723588347435,0.017682701349258423,0.5684900283813477,-0.04502701759338379,0.06270971894264221,0.6859757304191589
33,33_y320_x64.png,C:\Users\zhang\Desktop\vessel\images\33_training.tif,C:\Users\zhang\Desktop\vessel\1st_manual\33_manual1.gif,C:\Users\zhang\Desktop\vessel\mask\33_training_mask.gif,320,64,128,64,1.0,1269,560,11,20,4,12,0.4412923527084921,0.3655401782637259,0.3655401782637259,0.03517857080038266,0.3912585403465959,0.434491902589798,0.48395565152168274,0.48395565152168274,0.6423763632774353,0.49348142743110657,0.3708445727825165,0.020413964986801147,0.5761340260505676,0.017021436244249344,0.0033925287425518036,0.5090294480323792
33,33_y320_x128.png,C:\Users\zhang\Desktop\vessel\images\33_training.tif,C:\Users\zhang\Desktop\vessel\1st_manual\33_manual1.gif,C:\Users\zhang\Desktop\vessel\mask\33_training_mask.gif,320,128,128,64,1.0,1826,737,13,20,3,14,0.4036144556209504,0.3390506636343838,0.3390506636343838,0.028358208570444934,0.358280402504967,0.36969923973083496,0.4174423813819885,0.4174423813819885,0.4567604660987854,0.41554462909698486,0.3154292106628418,0.04285117983818054,0.6389294266700745,0.017021436244249344,0.025829743593931198,0.5759608745574951
33,33_y320_x192.png,C:\Users\zhang\Desktop\vessel\images\33_training.tif,C:\Users\zhang\Desktop\vessel\1st_manual\33_manual1.gif,C:\Users\zhang\Desktop\vessel\mask\33_training_mask.gif,320,192,128,64,1.0,1715,699,11,27,8,11,0.40758017255055295,0.3418720403690348,0.3418720403690348,0.036266093901772614,0.3666687674058628,0.3765188455581665,0.4245266914367676,0.4245266914367676,0.6719731688499451,0.43536874651908875,0.3249804675579071,0.04168829321861267,0.6356748342514038,0.017021436244249344,0.024666856974363327,0.5724918842315674
33,33_y320_x256.png,C:\Users\zhang\Desktop\vessel\images\33_training.tif,C:\Users\zhang\Desktop\vessel\1st_manual\33_manual1.gif,C:\Users\zhang\Desktop\vessel\mask\33_training_mask.gif,320,256,128,64,1.0,1537,585,9,23,8,7,0.3806115785256241,0.3225265738416871,0.3225265738416871,0.037521366879976634,0.34672984965299875,0.33014240860939026,0.3759516477584839,0.3759516477584839,0.7061353921890259,0.38824737071990967,0.34166839718818665,0.005061447620391846,0.5331667065620422,0.017021436244249344,-0.011959988623857498,0.4632321000099182
33,33_y320_x320.png,C:\Users\zhang\Desktop\vessel\images\33_training.tif,C:\Users\zhang\Desktop\vessel\1st_manual\33_manual1.gif,C:\Users\zhang\Desktop\vessel\mask\33_training_mask.gif,320,320,128,64,1.0,2044,590,9,15,6,3,0.2886497050457451,0.25359492988377064,0.25359492988377064,0.029745762207698943,0.2686816788465721,0.17200049757957458,0.20286935567855835,0.20286935567855835,0.49452266097068787,0.20379719138145447,0.2982522249221802,-0.029570549726486206,0.43624165654182434,0.017021436244249344,-0.04659198597073555,0.35992300510406494
33,33_y320_x384.png,C:\Users\zhang\Desktop\vessel\images\33_training.tif,C:\Users\zhang\Desktop\vessel\1st_manual\33_manual1.gif,C:\Users\zhang\Desktop\vessel\mask\33_training_mask.gif,320,384,128,64,0.998474,3147,644,14,15,3,9,0.2046393384027984,0.1861802179121249,0.1861802179121249,0.03128881938992517,0.19783093633658372,0.027532363310456276,0.03359595313668251,0.03359595313668251,0.5365169644355774,0.036356594413518906,0.23251882195472717,-0.034687891602516174,0.42191967368125916,0.01579183340072632,-0.05047972500324249,0.3483256697654724
33,33_y384_x64.png,C:\Users\zhang\Desktop\vessel\images\33_training.tif,C:\Users\zhang\Desktop\vessel\1st_manual\33_manual1.gif,C:\Users\zhang\Desktop\vessel\mask\33_training_mask.gif,384,64,128,64,0.914612,1348,606,12,16,2,12,0.4495548928074563,0.3712565388297854,0.3712565388297854,0.029207920310100322,0.39294380163127346,0.44870051741600037,0.4983089864253998,0.4983089864253998,0.4798853397369385,0.4974641799926758,0.3616487681865692,0.03129503130912781,0.6065870523452759,-0.033715274184942245,0.06501030921936035,0.6928385496139526
33,33_y384_x128.png,C:\Users\zhang\Desktop\vessel\images\33_training.tif,C:\Users\zhang\Desktop\vessel\1st_manual\33_manual1.gif,C:\Users\zhang\Desktop\vessel\mask\33_training_mask.gif,384,128,128,64,1.0,2091,754,14,17,2,13,0.36059301597038246,0.3079206458643354,0.3079206458643354,0.026591511583666957,0.3242967967070387,0.2957175672054291,0.3392772078514099,0.3392772078514099,0.40867987275123596,0.3352316617965698,0.2947896420955658,0.029507160186767578,0.6015833020210266,0.017021436244249344,0.012485723942518234,0.5361549258232117
33,33_y384_x192.png,C:\Users\zhang\Desktop\vessel\images\33_training.tif,C:\Users\zhang\Desktop\vessel\1st_manual\33_manual1.gif,C:\Users\zhang\Desktop\vessel\mask\33_training_mask.gif,384,192,128,64,1.0,2192,715,13,19,4,11,0.32618612989878587,0.28230725136889845,0.28230725136889845,0.029860139442515532,0.2991667191519156,0.23654985427856445,0.2749638557434082,0.2749638557434082,0.4976354241371155,0.2758420705795288,0.28760480880737305,0.01156190037727356,0.5513596534729004,0.017021436244249344,-0.005459535866975784,0.48262327909469604
33,33_y384_x256.png,C:\Users\zhang\Desktop\vessel\images\33_training.tif,C:\Users\zhang\Desktop\vessel\1st_manual\33_manual1.gif,C:\Users\zhang\Desktop\vessel\mask\33_training_mask.gif,384,256,128,64,1.0,2279,646,11,18,3,12,0.2834576556232661,0.2495577294511866,0.2495577294511866,0.028173374176882753,0.26361949603230966,0.16307201981544495,0.19273224472999573,0.19273224472999573,0.4517301917076111,0.19183377921581268,0.28167635202407837,-0.018056869506835938,0.4684651494026184,0.017021436244249344,-0.03507830575108528,0.3942689299583435
33,33_y384_x320.png,C:\Users\zhang\Desktop\vessel\images\33_training.tif,C:\Users\zhang\Desktop\vessel\1st_manual\33_manual1.gif,C:\Users\zhang\Desktop\vessel\mask\33_training_mask.gif,384,320,128,64,0.999817,2335,524,11,13,2,9,0.2244111339425647,0.20246002143438532,0.20246002143438532,0.029866411643770772,0.21455353011751735,0.061532847583293915,0.07447333633899689,0.07447333633899689,0.4978061616420746,0.07587689906358719,0.2779788374900818,-0.06342530250549316,0.3414918780326843,0.016873372718691826,-0.08029867708683014,0.2593741714954376
33,33_y384_x384.png,C:\Users\zhang\Desktop\vessel\images\33_training.tif,C:\Users\zhang\Desktop\vessel\1st_manual\33_manual1.gif,C:\Users\zhang\Desktop\vessel\mask\33_training_mask.gif,384,384,128,64,0.870361,1783,364,6,14,4,6,0.20415030732389058,0.1857741790647775,0.1857741790647775,0.03461538366441254,0.1986354680313146,0.026691386476159096,0.032576411962509155,0.032576411962509155,0.6270491480827332,0.038257960230112076,0.31905853748321533,-0.12042306363582611,0.18197140097618103,-0.045535460114479065,-0.07488760352134705,0.27551567554473877
33,33_y448_x192.png,C:\Users\zhang\Desktop\vessel\images\33_training.tif,C:\Users\zhang\Desktop\vessel\1st_manual\33_manual1.gif,C:\Users\zhang\Desktop\vessel\mask\33_training_mask.gif,448,192,128,64,0.891724,1550,491,10,12,1,10,0.31677419150468267,0.27518495134449866,0.27518495134449866,0.027494907790327743,0.29031732106950425,0.22036466002464294,0.2570803165435791,0.2570803165435791,0.4332657754421234,0.25492843985557556,0.3403857946395874,-0.05006846785545349,0.3788738250732422,-0.04106265679001808,-0.00900581106543541,0.47204452753067017
33,33_y448_x256.png,C:\Users\zhang\Desktop\vessel\images\33_training.tif,C:\Users\zhang\Desktop\vessel\1st_manual\33_manual1.gif,C:\Users\zhang\Desktop\vessel\mask\33_training_mask.gif,448,256,128,64,0.881348,1642,474,9,11,2,7,0.2886723490336641,0.2536125016015804,0.2536125016015804,0.027320674529099694,0.2674702308271155,0.1720394492149353,0.20291343331336975,0.20291343331336975,0.4285240173339844,0.20093423128128052,0.33160486817359924,-0.0641346275806427,0.3395066559314728,-0.04352271184325218,-0.020611915737390518,0.4374229311943054
33,33_y456_x192.png,C:\Users\zhang\Desktop\vessel\images\33_training.tif,C:\Users\zhang\Desktop\vessel\1st_manual\33_manual1.gif,C:\Users\zhang\Desktop\vessel\mask\33_training_mask.gif,456,192,128,64,0.829224,1475,448,9,11,1,9,0.30372881150014364,0.26522847523540655,0.26522847523540655,0.027120535108916627,0.2796147515844191,0.19793124496936798,0.232080340385437,0.232080340385437,0.42307722568511963,0.22963517904281616,0.34793853759765625,-0.06832379102706909,0.32778239250183105,-0.04766169562935829,-0.0206620953977108,0.437273234128952
33,33_y456_x256.png,C:\Users\zhang\Desktop\vessel\images\33_training.tif,C:\Users\zhang\Desktop\vessel\1st_manual\33_manual1.gif,C:\Users\zhang\Desktop\vessel\mask\33_training_mask.gif,456,256,128,64,0.818848,1559,438,9,11,2,7,0.2809493246892282,0.24760146295118177,0.24760146295118177,0.02956620937063449,0.26224273633936185,0.15875856578350067,0.1878201961517334,0.1878201961517334,0.4896361529827118,0.18858014047145844,0.3395041227340698,-0.07726138830184937,0.30276861786842346,-0.046849485486745834,-0.03041190281510353,0.408189058303833
34,34_y64_x64.png,C:\Users\zhang\Desktop\vessel\images\34_training.tif,C:\Users\zhang\Desktop\vessel\1st_manual\34_manual1.gif,C:\Users\zhang\Desktop\vessel\mask\34_training_mask.gif,64,64,128,64,0.857239,1939,727,9,19,4,11,0.374935531846645,0.31840684408964237,0.31840684408964237,0.023865199121524083,0.33360452956135317,0.32038164138793945,0.3656073212623596,0.3656073212623596,0.33448341488838196,0.35722851753234863,0.3062842786312103,0.027320265769958496,0.5954627990722656,-0.04714116081595421,0.074461430311203,0.7210317254066467
34,34_y64_x128.png,C:\Users\zhang\Desktop\vessel\images\34_training.tif,C:\Users\zhang\Desktop\vessel\1st_manual\34_manual1.gif,C:\Users\zhang\Desktop\vessel\mask\34_training_mask.gif,64,128,128,64,0.995544,3171,1126,23,23,2,19,0.3550930294699053,0.3038701084102735,0.3038701084102735,0.027664298155734474,0.3206828149696278,0.2862595319747925,0.3291066288948059,0.3291066288948059,0.4378757178783417,0.32669079303741455,0.2313614785671234,0.08932134509086609,0.768986165523529,0.013463878072798252,0.07585746794939041,0.725196123123169
34,34_y64_x192.png,C:\Users\zhang\Desktop\vessel\images\34_training.tif,C:\Users\zhang\Desktop\vessel\1st_manual\34_manual1.gif,C:\Users\zhang\Desktop\vessel\mask\34_training_mask.gif,64,192,128,64,1.0,3160,977,24,19,2,15,0.3091772142114645,0.26939885913310724,0.26939885913310724,0.031473899370789156,0.28635692429902887,0.2073005586862564,0.24255187809467316,0.24255187809467316,0.5415539145469666,0.2455688714981079,0.23189084231853485,0.05446608364582062,0.6714361906051636,0.017021436244249344,0.037444647401571274,0.610608696937561
34,34_y64_x256.png,C:\Users\zhang\Desktop\vessel\images\34_training.tif,C:\Users\zhang\Desktop\vessel\1st_manual\34_manual1.gif,C:\Users\zhang\Desktop\vessel\mask\34_training_mask.gif,64,256,128,64,1.0,2757,760,15,16,4,8,0.2756619503965834,0.24346522066638718,0.24346522066638718,0.029342104877077568,0.2577527847438151,0.14966613054275513,0.17743436992168427,0.17743436992168427,0.4835371673107147,0.1779690831899643,0.2526732385158539,0.005079537630081177,0.5332173705101013,0.017021436244249344,-0.011941898614168167,0.46328604221343994
34,34_y64_x320.png,C:\Users\zhang\Desktop\vessel\images\34_training.tif,C:\Users\zhang\Desktop\vessel\1st_manual\34_manual1.gif,C:\Users\zhang\Desktop\vessel\mask\34_training_mask.gif,64,320,128,64,0.96698,2110,599,12,12,3,6,0.2838862545787381,0.24989161456704545,0.24989161456704545,0.02854757882224409,0.2641592156947866,0.16380904614925385,0.1935705840587616,0.1935705840587616,0.46191418170928955,0.19310930371284485,0.29341191053390503,-0.029252707958221436,0.43713119626045227,-0.006961405277252197,-0.02229130268096924,0.4324132204055786
34,34_y128_x64.png,C:\Users\zhang\Desktop\vessel\images\34_training.tif,C:\Users\zhang\Desktop\vessel\1st_manual\34_manual1.gif,C:\Users\zhang\Desktop\vessel\mask\34_training_mask.gif,128,64,128,64,0.999634,1965,756,11,18,4,10,0.3847328224695531,0.3255072130659456,0.3255072130659456,0.025132274799837637,0.34186868652215086,0.33722949028015137,0.38343584537506104,0.38343584537506104,0.36896681785583496,0.3767590820789337,0.3042556047439575,0.037613093852996826,0.6242694854736328,0.01672547683119774,0.020887617021799088,0.5612182021141052
34,34_y128_x128.png,C:\Users\zhang\Desktop\vessel\images\34_training.tif,C:\Users\zhang\Desktop\vessel\1st_manual\34_manual1.gif,C:\Users\zhang\Desktop\vessel\mask\34_training_mask.gif,128,128,128,64,1.0,2968,1005,20,22,2,18,0.33861185869739935,0.29163315067504525,0.29163315067504525,0.027661691267047848,0.3077672830294644,0.25791776180267334,0.2983805537223816,0.2983805537223816,0.4378047585487366,0.29616767168045044,0.24143965542316437,0.06632761657238007,0.7046332359313965,0.017021436244249344,0.04930618032813072,0.6459922790527344
34,34_y128_x192.png,C:\Users\zhang\Desktop\vessel\images\34_training.tif,C:\Users\zhang\Desktop\vessel\1st_manual\34_manual1.gif,C:\Users\zhang\Desktop\vessel\mask\34_training_mask.gif,128,192,128,64,1.0,4133,1100,33,21,2,17,0.26615049536377816,0.23598119135187526,0.23598119135187526,0.036772726938429756,0.25333653517625093,0.13330981135368347,0.15864256024360657,0.15864256024360657,0.6857612133026123,0.16753226518630981,0.19099779427051544,0.062338754534721375,0.6934695839881897,0.017021436244249344,0.04531731829047203,0.6340932846069336
34,34_y128_x256.png,C:\Users\zhang\Desktop\vessel\images\34_training.tif,C:\Users\zhang\Desktop\vessel\1st_manual\34_manual1.gif,C:\Users\zhang\Desktop\vessel\mask\34_training_mask.gif,128,256,128,64,1.0,5202,1242,34,25,3,19,0.23875432480054917,0.21410629791776176,0.21410629791776176,0.03514492725326145,0.22915579844733147,0.08619808405637741,0.10371626913547516,0.10371626913547516,0.6414607167243958,0.11038622260093689,0.15595123171806335,0.07320456206798553,0.723879873752594,0.017021436244249344,0.05618312582373619,0.6665065884590149
34,34_y128_x320.png,C:\Users\zhang\Desktop\vessel\images\34_training.tif,C:\Users\zhang\Desktop\vessel\1st_manual\34_manual1.gif,C:\Users\zhang\Desktop\vessel\mask\34_training_mask.gif,128,320,128,64,1.0,3839,1005,27,20,3,14,0.26178692299612677,0.23252890913174973,0.23252890913174973,0.034726367813667974,0.24867867798338997,0.1258060187101364,0.14997412264347076,0.14997412264347076,0.6300696134567261,0.1565244048833847,0.20223955810070038,0.04643912613391876,0.6489710211753845,0.017021436244249344,0.02941768988966942,0.5866639018058777
34,34_y128_x384.png,C:\Users\zhang\Desktop\vessel\images\34_training.tif,C:\Users\zhang\Desktop\vessel\1st_manual\34_manual1.gif,C:\Users\zhang\Desktop\vessel\mask\34_training_mask.gif,128,384,128,64,0.965698,1425,422,6,13,4,5,0.2961403487990151,0.25939088589313036,0.25939088589313036,0.029028435331079735,0.2744503090063708,0.18488174676895142,0.21742257475852966,0.21742257475852966,0.47500067949295044,0.21743011474609375,0.35319000482559204,-0.0787397027015686,0.2986312210559845,-0.007781575433909893,-0.07095813006162643,0.2872375249862671
34,34_y192_x0.png,C:\Users\zhang\Desktop\vessel\images\34_training.tif,C:\Users\zhang\Desktop\vessel\1st_manual\34_manual1.gif,C:\Users\zhang\Desktop\vessel\mask\34_training_mask.gif,192,0,128,64,0.904541,1280,396,6,13,4,5,0.30937499758300785,0.26954992228245267,0.26954992228245267,0.030934342653173165,0.2862266215984959,0.2076406478881836,0.24293120205402374,0.24293120205402374,0.5268698334693909,0.24526095390319824,0.3695303797721863,-0.08330374956130981,0.28585776686668396,-0.037273868918418884,-0.04602988064289093,0.36159980297088623
34,34_y192_x64.png,C:\Users\zhang\Desktop\vessel\images\34_training.tif,C:\Users\zhang\Desktop\vessel\1st_manual\34_manual1.gif,C:\Users\zhang\Desktop\vessel\mask\34_training_mask.gif,192,64,128,64,1.0,2287,716,12,16,4,8,0.3130738945646091,0.272370872918012,0.272370872918012,0.026955306886099067,0.2870545538506914,0.21400147676467896,0.25001436471939087,0.25001436471939087,0.418580561876297,0.24721761047840118,0.28114259243011475,0.005911976099014282,0.535547137260437,0.017021436244249344,-0.011109460145235062,0.4657692611217499
34,34_y192_x128.png,C:\Users\zhang\Desktop\vessel\images\34_training.tif,C:\Users\zhang\Desktop\vessel\1st_manual\34_manual1.gif,C:\Users\zhang\Desktop\vessel\mask\34_training_mask.gif,192,128,128,64,1.0,3289,923,21,22,5,12,0.28063241021394825,0.24735402639854034,0.24735402639854034,0.03380281653518075,0.2640765519457166,0.1582135707139969,0.18719890713691711,0.18719890713691711,0.6049351692199707,0.1929139941930771,0.2257956564426422,0.0382809042930603,0.6261385083198547,0.017021436244249344,0.02125946804881096,0.56232750415802
34,34_y192_x192.png,C:\Users\zhang\Desktop\vessel\images\34_training.tif,C:\Users\zhang\Desktop\vessel\1st_manual\34_manual1.gif,C:\Users\zhang\Desktop\vessel\mask\34_training_mask.gif,192,192,128,64,1.0,4297,1162,28,20,2,16,0.27042122348051845,0.2393485175113948,0.2393485175113948,0.03020654018755129,0.25380829873747235,0.14065396785736084,0.16709764301776886,0.16709764301776886,0.5070627331733704,0.16864712536334991,0.18506942689418793,0.06873886287212372,0.7113816142082214,0.017021436244249344,0.051717426627874374,0.6531851887702942
34,34_y192_x256.png,C:\Users\zhang\Desktop\vessel\images\34_training.tif,C:\Users\zhang\Desktop\vessel\1st_manual\34_manual1.gif,C:\Users\zhang\Desktop\vessel\mask\34_training_mask.gif,192,256,128,64,1.0,5399,1417,35,31,3,25,0.2624560098861715,0.233059037905806,0.233059037905806,0.032992236887845895,0.24843731588068962,0.12695658206939697,0.1513052135705948,0.1513052135705948,0.5828753113746643,0.15595397353172302,0.15028813481330872,0.09814918041229248,0.7936926484107971,0.017021436244249344,0.08112774789333344,0.7409176826477051
34,34_y192_x320.png,C:\Users\zhang\Desktop\vessel\images\34_training.tif,C:\Users\zhang\Desktop\vessel\1st_manual\34_manual1.gif,C:\Users\zhang\Desktop\vessel\mask\34_training_mask.gif,192,320,128,64,1.0,3829,1044,27,23,4,15,0.2726560452529223,0.24110609080668766,0.24110609080668766,0.035201149088111595,0.2580805137037636,0.1444970667362213,0.17151078581809998,0.17151078581809998,0.6429908275604248,0.1787436157464981,0.20263691246509552,0.055443599820137024,0.6741719841957092,0.017021436244249344,0.03842216357588768,0.6135246753692627
34,34_y192_x384.png,C:\Users\zhang\Desktop\vessel\images\34_training.tif,C:\Users\zhang\Desktop\vessel\1st_manual\34_manual1.gif,C:\Users\zhang\Desktop\vessel\mask\34_training_mask.gif,192,384,128,64,1.0,980,355,4,14,6,2,0.3622448942628072,0.3091339964562874,0.3091339964562874,0.034366196215036726,0.33038151561419793,0.29855823516845703,0.342323899269104,0.342323899269104,0.6202676296234131,0.3496115803718567,0.41018980741500854,-0.0798082947731018,0.2956405580043793,0.017021436244249344,-0.09682972729206085,0.210061177611351
34,34_y256_x0.png,C:\Users\zhang\Desktop\vessel\images\34_training.tif,C:\Users\zhang\Desktop\vessel\1st_manual\34_manual1.gif,C:\Users\zhang\Desktop\vessel\mask\34_training_mask.gif,256,0,128,64,0.921936,1748,486,6,12,3,6,0.2780320350227,0.24532142216911718,0.24532142216911718,0.022839505702890832,0.25652746221046285,0.15374185144901276,0.18209517002105713,0.18209517002105713,0.3065692186355591,0.1750732958316803,0.32207784056663513,-0.06555038690567017,0.3355443477630615,-0.030805908143520355,-0.03474447876214981,0.39526477456092834
34,34_y256_x64.png,C:\Users\zhang\Desktop\vessel\images\34_training.tif,C:\Users\zhang\Desktop\vessel\1st_manual\34_manual1.gif,C:\Users\zhang\Desktop\vessel\mask\34_training_mask.gif,256,64,128,64,1.0,2609,796,11,14,2,10,0.30509773742775875,0.2662779325508557,0.2662779325508557,0.020100502260043944,0.27698257292093226,0.20028528571128845,0.23471544682979584,0.23471544682979584,0.23202736675739288,0.2234145998954773,0.26107800006866455,0.01590457558631897,0.5635135173797607,0.017021436244249344,-0.0011168606579303741,0.49557772278785706
34,34_y256_x128.png,C:\Users\zhang\Desktop\vessel\images\34_training.tif,C:\Users\zhang\Desktop\vessel\1st_manual\34_manual1.gif,C:\Users\zhang\Desktop\vessel\mask\34_training_mask.gif,256,128,128,64,1.0,3494,906,17,27,7,13,0.2593016592464177,0.2305573286230287,0.2305573286230287,0.03371964642693547,0.24610595182764328,0.12153223156929016,0.14502359926700592,0.14502359926700592,0.6026718020439148,0.15044429898262024,0.21658474206924438,0.029521211981773376,0.6016226410865784,0.017021436244249344,0.012499775737524033,0.5361968278884888
34,34_y256_x192.png,C:\Users\zhang\Desktop\vessel\images\34_training.tif,C:\Users\zhang\Desktop\vessel\1st_manual\34_manual1.gif,C:\Users\zhang\Desktop\vessel\mask\34_training_mask.gif,256,192,128,64,1.0,3845,1098,22,21,3,15,0.2855656689582167,0.2511988307894976,0.2511988307894976,0.027550090823769663,0.26503993199564846,0.16669705510139465,0.196852907538414,0.196852907538414,0.43476757407188416,0.1951906830072403,0.2020016461610794,0.06303827464580536,0.6954272985458374,0.017021436244249344,0.046016838401556015,0.63618004322052
34,34_y256_x256.png,C:\Users\zhang\Desktop\vessel\images\34_training.tif,C:\Users\zhang\Desktop\vessel\1st_manual\34_manual1.gif,C:\Users\zhang\Desktop\vessel\mask\34_training_mask.gif,256,256,128,64,1.0,3948,1198,25,30,9,12,0.3034447813995826,0.26501059169864605,0.26501059169864605,0.0343906507980747,0.2832383651324446,0.19744278490543365,0.2315332442522049,0.2315332442522049,0.6209331154823303,0.23819878697395325,0.19797435402870178,0.08526399731636047,0.7576308250427246,0.017021436244249344,0.06824256479740143,0.7024804949760437
34,34_y256_x320.png,C:\Users\zhang\Desktop\vessel\images\34_training.tif,C:\Users\zhang\Desktop\vessel\1st_manual\34_manual1.gif,C:\Users\zhang\Desktop\vessel\mask\34_training_mask.gif,256,320,128,64,1.0,3173,921,17,24,6,12,0.290261581184174,0.25484497392904665,0.25484497392904665,0.03116178033483409,0.27072782012307356,0.17477232217788696,0.20600809156894684,0.20600809156894684,0.5330595374107361,0.20863281190395355,0.23126542568206787,0.039462387561798096,0.6294451355934143,0.017021436244249344,0.022440951317548752,0.5658519268035889
34,34_y256_x384.png,C:\Users\zhang\Desktop\vessel\images\34_training.tif,C:\Users\zhang\Desktop\vessel\1st_manual\34_manual1.gif,C:\Users\zhang\Desktop\vessel\mask\34_training_mask.gif,256,384,128,64,1.0,1315,492,6,12,3,6,0.37414448384681004,0.3178313439098352,0.3178313439098352,0.022560975151199692,0.3321725140142796,0.3190213143825531,0.36416226625442505,0.36416226625442505,0.29898902773857117,0.35384422540664673,0.365422785282135,-0.033250272274017334,0.42594316601753235,0.017021436244249344,-0.05027170851826668,0.348946213722229
34,34_y256_x437.png,C:\Users\zhang\Desktop\vessel\images\34_training.tif,C:\Users\zhang\Desktop\vessel\1st_manual\34_manual1.gif,C:\Users\zhang\Desktop\vessel\mask\34_training_mask.gif,256,437,128,64,0.811523,363,180,2,8,3,2,0.49586775493477264,0.4027064765370818,0.4027064765370818,0.03166666490740751,0.4282112186341669,0.5283423066139221,0.5772774815559387,0.5772774815559387,0.5468000173568726,0.5808112025260925,0.5612651705741882,-0.1330539584159851,0.14662113785743713,-0.045948971062898636,-0.08710499107837677,0.2390705794095993
34,34_y320_x0.png,C:\Users\zhang\Desktop\vessel\images\34_training.tif,C:\Users\zhang\Desktop\vessel\1st_manual\34_manual1.gif,C:\Users\zhang\Desktop\vessel\mask\34_training_mask.gif,320,0,128,64,0.810913,1233,404,4,11,3,5,0.32765612061917176,0.28341507220522605,0.28341507220522605,0.02165841530548477,0.29569171488053553,0.23907774686813354,0.2777455449104309,0.2777455449104309,0.2744258940219879,0.2676296830177307,0.3752264976501465,-0.07953476905822754,0.2964060604572296,-0.04586176946759224,-0.0336729995906353,0.3984610140323639
34,34_y320_x64.png,C:\Users\zhang\Desktop\vessel\images\34_training.tif,C:\Users\zhang\Desktop\vessel\1st_manual\34_manual1.gif,C:\Users\zhang\Desktop\vessel\mask\34_training_mask.gif,320,64,128,64,1.0,2437,679,12,17,3,11,0.2786212544988869,0.24578235247126945,0.24578235247126945,0.027761413435030732,0.2594288834752482,0.154755100607872,0.1832525134086609,0.1832525134086609,0.44051870703697205,0.18193021416664124,0.27146628499031067,-0.012037396430969238,0.48531195521354675,0.017021436244249344,-0.029058832675218582,0.4122253358364105
34,34_y320_x128.png,C:\Users\zhang\Desktop\vessel\images\34_training.tif,C:\Users\zhang\Desktop\vessel\1st_manual\34_manual1.gif,C:\Users\zhang\Desktop\vessel\mask\34_training_mask.gif,320,128,128,64,1.0,3817,872,20,22,5,12,0.228451663011654,0.20575456585714894,0.20575456585714894,0.03463302712576804,0.22000637277831145,0.06848114728927612,0.08274569362401962,0.08274569362401962,0.6275293231010437,0.088763527572155,0.2031150907278061,0.01689128577709198,0.5662750601768494,0.017021436244249344,-0.0001301504671573639,0.4985211193561554
34,34_y320_x192.png,C:\Users\zhang\Desktop\vessel\images\34_training.tif,C:\Users\zhang\Desktop\vessel\1st_manual\34_manual1.gif,C:\Users\zhang\Desktop\vessel\mask\34_training_mask.gif,320,192,128,64,1.0,3286,870,19,20,5,10,0.2647595853172258,0.23488205298485074,0.23488205298485074,0.03275862031311931,0.2502708769690441,0.13091795146465302,0.15588270127773285,0.15588270127773285,0.5765174627304077,0.16028720140457153,0.22593466937541962,0.024336203932762146,0.5871112942695618,0.017021436244249344,0.007314767688512802,0.5207297205924988
34,34_y320_x256.png,C:\Users\zhang\Desktop\vessel\images\34_training.tif,C:\Users\zhang\Desktop\vessel\1st_manual\34_manual1.gif,C:\Users\zhang\Desktop\vessel\mask\34_training_mask.gif,320,256,128,64,1.0,2796,915,19,21,5,11,0.3272532177136866,0.28311155682505024,0.28311155682505024,0.031530054300217984,0.30096460234447636,0.2383849024772644,0.2769834101200104,0.2769834101200104,0.5430821776390076,0.28009098768234253,0.2505335211753845,0.05043107271194458,0.6601433753967285,0.017021436244249344,0.033409636467695236,0.5985720753669739
34,34_y320_x320.png,C:\Users\zhang\Desktop\vessel\images\34_training.tif,C:\Users\zhang\Desktop\vessel\1st_manual\34_manual1.gif,C:\Users\zhang\Desktop\vessel\mask\34_training_mask.gif,320,320,128,64,1.0,3239,984,24,19,2,15,0.3037974674164944,0.2652811350432265,0.2652811350432265,0.031249999682418702,0.28186120581493146,0.19804926216602325,0.23221255838871002,0.23221255838871002,0.5354604125022888,0.23494422435760498,0.2281292825937271,0.05373193323612213,0.6693814992904663,0.017021436244249344,0.03671049699187279,0.6084187030792236
34,34_y320_x384.png,C:\Users\zhang\Desktop\vessel\images\34_training.tif,C:\Users\zhang\Desktop\vessel\1st_manual\34_manual1.gif,C:\Users\zhang\Desktop\vessel\mask\34_training_mask.gif,320,384,128,64,0.99115,2009,661,17,12,1,10,0.32901941100537874,0.28444138534707836,0.28444138534707836,0.0310136152645444,0.30208449672801496,0.24142210185527802,0.28032252192497253,0.28032252192497253,0.5290272235870361,0.2827376425266266,0.30088281631469727,0.0012016892433166504,0.5223643779754639,0.010053918696939945,-0.008852229453623295,0.4725026786327362
34,34_y384_x64.png,C:\Users\zhang\Desktop\vessel\images\34_training.tif,C:\Users\zhang\Desktop\vessel\1st_manual\34_manual1.gif,C:\Users\zhang\Desktop\vessel\mask\34_training_mask.gif,384,64,128,64,0.931091,1992,499,10,13,3,7,0.25050200677458834,0.2235450761120086,0.2235450761120086,0.03096192322721597,0.23738784708081295,0.10639995336532593,0.12741635739803314,0.12741635739803314,0.5276204347610474,0.1298409253358841,0.3021771013736725,-0.06478925049304962,0.3376745581626892,-0.02678855136036873,-0.03800069913268089,0.38555124402046204
34,34_y384_x128.png,C:\Users\zhang\Desktop\vessel\images\34_training.tif,C:\Users\zhang\Desktop\vessel\1st_manual\34_manual1.gif,C:\Users\zhang\Desktop\vessel\mask\34_training_mask.gif,384,128,128,64,1.0,3354,810,22,15,1,13,0.24150268264310468,0.2163224867717277,0.2163224867717277,0.03277777737311386,0.23050362739613178,0.09092428535223007,0.10928096622228622,0.10928096622228622,0.5770388841629028,0.11357155442237854,0.2228143960237503,0.007689237594604492,0.5405211448669434,0.017021436244249344,-0.009332198649644852,0.47107091546058655
34,34_y384_x192.png,C:\Users\zhang\Desktop\vessel\images\34_training.tif,C:\Users\zhang\Desktop\vessel\1st_manual\34_manual1.gif,C:\Users\zhang\Desktop\vessel\mask\34_training_mask.gif,384,192,128,64,1.0,2622,640,11,18,4,10,0.24408848114382728,0.2184031181090354,0.2184031181090354,0.02968749953613282,0.2313708030441393,0.09537094086408615,0.11450528353452682,0.11450528353452682,0.4929370582103729,0.1156209260225296,0.26032090187072754,-0.028950095176696777,0.4379781186580658,0.017021436244249344,-0.04597153142094612,0.36177387833595276
34,34_y384_x256.png,C:\Users\zhang\Desktop\vessel\images\34_training.tif,C:\Users\zhang\Desktop\vessel\1st_manual\34_manual1.gif,C:\Users\zhang\Desktop\vessel\mask\34_training_mask.gif,384,256,128,64,1.0,2118,617,9,17,5,7,0.291312557642528,0.2556591876296016,0.2556591876296016,0.028282009266093852,0.2701202986566064,0.17657963931560516,0.20805256068706512,0.20805256068706512,0.45468670129776,0.20719707012176514,0.292835533618927,-0.022715240716934204,0.45542770624160767,0.017021436244249344,-0.03973667696118355,0.3803727626800537
34,34_y384_x320.png,C:\Users\zhang\Desktop\vessel\images\34_training.tif,C:\Users\zhang\Desktop\vessel\1st_manual\34_manual1.gif,C:\Users\zhang\Desktop\vessel\mask\34_training_mask.gif,384,320,128,64,0.997131,2393,773,17,16,2,12,0.32302548966558503,0.2799211515122888,0.2799211515122888,0.029366105700309113,0.296361539758413,0.2311147004365921,0.2689725458621979,0.2689725458621979,0.48419034481048584,0.26921263337135315,0.27424156665802,0.022119969129562378,0.5809086561203003,0.014719395898282528,0.00740057323127985,0.5209856629371643
34,34_y384_x384.png,C:\Users\zhang\Desktop\vessel\images\34_training.tif,C:\Users\zhang\Desktop\vessel\1st_manual\34_manual1.gif,C:\Users\zhang\Desktop\vessel\mask\34_training_mask.gif,384,384,128,64,0.830811,1708,583,14,10,2,6,0.3413348926151353,0.2936653066150856,0.2936653066150856,0.030188678727466917,0.3113960418046974,0.2626003623008728,0.30348315834999084,0.30348315834999084,0.5065765976905823,0.3047434687614441,0.32560333609580994,-0.014207303524017334,0.47923898696899414,-0.047738026827573776,0.03353072330355644,0.5989332795143127
34,34_y448_x192.png,C:\Users\zhang\Desktop\vessel\images\34_training.tif,C:\Users\zhang\Desktop\vessel\1st_manual\34_manual1.gif,C:\Users\zhang\Desktop\vessel\mask\34_training_mask.gif,448,192,128,64,0.889893,1271,354,4,9,2,5,0.2785208475332742,0.24570382186040937,0.24570382186040937,0.020480225410163123,0.2557679611720889,0.1545824408531189,0.1830553412437439,0.1830553412437439,0.24236150085926056,0.17327842116355896,0.3706047832965851,-0.11483681201934814,0.19760572910308838,-0.04153624549508095,-0.0733005702495575,0.2802498936653137
34,34_y448_x256.png,C:\Users\zhang\Desktop\vessel\images\34_training.tif,C:\Users\zhang\Desktop\vessel\1st_manual\34_manual1.gif,C:\Users\zhang\Desktop\vessel\mask\34_training_mask.gif,448,256,128,64,0.865784,1385,347,4,12,4,4,0.2505415144365234,0.22357666905439708,0.22357666905439708,0.028530258543796587,0.23633406939936263,0.10646785795688629,0.1274956911802292,0.1274956911802292,0.4614427983760834,0.12735053896903992,0.3575255274772644,-0.12119145691394806,0.17982089519500732,-0.046194206923246384,-0.07499724626541138,0.2751886248588562
34,34_y456_x192.png,C:\Users\zhang\Desktop\vessel\images\34_training.tif,C:\Users\zhang\Desktop\vessel\1st_manual\34_manual1.gif,C:\Users\zhang\Desktop\vessel\mask\34_training_mask.gif,456,192,128,64,0.827393,1111,330,2,8,3,2,0.2970297002967624,0.2600768042986173,0.2600768042986173,0.01727272674931131,0.26906127544758557,0.18641112744808197,0.2191448211669922,0.2191448211669922,0.15506961941719055,0.20469428598880768,0.39108967781066895,-0.1220284104347229,0.17747849225997925,-0.04755784198641777,-0.07447056472301483,0.2767597436904907
34,34_y456_x256.png,C:\Users\zhang\Desktop\vessel\images\34_training.tif,C:\Users\zhang\Desktop\vessel\1st_manual\34_manual1.gif,C:\Users\zhang\Desktop\vessel\mask\34_training_mask.gif,456,256,128,64,0.803284,1320,317,3,7,2,3,0.2401515133321855,0.21523356032369628,0.21523356032369628,0.017507885883031992,0.22277012954838818,0.08860073238611221,0.10654677450656891,0.10654677450656891,0.1614694595336914,0.09529505670070648,0.3648449182510376,-0.1420747935771942,0.12137439101934433,-0.04461256414651871,-0.0974622294306755,0.20817439258098602
35,35_y64_x64.png,C:\Users\zhang\Desktop\vessel\images\35_training.tif,C:\Users\zhang\Desktop\vessel\1st_manual\35_manual1.gif,C:\Users\zhang\Desktop\vessel\mask\35_training_mask.gif,64,64,128,64,0.861877,2672,512,9,12,2,8,0.19161676574993725,0.17531101170592583,0.17531101170592583,0.025976561992645274,0.18441896643307054,0.005138117354363203,0.00630417512729764,0.00630417512729764,0.3919440805912018,0.004660271108150482,0.25744348764419556,-0.07302452623844147,0.3146263659000397,-0.046672895550727844,-0.026351630687713623,0.42030104994773865
35,35_y64_x128.png,C:\Users\zhang\Desktop\vessel\images\35_training.tif,C:\Users\zhang\Desktop\vessel\1st_manual\35_manual1.gif,C:\Users\zhang\Desktop\vessel\mask\35_training_mask.gif,64,128,128,64,0.996277,2969,691,12,19,4,11,0.2327382949385709,0.20923795099575512,0.20923795099575512,0.029450071932705185,0.22156209641150879,0.0758526399731636,0.09149222075939178,0.09149222075939178,0.48647546768188477,0.0924401506781578,0.24138833582401276,-0.019826233386993408,0.46351322531700134,0.014042170718312263,-0.03386840224266052,0.39787811040878296
35,35_y64_x192.png,C:\Users\zhang\Desktop\vessel\images\35_training.tif,C:\Users\zhang\Desktop\vessel\1st_manual\35_manual1.gif,C:\Users\zhang\Desktop\vessel\mask\35_training_mask.gif,64,192,128,64,1.0,2690,755,19,20,4,12,0.2806691439380329,0.24738271003715961,0.24738271003715961,0.03668874123591071,0.265535030506743,0.15827676653862,0.18727092444896698,0.18727092444896698,0.6834755539894104,0.1963607668876648,0.2564207911491394,0.009114235639572144,0.5445093512535095,0.017021436244249344,-0.0079072006046772,0.47532176971435547
35,35_y64_x256.png,C:\Users\zhang\Desktop\vessel\images\35_training.tif,C:\Users\zhang\Desktop\vessel\1st_manual\35_manual1.gif,C:\Users\zhang\Desktop\vessel\mask\35_training_mask.gif,64,256,128,64,1.0,2054,673,13,15,3,9,0.3276533577037324,0.28341299115556917,0.28341299115556917,0.02845468011211471,0.2995418431614678,0.2390729784965515,0.27774032950401306,0.27774032950401306,0.4593859314918518,0.2767285704612732,0.2975088655948639,0.0020329654216766357,0.5246908664703369,0.017021436244249344,-0.014988470822572708,0.4541979730129242
35,35_y64_x320.png,C:\Users\zhang\Desktop\vessel\images\35_training.tif,C:\Users\zhang\Desktop\vessel\1st_manual\35_manual1.gif,C:\Users\zhang\Desktop\vessel\mask\35_training_mask.gif,64,320,128,64,0.968689,1524,534,9,13,2,9,0.3503936984882303,0.30039617844481004,0.30039617844481004,0.02556179727412365,0.31575351087546544,0.2781783640384674,0.32038384675979614,0.32038384675979614,0.38065624237060547,0.3150414526462555,0.3429619073867798,-0.027208387851715088,0.4428526759147644,-0.005855113733559847,-0.02135327458381653,0.4352114200592041
35,35_y128_x64.png,C:\Users\zhang\Desktop\vessel\images\35_training.tif,C:\Users\zhang\Desktop\vessel\1st_manual\35_manual1.gif,C:\Users\zhang\Desktop\vessel\mask\35_training_mask.gif,128,64,128,64,0.999817,3264,664,12,13,2,9,0.20343137192576172,0.18517695287245825,0.18517695287245825,0.025075300827179205,0.1944636884715328,0.025455068796873093,0.0310768261551857,0.0310768261551857,0.36741629242897034,0.028398830443620682,0.2269580066204071,-0.03249432146549225,0.4280588626861572,0.016873372718691826,-0.049367696046829224,0.351642906665802
35,35_y128_x128.png,C:\Users\zhang\Desktop\vessel\images\35_training.tif,C:\Users\zhang\Desktop\vessel\1st_manual\35_manual1.gif,C:\Users\zhang\Desktop\vessel\mask\35_training_mask.gif,128,128,128,64,1.0,2249,594,8,20,6,8,0.26411738433029175,0.23437415876267464,0.23437415876267464,0.03080808028942626,0.24881539456452909,0.12981358170509338,0.15460741519927979,0.15460741519927979,0.5234336256980896,0.15684747695922852,0.28369468450546265,-0.03487929701805115,0.42138397693634033,0.017021436244249344,-0.05190073326230049,0.34408673644065857
35,35_y128_x192.png,C:\Users\zhang\Desktop\vessel\images\35_training.tif,C:\Users\zhang\Desktop\vessel\1st_manual\35_manual1.gif,C:\Users\zhang\Desktop\vessel\mask\35_training_mask.gif,128,192,128,64,1.0,1899,607,9,21,6,9,0.31964191511510315,0.2773604233682213,0.2773604233682213,0.03237232236618909,0.29531802544201885,0.22529613971710205,0.262542724609375,0.262542724609375,0.5660043954849243,0.26674655079841614,0.30945906043052673,-0.0141410231590271,0.47942450642585754,0.017021436244249344,-0.031162459403276443,0.4059500992298126
35,35_y128_x256.png,C:\Users\zhang\Desktop\vessel\images\35_training.tif,C:\Users\zhang\Desktop\vessel\1st_manual\35_manual1.gif,C:\Users\zhang\Desktop\vessel\mask\35_training_mask.gif,128,256,128,64,1.0,1870,674,9,15,3,9,0.3604278055592096,0.3077992131946045,0.3077992131946045,0.022477744473623967,0.32163647732134615,0.2954334318637848,0.3389723300933838,0.3389723300933838,0.2967239022254944,0.32894453406333923,0.31180283427238464,0.00983363389968872,0.5465227365493774,0.017021436244249344,-0.007187802344560623,0.47746777534484863
35,35_y128_x320.png,C:\Users\zhang\Desktop\vessel\images\35_training.tif,C:\Users\zhang\Desktop\vessel\1st_manual\35_manual1.gif,C:\Users\zhang\Desktop\vessel\mask\35_training_mask.gif,128,320,128,64,1.0,1670,602,8,18,4,10,0.36047903975761053,0.30783687284362565,0.30783687284362565,0.026578072648204776,0.32420029438409376,0.2955215275287628,0.33906686305999756,0.33906686305999756,0.40831413865089417,0.3350036144256592,0.3290298581123352,-0.0048295557498931885,0.5054846405982971,0.017021436244249344,-0.021850991994142532,0.4337266981601715
35,35_y128_x384.png,C:\Users\zhang\Desktop\vessel\images\35_training.tif,C:\Users\zhang\Desktop\vessel\1st_manual\35_manual1.gif,C:\Users\zhang\Desktop\vessel\mask\35_training_mask.gif,128,384,128,64,0.967651,1205,479,6,14,4,6,0.3975103701451422,0.3346923465170038,0.3346923465170038,0.026304801120985363,0.35230037774069517,0.35920238494873047,0.40649905800819397,0.40649905800819397,0.40087708830833435,0.40141212940216064,0.37872394919395447,-0.02642357349395752,0.44504913687705994,-0.006528794765472412,-0.019894778728485107,0.4395621716976166
35,35_y192_x0.png,C:\Users\zhang\Desktop\vessel\images\35_training.tif,C:\Users\zhang\Desktop\vessel\1st_manual\35_manual1.gif,C:\Users\zhang\Desktop\vessel\mask\35_training_mask.gif,192,0,128,64,0.911682,3571,900,25,18,1,16,0.2520302429234661,0.22476642807583222,0.22476642807583222,0.03399999962222223,0.2400505450151653,0.10902797430753708,0.13048310577869415,0.13048310577869415,0.6103014945983887,0.13613362610340118,0.21326395869255066,0.026786580681800842,0.5939691662788391,-0.034803375601768494,0.061589956283569336,0.6826354265213013
35,35_y192_x64.png,C:\Users\zhang\Desktop\vessel\images\35_training.tif,C:\Users\zhang\Desktop\vessel\1st_manual\35_manual1.gif,C:\Users\zhang\Desktop\vessel\mask\35_training_mask.gif,192,64,128,64,1.0,3165,914,18,20,3,14,0.28878356938772964,0.2536988040313055,0.2536988040313055,0.02833697999631313,0.26807691990115284,0.17223070561885834,0.20313014090061188,0.20313014090061188,0.45618271827697754,0.20236800611019135,0.2316499948501587,0.036426931619644165,0.6209497451782227,0.017021436244249344,0.01940549537539482,0.5567969679832458
35,35_y192_x128.png,C:\Users\zhang\Desktop\vessel\images\35_training.tif,C:\Users\zhang\Desktop\vessel\1st_manual\35_manual1.gif,C:\Users\zhang\Desktop\vessel\mask\35_training_mask.gif,192,128,128,64,1.0,1486,589,7,23,8,7,0.3963660807781556,0.33387320547689625,0.33387320547689625,0.03387096716687662,0.3564904222381119,0.3572345972061157,0.4044422209262848,0.4044422209262848,0.6067900061607361,0.4113144278526306,0.3468070924282074,0.009683340787887573,0.5461021065711975,0.017021436244249344,-0.007338095456361771,0.47701942920684814
35,35_y192_x192.png,C:\Users\zhang\Desktop\vessel\images\35_training.tif,C:\Users\zhang\Desktop\vessel\1st_manual\35_manual1.gif,C:\Users\zhang\Desktop\vessel\mask\35_training_mask.gif,192,192,128,64,1.0,1372,502,9,22,6,10,0.3658892101611574,0.3118056525600866,0.3118056525600866,0.039840636656561026,0.3366507239823032,0.30482515692710876,0.3490322232246399,0.3490322232246399,0.7692541480064392,0.3644275367259979,0.3589615523815155,-0.02231082320213318,0.45655956864356995,0.017021436244249344,-0.03933225944638252,0.3815791606903076
35,35_y192_x256.png,C:\Users\zhang\Desktop\vessel\images\35_training.tif,C:\Users\zhang\Desktop\vessel\1st_manual\35_manual1.gif,C:\Users\zhang\Desktop\vessel\mask\35_training_mask.gif,192,256,128,64,1.0,1507,570,7,23,8,7,0.3782349012724957,0.3208036234285533,0.3208036234285533,0.034999999385964924,0.34325987667458263,0.3260553479194641,0.3716254234313965,0.3716254234313965,0.6375164985656738,0.3800468444824219,0.3446701467037201,-0.0014102756977081299,0.5150542259216309,0.017021436244249344,-0.018431711941957474,0.443926602602005
35,35_y192_x320.png,C:\Users\zhang\Desktop\vessel\images\35_training.tif,C:\Users\zhang\Desktop\vessel\1st_manual\35_manual1.gif,C:\Users\zhang\Desktop\vessel\mask\35_training_mask.gif,192,320,128,64,1.0,1458,581,6,16,6,4,0.3984910809431339,0.33539385605150607,0.33539385605150607,0.025645438457049252,0.35259650103998874,0.36088883876800537,0.40826043486595154,0.40826043486595154,0.38293254375457764,0.4021119475364685,0.3497038185596466,0.0028926730155944824,0.5270969271659851,0.017021436244249344,-0.014128763228654861,0.45676252245903015
35,35_y192_x384.png,C:\Users\zhang\Desktop\vessel\images\35_training.tif,C:\Users\zhang\Desktop\vessel\1st_manual\35_manual1.gif,C:\Users\zhang\Desktop\vessel\mask\35_training_mask.gif,192,384,128,64,1.0,1041,427,4,11,5,1,0.410182512870485,0.3437191377653332,0.3437191377653332,0.024238875310564983,0.3603818684096308,0.38099396228790283,0.4291645884513855,0.4291645884513855,0.34465301036834717,0.42051103711128235,0.4009973406791687,-0.040615469217300415,0.4053300619125366,0.017021436244249344,-0.05763690546154976,0.32697543501853943
35,35_y256_x0.png,C:\Users\zhang\Desktop\vessel\images\35_training.tif,C:\Users\zhang\Desktop\vessel\1st_manual\35_manual1.gif,C:\Users\zhang\Desktop\vessel\mask\35_training_mask.gif,256,0,128,64,0.930237,3491,910,27,18,1,16,0.26067029429770755,0.2316435591137575,0.2316435591137575,0.03582417543050356,0.24824043811183244,0.12388581037521362,0.1477510631084442,0.1477510631084442,0.6599464416503906,0.15548869967460632,0.21671558916568756,0.03152485191822052,0.6072302460670471,-0.027181191369891167,0.058706045150756836,0.6740325689315796
35,35_y256_x64.png,C:\Users\zhang\Desktop\vessel\images\35_training.tif,C:\Users\zhang\Desktop\vessel\1st_manual\35_manual1.gif,C:\Users\zhang\Desktop\vessel\mask\35_training_mask.gif,256,64,128,64,1.0,3204,859,19,17,2,13,0.26810237119818237,0.23752158713961383,0.23752158713961383,0.029161815725706454,0.2513747086496993,0.13666635751724243,0.16251036524772644,0.16251036524772644,0.4786306321620941,0.16289590299129486,0.22978435456752777,0.02159036695957184,0.5794264674186707,0.017021436244249344,0.0045689307153224945,0.512538731098175
35,35_y256_x128.png,C:\Users\zhang\Desktop\vessel\images\35_training.tif,C:\Users\zhang\Desktop\vessel\1st_manual\35_manual1.gif,C:\Users\zhang\Desktop\vessel\mask\35_training_mask.gif,256,128,128,64,1.0,1511,578,9,27,10,7,0.3825281245365445,0.3239137974526719,0.3239137974526719,0.04316608921857977,0.35187798121261393,0.3334381878376007,0.37943482398986816,0.37943482398986816,0.8597562909126282,0.4004139006137848,0.34426647424697876,0.007611513137817383,0.540303647518158,0.017021436244249344,-0.009409923106431961,0.4708390533924103
35,35_y256_x192.png,C:\Users\zhang\Desktop\vessel\images\35_training.tif,C:\Users\zhang\Desktop\vessel\1st_manual\35_manual1.gif,C:\Users\zhang\Desktop\vessel\mask\35_training_mask.gif,256,192,128,64,1.0,1368,580,15,27,8,11,0.4239766050878903,0.3534533838435133,0.3534533838435133,0.05060344740338884,0.38922530328126337,0.4047149121761322,0.45360663533210754,0.45360663533210754,0.9999997019767761,0.4886763095855713,0.35940614342689514,0.02981916069984436,0.6024565100669861,0.017021436244249344,0.012797724455595016,0.5370856523513794
35,35_y256_x256.png,C:\Users\zhang\Desktop\vessel\images\35_training.tif,C:\Users\zhang\Desktop\vessel\1st_manual\35_manual1.gif,C:\Users\zhang\Desktop\vessel\mask\35_training_mask.gif,256,256,128,64,1.0,1565,666,13,24,7,10,0.4255591027120824,0.3545640895507975,0.3545640895507975,0.038288287713389074,0.3817153932979111,0.4074362814426422,0.45639553666114807,0.45639553666114807,0.7270070910453796,0.47092822194099426,0.33891916275024414,0.04279622435569763,0.6387755870819092,0.017021436244249344,0.025774788111448288,0.575796902179718
35,35_y256_x320.png,C:\Users\zhang\Desktop\vessel\images\35_training.tif,C:\Users\zhang\Desktop\vessel\1st_manual\35_manual1.gif,C:\Users\zhang\Desktop\vessel\mask\35_training_mask.gif,256,320,128,64,1.0,1540,676,9,19,5,9,0.43896103611064263,0.3639213504786285,0.3639213504786285,0.02684911202885929,0.38346328069601743,0.4304828643798828,0.4798908829689026,0.4798908829689026,0.41569045186042786,0.47505903244018555,0.34137144684791565,0.04209184646606445,0.6368042230606079,0.017021436244249344,0.02507041022181511,0.573695719242096
35,35_y256_x384.png,C:\Users\zhang\Desktop\vessel\images\35_training.tif,C:\Users\zhang\Desktop\vessel\1st_manual\35_manual1.gif,C:\Users\zhang\Desktop\vessel\mask\35_training_mask.gif,256,384,128,64,1.0,1042,448,4,14,5,4,0.4299424142999768,0.357634173740673,0.357634173740673,0.025446428003427946,0.37583519824798794,0.41497403383255005,0.4641042947769165,0.4641042947769165,0.3775164783000946,0.4570316970348358,0.40085116028785706,-0.025015950202941895,0.448988676071167,0.017021436244249344,-0.04203738644719124,0.37350961565971375
35,35_y256_x437.png,C:\Users\zhang\Desktop\vessel\images\35_training.tif,C:\Users\zhang\Desktop\vessel\1st_manual\35_manual1.gif,C:\Users\zhang\Desktop\vessel\mask\35_training_mask.gif,256,437,128,64,0.815918,737,315,2,11,5,1,0.4274084066837394,0.35586049704550105,0.35586049704550105,0.026507935666414743,0.37472675136930206,0.410616397857666,0.4596506953239441,0.4596506953239441,0.40640538930892944,0.4544120728969574,0.4535623788833618,-0.0788356363773346,0.29836273193359375,-0.04652176797389984,-0.03231386840343475,0.40251538157463074
35,35_y320_x0.png,C:\Users\zhang\Desktop\vessel\images\35_training.tif,C:\Users\zhang\Desktop\vessel\1st_manual\35_manual1.gif,C:\Users\zhang\Desktop\vessel\mask\35_training_mask.gif,320,0,128,64,0.822083,2010,569,11,16,4,8,0.2830845757060469,0.24926700373057084,0.24926700373057084,0.03216168660524277,0.2653006982405918,0.16243043541908264,0.19200222194194794,0.19200222194194794,0.5602719187736511,0.19580696523189545,0.30080702900886536,-0.03550633788108826,0.4196290671825409,-0.04716099426150322,0.011654656380414963,0.5336757898330688
35,35_y320_x64.png,C:\Users\zhang\Desktop\vessel\images\35_training.tif,C:\Users\zhang\Desktop\vessel\1st_manual\35_manual1.gif,C:\Users\zhang\Desktop\vessel\mask\35_training_mask.gif,320,64,128,64,1.0,2845,654,13,15,3,9,0.22987697634489637,0.20691414515027765,0.20691414515027765,0.02928134511802225,0.2190315941381693,0.07093217968940735,0.08565731346607208,0.08565731346607208,0.48188355565071106,0.08645982295274734,0.24788708984851837,-0.028855502605438232,0.4382428526878357,0.017021436244249344,-0.045876938849687576,0.36205604672431946
35,35_y320_x128.png,C:\Users\zhang\Desktop\vessel\images\35_training.tif,C:\Users\zhang\Desktop\vessel\1st_manual\35_manual1.gif,C:\Users\zhang\Desktop\vessel\mask\35_training_mask.gif,320,128,128,64,1.0,2360,629,13,27,7,13,0.26652542259946854,0.2362772633725945,0.2362772633725945,0.04220985624467637,0.25622372201427995,0.13395453989505768,0.15938596427440643,0.15938596427440643,0.8337324261665344,0.17435544729232788,0.27635669708251953,-0.020132988691329956,0.4626546800136566,0.017021436244249344,-0.0371544249355793,0.3880757689476013
35,35_y320_x192.png,C:\Users\zhang\Desktop\vessel\images\35_training.tif,C:\Users\zhang\Desktop\vessel\1st_manual\35_manual1.gif,C:\Users\zhang\Desktop\vessel\mask\35_training_mask.gif,320,192,128,64,1.0,2009,721,19,23,4,15,0.35888501563521646,0.3066645220494739,0.3066645220494739,0.039875172817265284,0.3311211236767676,0.29278039932250977,0.33612319827079773,0.33612319827079773,0.7701941132545471,0.351359486579895,0.30088281631469727,0.030238300561904907,0.6036295294761658,0.017021436244249344,0.013216864317655563,0.5383359789848328
35,35_y320_x256.png,C:\Users\zhang\Desktop\vessel\images\35_training.tif,C:\Users\zhang\Desktop\vessel\1st_manual\35_manual1.gif,C:\Users\zhang\Desktop\vessel\mask\35_training_mask.gif,320,256,128,64,1.0,1881,740,15,16,3,10,0.3934077597373325,0.33175237252139256,0.33175237252139256,0.029054053661431708,0.35102987498848015,0.35214734077453613,0.3991169333457947,0.3991169333457947,0.4756978452205658,0.39840957522392273,0.31090956926345825,0.04012030363082886,0.6312864422798157,0.017021436244249344,0.023098867386579514,0.5678145289421082
35,35_y320_x320.png,C:\Users\zhang\Desktop\vessel\images\35_training.tif,C:\Users\zhang\Desktop\vessel\1st_manual\35_manual1.gif,C:\Users\zhang\Desktop\vessel\mask\35_training_mask.gif,320,320,128,64,1.0,1834,712,12,20,4,12,0.38822246244153513,0.32802412477610876,0.32802412477610876,0.029073033299536047,0.3470974373814427,0.3432304263114929,0.38975557684898376,0.38975557684898376,0.47621437907218933,0.3891160786151886,0.3147634267807007,0.03233399987220764,0.6094948053359985,0.017021436244249344,0.015312563627958298,0.5445875525474548
35,35_y320_x384.png,C:\Users\zhang\Desktop\vessel\images\35_training.tif,C:\Users\zhang\Desktop\vessel\1st_manual\35_manual1.gif,C:\Users\zhang\Desktop\vessel\mask\35_training_mask.gif,320,384,128,64,0.991638,1632,579,11,18,4,10,0.35477940959081244,0.30363864372878335,0.30363864372878335,0.03281519805155099,0.32356656818891205,0.28572022914886475,0.3285254240036011,0.3285254240036011,0.5780572891235352,0.33350589871406555,0.33253517746925354,-0.008968621492385864,0.4939005672931671,0.010427809320390224,-0.019396431744098663,0.441048800945282
35,35_y384_x64.png,C:\Users\zhang\Desktop\vessel\images\35_training.tif,C:\Users\zhang\Desktop\vessel\1st_manual\35_manual1.gif,C:\Users\zhang\Desktop\vessel\mask\35_training_mask.gif,384,64,128,64,0.935303,1884,461,9,12,2,8,0.24469214307488246,0.21888822470060806,0.21888822470060806,0.028850324753789052,0.23151821743539383,0.09640903025865555,0.11572334915399551,0.11572334915399551,0.4701533913612366,0.11596931517124176,0.31066685914993286,-0.07914863526821136,0.2974867522716522,-0.024798236787319183,-0.05435039848089218,0.33677926659584045
35,35_y384_x128.png,C:\Users\zhang\Desktop\vessel\images\35_training.tif,C:\Users\zhang\Desktop\vessel\1st_manual\35_manual1.gif,C:\Users\zhang\Desktop\vessel\mask\35_training_mask.gif,384,128,128,64,1.0,2962,701,15,18,3,12,0.23666441513617684,0.21241776730497575,0.21241776730497575,0.031669043770769706,0.22587190244591665,0.08260416239500046,0.09947650879621506,0.09947650879621506,0.5468646883964539,0.10262545198202133,0.2417479157447815,-0.015876010060310364,0.47456875443458557,0.017021436244249344,-0.03289744630455971,0.4007745385169983
35,35_y384_x192.png,C:\Users\zhang\Desktop\vessel\images\35_training.tif,C:\Users\zhang\Desktop\vessel\1st_manual\35_manual1.gif,C:\Users\zhang\Desktop\vessel\mask\35_training_mask.gif,384,192,128,64,1.0,3158,800,20,16,2,12,0.2533248883681922,0.22579993070689106,0.22579993070689106,0.0321249995984375,0.24030757607346323,0.11125430464744568,0.13307814300060272,0.13307814300060272,0.5592735409736633,0.1367410570383072,0.23198728263378143,0.008320286870002747,0.542287290096283,0.017021436244249344,-0.008701149374246597,0.4729533791542053
35,35_y384_x256.png,C:\Users\zhang\Desktop\vessel\images\35_training.tif,C:\Users\zhang\Desktop\vessel\1st_manual\35_manual1.gif,C:\Users\zhang\Desktop\vessel\mask\35_training_mask.gif,384,256,128,64,1.0,2518,648,13,13,2,9,0.2573470998516795,0.22900402502381878,0.22900402502381878,0.02723765390065349,0.2414790897747295,0.1181710883975029,0.14112338423728943,0.14112338423728943,0.42626461386680603,0.1395096778869629,0.2664858102798462,-0.025006726384162903,0.44901448488235474,0.017021436244249344,-0.04202816262841225,0.3735371530056
35,35_y384_x320.png,C:\Users\zhang\Desktop\vessel\images\35_training.tif,C:\Users\zhang\Desktop\vessel\1st_manual\35_manual1.gif,C:\Users\zhang\Desktop\vessel\mask\35_training_mask.gif,384,320,128,64,0.997314,2192,567,8,17,4,9,0.2586678820316246,0.23005392521183776,0.23005392521183776,0.027601410447946905,0.24275355084170422,0.12044236063957214,0.143759623169899,0.143759623169899,0.4361642301082611,0.14252161979675293,0.28760480880737305,-0.044851258397102356,0.39347532391548157,0.01486498024314642,-0.05971623957157135,0.3207726776599884
35,35_y384_x384.png,C:\Users\zhang\Desktop\vessel\images\35_training.tif,C:\Users\zhang\Desktop\vessel\1st_manual\35_manual1.gif,C:\Users\zhang\Desktop\vessel\mask\35_training_mask.gif,384,384,128,64,0.833008,1749,509,9,13,3,7,0.2910234403028963,0.2554352684021503,0.2554352684021503,0.028388997477622836,0.2699383707828794,0.17608246207237244,0.20749028027057648,0.20749028027057648,0.45759838819503784,0.20676715672016144,0.3219907283782959,-0.05205234885215759,0.3733215034008026,-0.04782271757721901,-0.004229631274938583,0.48629212379455566
35,35_y448_x192.png,C:\Users\zhang\Desktop\vessel\images\35_training.tif,C:\Users\zhang\Desktop\vessel\1st_manual\35_manual1.gif,C:\Users\zhang\Desktop\vessel\mask\35_training_mask.gif,448,192,128,64,0.891602,2497,647,15,11,1,9,0.2591109320820547,0.23040586244517974,0.23040586244517974,0.028052549798260436,0.24333280630528883,0.12120423465967178,0.14464330673217773,0.14464330673217773,0.4484419822692871,0.14389055967330933,0.2677614986896515,-0.02442869544029236,0.450632244348526,-0.041094742715358734,0.016666047275066376,0.5486250519752502
35,35_y448_x256.png,C:\Users\zhang\Desktop\vessel\images\35_training.tif,C:\Users\zhang\Desktop\vessel\1st_manual\35_manual1.gif,C:\Users\zhang\Desktop\vessel\mask\35_training_mask.gif,448,256,128,64,0.867126,2234,537,10,13,3,7,0.24037600608605186,0.21541456436636214,0.21541456436636214,0.028770949184898524,0.22780992733650546,0.08898679912090302,0.10700125992298126,0.10700125992298126,0.46799319982528687,0.10720553249120712,0.2847139835357666,-0.05690406262874603,0.3597429394721985,-0.04601201415061951,-0.010892048478126526,0.4664177894592285
35,35_y456_x192.png,C:\Users\zhang\Desktop\vessel\images\35_training.tif,C:\Users\zhang\Desktop\vessel\1st_manual\35_manual1.gif,C:\Users\zhang\Desktop\vessel\mask\35_training_mask.gif,456,192,128,64,0.829102,2312,597,15,11,1,9,0.25821799196272494,0.22969642781528143,0.22969642781528143,0.030402009541004867,0.2436628937952313,0.11966869980096817,0.14286194741725922,0.14286194741725922,0.512382447719574,0.14467065036296844,0.27948662638664246,-0.03582373261451721,0.41874077916145325,-0.04765530303120613,0.011831570416688919,0.5342035293579102
35,35_y456_x256.png,C:\Users\zhang\Desktop\vessel\images\35_training.tif,C:\Users\zhang\Desktop\vessel\1st_manual\35_manual1.gif,C:\Users\zhang\Desktop\vessel\mask\35_training_mask.gif,456,256,128,64,0.804626,2136,501,10,13,3,7,0.23455056069966965,0.21070698538374139,0.21070698538374139,0.030838322737758033,0.22370268542046914,0.0789690911769867,0.09518084675073624,0.09518084675073624,0.5242566466331482,0.09749896079301834,0.2915465831756592,-0.06784389913082123,0.32912546396255493,-0.04485359415411949,-0.022990304976701736,0.4303280711174011
36,36_y64_x64.png,C:\Users\zhang\Desktop\vessel\images\36_training.tif,C:\Users\zhang\Desktop\vessel\1st_manual\36_manual1.gif,C:\Users\zhang\Desktop\vessel\mask\36_training_mask.gif,64,64,128,64,0.837891,2193,635,15,16,1,14,0.2895576822181592,0.25429927757467957,0.25429927757467957,0.031338582183644374,0.27023803519371054,0.1735619157552719,0.20463792979717255,0.20463792979717255,0.537871241569519,0.20747533440589905,0.28753533959388733,-0.017297297716140747,0.4705909788608551,-0.047923728823661804,0.030626431107521057,0.5902696251869202
36,36_y64_x128.png,C:\Users\zhang\Desktop\vessel\images\36_training.tif,C:\Users\zhang\Desktop\vessel\1st_manual\36_manual1.gif,C:\Users\zhang\Desktop\vessel\mask\36_training_mask.gif,64,128,128,64,0.991943,2862,831,17,20,3,14,0.2903563931154563,0.25491845394993246,0.25491845394993246,0.02996389855639111,0.27019515533854815,0.17493540048599243,0.20619262754917145,0.20619262754917145,0.5004592537879944,0.2073739916086197,0.24697956442832947,0.02321559190750122,0.5839750170707703,0.010662106797099113,0.012553485110402107,0.536357045173645
36,36_y64_x192.png,C:\Users\zhang\Desktop\vessel\images\36_training.tif,C:\Users\zhang\Desktop\vessel\1st_manual\36_manual1.gif,C:\Users\zhang\Desktop\vessel\mask\36_training_mask.gif,64,192,128,64,1.0,2992,842,18,21,3,15,0.2814171113589,0.247966583777218,0.247966583777218,0.03117577160123787,0.26342768293837354,0.15956297516822815,0.18873699009418488,0.18873699009418488,0.5334402918815613,0.19138048589229584,0.2402128130197525,0.023214861750602722,0.5839729309082031,0.017021436244249344,0.006193425506353378,0.5173846483230591
36,36_y64_x256.png,C:\Users\zhang\Desktop\vessel\images\36_training.tif,C:\Users\zhang\Desktop\vessel\1st_manual\36_manual1.gif,C:\Users\zhang\Desktop\vessel\mask\36_training_mask.gif,64,256,128,64,1.0,2979,806,17,21,4,13,0.2705605898940564,0.23945821244344362,0.23945821244344362,0.03232009885458934,0.2549368386388743,0.1408936083316803,0.16737310588359833,0.16737310588359833,0.5645830631256104,0.17131422460079193,0.24087612330913544,0.014060720801353455,0.5583531260490417,0.017021436244249344,-0.0029607154428958893,0.490077406167984
36,36_y64_x320.png,C:\Users\zhang\Desktop\vessel\images\36_training.tif,C:\Users\zhang\Desktop\vessel\1st_manual\36_manual1.gif,C:\Users\zhang\Desktop\vessel\mask\36_training_mask.gif,64,320,128,64,0.969055,3422,768,17,14,2,10,0.2244301571466097,0.2024755579284118,0.2024755579284118,0.02864583296034072,0.21407571995034994,0.061565566807985306,0.07451236248016357,0.07451236248016357,0.46458813548088074,0.07474767416715622,0.21975675225257874,-0.005681037902832031,0.5031015872955322,-0.005616297945380211,-6.473995745182037e-05,0.49871620535850525
36,36_y128_x64.png,C:\Users\zhang\Desktop\vessel\images\36_training.tif,C:\Users\zhang\Desktop\vessel\1st_manual\36_manual1.gif,C:\Users\zhang\Desktop\vessel\mask\36_training_mask.gif,128,64,128,64,0.998169,2182,738,15,19,4,11,0.33822181329870843,0.2913417277110174,0.2913417277110174,0.03163956596694355,0.3097775793366895,0.2572470009326935,0.2976487874984741,0.2976487874984741,0.5460624098777771,0.3009186089038849,0.2883012592792511,0.021476328372955322,0.5791072845458984,0.015547485090792179,0.005928843282163143,0.5165954232215881
36,36_y128_x128.png,C:\Users\zhang\Desktop\vessel\images\36_training.tif,C:\Users\zhang\Desktop\vessel\1st_manual\36_manual1.gif,C:\Users\zhang\Desktop\vessel\mask\36_training_mask.gif,128,128,128,64,1.0,2450,825,14,21,5,11,0.33673469250312366,0.29022984350238207,0.29022984350238207,0.028909090558677693,0.30701040515966455,0.25468966364860535,0.2948569655418396,0.2948569655418396,0.47175270318984985,0.29437896609306335,0.27065590023994446,0.036354511976242065,0.6207470893859863,0.017021436244249344,0.01933307573199272,0.5565809607505798
36,36_y128_x192.png,C:\Users\zhang\Desktop\vessel\images\36_training.tif,C:\Users\zhang\Desktop\vessel\1st_manual\36_manual1.gif,C:\Users\zhang\Desktop\vessel\mask\36_training_mask.gif,128,192,128,64,1.0,2429,849,15,22,3,16,0.34952655269853206,0.29975382923532257,0.29975382923532257,0.027797408388723105,0.31641858844999826,0.2766871452331543,0.3187709152698517,0.3187709152698517,0.4414983093738556,0.31661319732666016,0.2719671428203583,0.04445144534111023,0.6434080600738525,0.017021436244249344,0.027430009096860886,0.5807345509529114
36,36_y128_x256.png,C:\Users\zhang\Desktop\vessel\images\36_training.tif,C:\Users\zhang\Desktop\vessel\1st_manual\36_manual1.gif,C:\Users\zhang\Desktop\vessel\mask\36_training_mask.gif,128,256,128,64,1.0,2321,746,13,19,4,11,0.3214131825876209,0.2787017567918419,0.2787017567918419,0.0286193025654249,0.2946542565981243,0.22834210097789764,0.2659107446670532,0.2659107446670532,0.46386611461639404,0.26517781615257263,0.27889484167099,0.015759408473968506,0.5631072521209717,0.017021436244249344,-0.001262027770280838,0.49514466524124146
36,36_y128_x320.png,C:\Users\zhang\Desktop\vessel\images\36_training.tif,C:\Users\zhang\Desktop\vessel\1st_manual\36_manual1.gif,C:\Users\zhang\Desktop\vessel\mask\36_training_mask.gif,128,320,128,64,1.0,3125,728,17,16,1,14,0.23295999925452798,0.20941778185103593,0.20941778185103593,0.030082417169197566,0.22201736800361768,0.0762338787317276,0.09194374829530716,0.09194374829530716,0.5036847591400146,0.09351605921983719,0.23358750343322754,-0.011570140719413757,0.48661965131759644,0.017021436244249344,-0.0285915769636631,0.41361919045448303
36,36_y128_x384.png,C:\Users\zhang\Desktop\vessel\images\36_training.tif,C:\Users\zhang\Desktop\vessel\1st_manual\36_manual1.gif,C:\Users\zhang\Desktop\vessel\mask\36_training_mask.gif,128,384,128,64,0.971802,3729,705,13,13,3,7,0.18905872837474194,0.17316200957105182,0.17316200957105182,0.02617021239474876,0.1822253827094037,0.0007391966064460576,0.0009081918396987021,0.0009081918396987021,0.39721426367759705,0.0,0.2066684365272522,-0.024443060159683228,0.450592041015625,-0.0038021656218916178,-0.020640894770622253,0.4373364746570587
36,36_y192_x0.png,C:\Users\zhang\Desktop\vessel\images\36_training.tif,C:\Users\zhang\Desktop\vessel\1st_manual\36_manual1.gif,C:\Users\zhang\Desktop\vessel\mask\36_training_mask.gif,192,0,128,64,0.882019,1241,474,8,23,7,9,0.38195003721232845,0.32349557216831915,0.32349557216831915,0.04251054762635976,0.3509995200234748,0.33244410157203674,0.37838470935821533,0.37838470935821533,0.8419156670570374,0.39833787083625793,0.37424176931381226,-0.02324223518371582,0.4539527893066406,-0.04338005930185318,0.02013782411813736,0.5589815378189087
36,36_y192_x64.png,C:\Users\zhang\Desktop\vessel\images\36_training.tif,C:\Users\zhang\Desktop\vessel\1st_manual\36_manual1.gif,C:\Users\zhang\Desktop\vessel\mask\36_training_mask.gif,192,64,128,64,1.0,1650,650,10,29,9,11,0.39393939155188246,0.33213383330983476,0.33213383330983476,0.03976923015739646,0.35855124702974905,0.3530615568161011,0.4000747501850128,0.4000747501850128,0.7673108577728271,0.4161846935749054,0.33086469769477844,0.02768653631210327,0.5964878797531128,0.017021436244249344,0.010665100067853928,0.5307239294052124
36,36_y192_x128.png,C:\Users\zhang\Desktop\vessel\images\36_training.tif,C:\Users\zhang\Desktop\vessel\1st_manual\36_manual1.gif,C:\Users\zhang\Desktop\vessel\mask\36_training_mask.gif,192,128,128,64,1.0,1806,706,11,31,10,11,0.39091915619646095,0.32996479205495177,0.32996479205495177,0.04015580679665996,0.35646479693386923,0.34786778688430786,0.39462846517562866,0.39462846517562866,0.777831494808197,0.4112538695335388,0.3171065151691437,0.039358288049697876,0.6291537880897522,0.017021436244249344,0.022336851805448532,0.5655413866043091
36,36_y192_x192.png,C:\Users\zhang\Desktop\vessel\images\36_training.tif,C:\Users\zhang\Desktop\vessel\1st_manual\36_manual1.gif,C:\Users\zhang\Desktop\vessel\mask\36_training_mask.gif,192,192,128,64,1.0,1651,671,9,28,9,10,0.40642034884057937,0.34104771658740585,0.34104771658740585,0.036512667116055636,0.3659528400802995,0.37452438473701477,0.42245686054229736,0.42245686054229736,0.6786836385726929,0.4336768388748169,0.33077242970466614,0.03518041968345642,0.6174611449241638,0.017021436244249344,0.018158983439207077,0.5530785918235779
36,36_y192_x256.png,C:\Users\zhang\Desktop\vessel\images\36_training.tif,C:\Users\zhang\Desktop\vessel\1st_manual\36_manual1.gif,C:\Users\zhang\Desktop\vessel\mask\36_training_mask.gif,192,256,128,64,1.0,1953,656,7,21,8,5,0.335893495463935,0.28960035297260794,0.28960035297260794,0.029344511747797078,0.3065967148925497,0.253243088722229,0.293276309967041,0.293276309967041,0.4836026728153229,0.2934013307094574,0.3051885664463043,0.0014081597328186035,0.5229422450065613,0.017021436244249344,-0.01561327651143074,0.45233413577079773
36,36_y192_x320.png,C:\Users\zhang\Desktop\vessel\images\36_training.tif,C:\Users\zhang\Desktop\vessel\1st_manual\36_manual1.gif,C:\Users\zhang\Desktop\vessel\mask\36_training_mask.gif,192,320,128,64,1.0,2098,595,6,15,5,5,0.2836034304880675,0.24967130280224306,0.24967130280224306,0.02310924330908835,0.2612107325697513,0.16332268714904785,0.19301742315292358,0.19301742315292358,0.3139101564884186,0.186141237616539,0.29428061842918396,-0.033069878816604614,0.4264480173587799,0.017021436244249344,-0.05009131506085396,0.34948432445526123
36,36_y192_x384.png,C:\Users\zhang\Desktop\vessel\images\36_training.tif,C:\Users\zhang\Desktop\vessel\1st_manual\36_manual1.gif,C:\Users\zhang\Desktop\vessel\mask\36_training_mask.gif,192,384,128,64,1.0,3904,733,18,17,2,13,0.18775614706005084,0.17206593645356905,0.17206593645356905,0.032810367901632095,0.18335702981032992,0.0,0.0,0.0,0.5779257416725159,0.002150623593479395,0.19968174397945404,-0.016324713826179504,0.47331297397613525,0.017021436244249344,-0.03334615007042885,0.3994360566139221
36,36_y192_x437.png,C:\Users\zhang\Desktop\vessel\images\36_training.tif,C:\Users\zhang\Desktop\vessel\1st_manual\36_manual1.gif,C:\Users\zhang\Desktop\vessel\mask\36_training_mask.gif,192,437,128,64,0.819275,3857,635,16,17,2,13,0.1646357268223082,0.15240835728359728,0.15240835728359728,0.03472440890197781,0.162992937520386,0.0,0.0,0.0,0.6300163865089417,0.0,0.2015269249677658,-0.03853398561477661,0.4111555516719818,-0.04689362645149231,0.008359640836715698,0.5238466262817383
36,36_y256_x0.png,C:\Users\zhang\Desktop\vessel\images\36_training.tif,C:\Users\zhang\Desktop\vessel\1st_manual\36_manual1.gif,C:\Users\zhang\Desktop\vessel\mask\36_training_mask.gif,256,0,128,64,0.903198,1304,532,7,18,6,6,0.40797545699405324,0.34215282647174894,0.34215282647174894,0.031203006932274305,0.36350522050433937,0.37719863653182983,0.4252317547798157,0.4252317547798157,0.534181535243988,0.42789238691329956,0.3667018711566925,-0.0031966567039489746,0.5100546479225159,-0.03770974650979042,0.034513089805841446,0.60186368227005
36,36_y256_x64.png,C:\Users\zhang\Desktop\vessel\images\36_training.tif,C:\Users\zhang\Desktop\vessel\1st_manual\36_manual1.gif,C:\Users\zhang\Desktop\vessel\mask\36_training_mask.gif,256,64,128,64,1.0,1720,691,14,30,8,14,0.4017441837107896,0.33771730670737543,0.33771730670737543,0.04254703266936277,0.3664550452703513,0.36648303270339966,0.4140944480895996,0.4140944480895996,0.8429086208343506,0.4348636865615845,0.32453709840774536,0.04191794991493225,0.6363175511360168,0.017021436244249344,0.024896513670682907,0.5731769800186157
36,36_y256_x128.png,C:\Users\zhang\Desktop\vessel\images\36_training.tif,C:\Users\zhang\Desktop\vessel\1st_manual\36_manual1.gif,C:\Users\zhang\Desktop\vessel\mask\36_training_mask.gif,256,128,128,64,1.0,1616,690,9,32,12,8,0.4269801953775978,0.35556045989635826,0.35556045989635826,0.041014492159210256,0.38472672328544705,0.40988004207611084,0.45889729261398315,0.45889729261398315,0.8012006282806396,0.47804489731788635,0.33403557538986206,0.050691157579422,0.6608712673187256,0.017021436244249344,0.03366972133517265,0.5993478894233704
36,36_y256_x192.png,C:\Users\zhang\Desktop\vessel\images\36_training.tif,C:\Users\zhang\Desktop\vessel\1st_manual\36_manual1.gif,C:\Users\zhang\Desktop\vessel\mask\36_training_mask.gif,256,192,128,64,1.0,1431,600,5,32,13,6,0.4192872088100125,0.3501547799594965,0.3501547799594965,0.04183333263611112,0.37945106272783635,0.3966508209705353,0.4453240633010864,0.4453240633010864,0.8234853744506836,0.46557700634002686,0.352550208568573,0.02690085768699646,0.5942890048027039,0.017021436244249344,0.009879421442747116,0.5283802151679993
36,36_y256_x256.png,C:\Users\zhang\Desktop\vessel\images\36_training.tif,C:\Users\zhang\Desktop\vessel\1st_manual\36_manual1.gif,C:\Users\zhang\Desktop\vessel\mask\36_training_mask.gif,256,256,128,64,1.0,1733,679,7,23,8,7,0.39180611430002243,0.33060226650706653,0.33060226650706653,0.02938144286625268,0.3500294097167286,0.3493930697441101,0.396229088306427,0.396229088306427,0.4846077263355255,0.39604517817497253,0.3233903646469116,0.026639044284820557,0.59355628490448,0.017021436244249344,0.009617608040571213,0.5275992155075073
36,36_y256_x320.png,C:\Users\zhang\Desktop\vessel\images\36_training.tif,C:\Users\zhang\Desktop\vessel\1st_manual\36_manual1.gif,C:\Users\zhang\Desktop\vessel\mask\36_training_mask.gif,256,320,128,64,1.0,1905,676,8,16,5,6,0.35485564118186014,0.3036949107829359,0.3036949107829359,0.023816567695021187,0.3181608515855263,0.28585126996040344,0.32866671681404114,0.32866671681404114,0.3331598937511444,0.32073068618774414,0.3089786171913147,0.009182244539260864,0.5446996688842773,0.017021436244249344,-0.00783919170498848,0.4755246341228485
36,36_y256_x384.png,C:\Users\zhang\Desktop\vessel\images\36_training.tif,C:\Users\zhang\Desktop\vessel\1st_manual\36_manual1.gif,C:\Users\zhang\Desktop\vessel\mask\36_training_mask.gif,256,384,128,64,1.0,3643,809,18,18,3,12,0.2220697221463911,0.20054591488806273,0.20054591488806273,0.031149566982081992,0.21303975170564,0.05750645697116852,0.06966717541217804,0.06966717541217804,0.5327271223068237,0.07229940593242645,0.21022295951843262,0.00281679630279541,0.5268846154212952,0.017021436244249344,-0.014204639941453934,0.4565361738204956
36,36_y256_x437.png,C:\Users\zhang\Desktop\vessel\images\36_training.tif,C:\Users\zhang\Desktop\vessel\1st_manual\36_manual1.gif,C:\Users\zhang\Desktop\vessel\mask\36_training_mask.gif,256,437,128,64,0.841125,3631,715,16,17,3,11,0.19691544974685912,0.17974778894894333,0.17974778894894333,0.03195804151107634,0.19123656355045235,0.01424998976290226,0.017444593831896782,0.017444593831896782,0.554729700088501,0.020772233605384827,0.2107256054878235,-0.01948903501033783,0.4644569456577301,-0.047924403101205826,0.028435368090867996,0.5837335586547852
36,36_y320_x64.png,C:\Users\zhang\Desktop\vessel\images\36_training.tif,C:\Users\zhang\Desktop\vessel\1st_manual\36_manual1.gif,C:\Users\zhang\Desktop\vessel\mask\36_training_mask.gif,320,64,128,64,1.0,2214,743,17,20,3,14,0.33559168773445486,0.28937440544898907,0.28937440544898907,0.03351278555164488,0.30876989023688245,0.2527240812778473,0.29270899295806885,0.29270899295806885,0.5970420241355896,0.29853710532188416,0.28608372807502747,0.022686153650283813,0.582493245601654,0.017021436244249344,0.00566471740603447,0.5158075094223022
36,36_y320_x128.png,C:\Users\zhang\Desktop\vessel\images\36_training.tif,C:\Users\zhang\Desktop\vessel\1st_manual\36_manual1.gif,C:\Users\zhang\Desktop\vessel\mask\36_training_mask.gif,320,128,128,64,1.0,2134,753,13,19,5,9,0.35285848007095366,0.302219746579004,0.302219746579004,0.029415670260084056,0.31999973940191234,0.2824169099330902,0.32496270537376404,0.32496270537376404,0.4855392575263977,0.32507646083831787,0.2916892468929291,0.02831047773361206,0.5982341170310974,0.017021436244249344,0.011289041489362717,0.5325851440429688
36,36_y320_x192.png,C:\Users\zhang\Desktop\vessel\images\36_training.tif,C:\Users\zhang\Desktop\vessel\1st_manual\36_manual1.gif,C:\Users\zhang\Desktop\vessel\mask\36_training_mask.gif,320,192,128,64,1.0,2229,721,10,17,3,11,0.3234634350674588,0.2802521148515104,0.2802521148515104,0.023370318677249393,0.2933512773196162,0.23186780512332916,0.26980361342430115,0.26980361342430115,0.32101526856422424,0.262098491191864,0.2850552797317505,0.008295983076095581,0.5422192811965942,0.017021436244249344,-0.008725453168153763,0.47288087010383606
36,36_y320_x256.png,C:\Users\zhang\Desktop\vessel\images\36_training.tif,C:\Users\zhang\Desktop\vessel\1st_manual\36_manual1.gif,C:\Users\zhang\Desktop\vessel\mask\36_training_mask.gif,320,256,128,64,1.0,2003,724,10,18,4,10,0.3614578114754977,0.3085560458542924,0.3085560458542924,0.02486187810964257,0.3238986114583378,0.29720473289489746,0.3408726751804352,0.3408726751804352,0.36160799860954285,0.33429062366485596,0.3013383746147156,0.0225602388381958,0.5821408629417419,0.017021436244249344,0.005538802593946457,0.5154318809509277
36,36_y320_x320.png,C:\Users\zhang\Desktop\vessel\images\36_training.tif,C:\Users\zhang\Desktop\vessel\1st_manual\36_manual1.gif,C:\Users\zhang\Desktop\vessel\mask\36_training_mask.gif,320,320,128,64,1.0,2222,754,13,14,2,10,0.3393339318661839,0.29217242461317217,0.29217242461317217,0.023872678728479067,0.30612230146539426,0.2591594457626343,0.29973462224006653,0.29973462224006653,0.3346869945526123,0.2922801375389099,0.2855343520641327,0.020587950944900513,0.5766209959983826,0.017021436244249344,0.003566514700651169,0.5095484852790833
36,36_y320_x384.png,C:\Users\zhang\Desktop\vessel\images\36_training.tif,C:\Users\zhang\Desktop\vessel\1st_manual\36_manual1.gif,C:\Users\zhang\Desktop\vessel\mask\36_training_mask.gif,320,384,128,64,0.996033,3212,812,14,14,2,10,0.2528019917409651,0.22538263608468725,0.22538263608468725,0.023399014490159922,0.23593009921983932,0.11035507917404175,0.13203035295009613,0.13203035295009613,0.3217962086200714,0.12639585137367249,0.22940446436405182,0.006525635719299316,0.5372645854949951,0.013849387876689434,-0.007323752157390118,0.4770621955394745
36,36_y384_x64.png,C:\Users\zhang\Desktop\vessel\images\36_training.tif,C:\Users\zhang\Desktop\vessel\1st_manual\36_manual1.gif,C:\Users\zhang\Desktop\vessel\mask\36_training_mask.gif,384,64,128,64,0.929504,2122,585,10,15,2,11,0.2756833163257148,0.2434819694219637,0.2434819694219637,0.026239315790780926,0.25625956999201205,0.14970287680625916,0.1774764358997345,0.1774764358997345,0.3990948796272278,0.1744401901960373,0.29254814982414246,-0.03628858923912048,0.4174397885799408,-0.027515266090631485,-0.008773323148488998,0.4727380573749542
36,36_y384_x128.png,C:\Users\zhang\Desktop\vessel\images\36_training.tif,C:\Users\zhang\Desktop\vessel\1st_manual\36_manual1.gif,C:\Users\zhang\Desktop\vessel\mask\36_training_mask.gif,384,128,128,64,1.0,2441,643,10,16,3,10,0.2634166314485185,0.2338196634361205,0.2338196634361205,0.025660963831089213,0.24581973928898398,0.12860849499702454,0.15321511030197144,0.15321511030197144,0.3833550810813904,0.14976787567138672,0.271216481924057,-0.02539674937725067,0.4479229152202606,0.017021436244249344,-0.042418185621500015,0.37237367033958435
36,36_y384_x192.png,C:\Users\zhang\Desktop\vessel\images\36_training.tif,C:\Users\zhang\Desktop\vessel\1st_manual\36_manual1.gif,C:\Users\zhang\Desktop\vessel\mask\36_training_mask.gif,384,192,128,64,1.0,3024,720,11,15,2,11,0.2380952373078861,0.2135740996621209,0.2135740996621209,0.022708333017939817,0.22327392322038914,0.08506467938423157,0.10237997025251389,0.10237997025251389,0.302999347448349,0.09648565948009491,0.2385922372341156,-0.015318319201469421,0.47612956166267395,0.017021436244249344,-0.032339755445718765,0.4024381637573242
36,36_y384_x256.png,C:\Users\zhang\Desktop\vessel\images\36_training.tif,C:\Users\zhang\Desktop\vessel\1st_manual\36_manual1.gif,C:\Users\zhang\Desktop\vessel\mask\36_training_mask.gif,384,256,128,64,1.0,3212,739,14,18,3,12,0.2300747190844498,0.2070749147624182,0.2070749147624182,0.028687415038059338,0.21895580280993873,0.07127221673727036,0.08606098592281342,0.08606098592281342,0.4657198190689087,0.0862807109951973,0.22940446436405182,-0.010448664426803589,0.48975834250450134,0.017021436244249344,-0.027470100671052933,0.4169646203517914
36,36_y384_x320.png,C:\Users\zhang\Desktop\vessel\images\36_training.tif,C:\Users\zhang\Desktop\vessel\1st_manual\36_manual1.gif,C:\Users\zhang\Desktop\vessel\mask\36_training_mask.gif,384,320,128,64,0.999329,3162,693,11,15,2,11,0.2191650846958726,0.1981662676594909,0.1981662676594909,0.023593073252625205,0.2075169701976703,0.05251150578260422,0.06369203329086304,0.06369203329086304,0.3270775377750397,0.05924747511744499,0.23179446160793304,-0.024277493357658386,0.4510554075241089,0.01647929474711418,-0.04075678810477257,0.3773297071456909
36,36_y384_x384.png,C:\Users\zhang\Desktop\vessel\images\36_training.tif,C:\Users\zhang\Desktop\vessel\1st_manual\36_manual1.gif,C:\Users\zhang\Desktop\vessel\mask\36_training_mask.gif,384,384,128,64,0.855469,2574,602,8,18,5,8,0.2338772329686199,0.2101614334745651,0.2101614334745651,0.027906976280615014,0.22189137375271456,0.07781118899583817,0.0938110202550888,0.0938110202550888,0.44448021054267883,0.09321831166744232,0.26313528418540955,-0.041243910789489746,0.4035712480545044,-0.04729124903678894,0.006047338247299194,0.5169488787651062
36,36_y448_x192.png,C:\Users\zhang\Desktop\vessel\images\36_training.tif,C:\Users\zhang\Desktop\vessel\1st_manual\36_manual1.gif,C:\Users\zhang\Desktop\vessel\mask\36_training_mask.gif,448,192,128,64,0.901917,2524,639,8,12,3,6,0.25316957110471644,0.22567599884413542,0.22567599884413542,0.020500782151787446,0.2349290678225167,0.11098719388246536,0.1327669620513916,0.1327669620513916,0.24292099475860596,0.12403012067079544,0.26612329483032227,-0.031194224953651428,0.43169745802879333,-0.03811702877283096,0.006922803819179535,0.5195604562759399
36,36_y448_x256.png,C:\Users\zhang\Desktop\vessel\images\36_training.tif,C:\Users\zhang\Desktop\vessel\1st_manual\36_manual1.gif,C:\Users\zhang\Desktop\vessel\mask\36_training_mask.gif,448,256,128,64,0.88385,2792,665,11,13,1,11,0.23818051490623024,0.21364297535038104,0.21364297535038104,0.022330826731867266,0.22318462388044094,0.08521132916212082,0.10255290567874908,0.10255290567874908,0.292725533246994,0.09627465158700943,0.2507516145706177,-0.027566984295845032,0.4418490529060364,-0.04297921806573868,0.015412233769893646,0.5448848605155945
36,36_y456_x192.png,C:\Users\zhang\Desktop\vessel\images\36_training.tif,C:\Users\zhang\Desktop\vessel\1st_manual\36_manual1.gif,C:\Users\zhang\Desktop\vessel\mask\36_training_mask.gif,456,192,128,64,0.839417,2367,605,8,12,3,6,0.2555978020464816,0.22761179546364632,0.22761179546364632,0.021652892204084423,0.2374687028067512,0.11516289412975311,0.13762760162353516,0.13762760162353516,0.27427560091018677,0.1300320029258728,0.2759055495262146,-0.03843684494495392,0.41142740845680237,-0.04793062433600426,0.009493779391050339,0.5272297859191895
36,36_y456_x256.png,C:\Users\zhang\Desktop\vessel\images\36_training.tif,C:\Users\zhang\Desktop\vessel\1st_manual\36_manual1.gif,C:\Users\zhang\Desktop\vessel\mask\36_training_mask.gif,456,256,128,64,0.82135,2637,633,11,13,1,11,0.24004550534681263,0.21514807680392825,0.21514807680392825,0.023459715269198808,0.225242702049,0.08841843903064728,0.10633211582899094,0.10633211582899094,0.32344821095466614,0.10113846510648727,0.2594519555568695,-0.034209251403808594,0.42325925827026367,-0.04709503799676895,0.012885786592960358,0.5373483300209045
37,37_y64_x64.png,C:\Users\zhang\Desktop\vessel\images\37_training.tif,C:\Users\zhang\Desktop\vessel\1st_manual\37_manual1.gif,C:\Users\zhang\Desktop\vessel\mask\37_training_mask.gif,64,64,128,64,0.859558,2097,515,11,13,3,7,0.24558893540491683,0.21960845855416844,0.21960845855416844,0.03194174695258744,0.23363781417773852,0.09795117378234863,0.11753180623054504,0.11753180623054504,0.5542862415313721,0.12097850441932678,0.2943532466888428,-0.060715436935424805,0.3490760028362274,-0.046920597553253174,-0.01379483938217163,0.4577586054801941
37,37_y64_x128.png,C:\Users\zhang\Desktop\vessel\images\37_training.tif,C:\Users\zhang\Desktop\vessel\1st_manual\37_manual1.gif,C:\Users\zhang\Desktop\vessel\mask\37_training_mask.gif,64,128,128,64,0.99585,2555,610,13,11,2,7,0.23874755288161426,0.21410083118613507,0.21410083118613507,0.02778688479037894,0.2259992214455221,0.08618642389774323,0.10370257496833801,0.10370257496833801,0.44121190905570984,0.1029263362288475,0.2642638385295868,-0.03826461732387543,0.41190943121910095,0.01370498538017273,-0.05196960270404816,0.3438812792301178
37,37_y64_x192.png,C:\Users\zhang\Desktop\vessel\images\37_training.tif,C:\Users\zhang\Desktop\vessel\1st_manual\37_manual1.gif,C:\Users\zhang\Desktop\vessel\mask\37_training_mask.gif,64,192,128,64,1.0,2508,578,9,13,2,9,0.23046251901729456,0.2073901304234947,0.2073901304234947,0.02361591654643743,0.21718554644876675,0.07193910330533981,0.08685248345136642,0.08685248345136642,0.327699214220047,0.08209708333015442,0.2670919597148895,-0.0499064177274704,0.37932735681533813,0.017021436244249344,-0.06692785024642944,0.29926005005836487
37,37_y64_x256.png,C:\Users\zhang\Desktop\vessel\images\37_training.tif,C:\Users\zhang\Desktop\vessel\1st_manual\37_manual1.gif,C:\Users\zhang\Desktop\vessel\mask\37_training_mask.gif,64,256,128,64,1.0,2894,697,15,18,4,10,0.24084312287200024,0.21579108636396827,0.21579108636396827,0.03299856480633336,0.23003267865998922,0.08979005366563797,0.10794667899608612,0.10794667899608612,0.5830475687980652,0.11245855689048767,0.24528580904006958,-0.015253126621246338,0.4763120412826538,0.017021436244249344,-0.03227456286549568,0.4026326537132263
37,37_y64_x320.png,C:\Users\zhang\Desktop\vessel\images\37_training.tif,C:\Users\zhang\Desktop\vessel\1st_manual\37_manual1.gif,C:\Users\zhang\Desktop\vessel\mask\37_training_mask.gif,64,320,128,64,0.96814,2659,701,17,19,2,15,0.2636329437245846,0.23399086092960825,0.23399086092960825,0.03388017070071083,0.24984616155101108,0.12898051738739014,0.15364497900009155,0.15364497900009155,0.6070404052734375,0.15928347408771515,0.258186399936676,-0.008340239524841309,0.4956592321395874,-0.006212108768522739,-0.002128130756318569,0.4925610423088074
37,37_y128_x64.png,C:\Users\zhang\Desktop\vessel\images\37_training.tif,C:\Users\zhang\Desktop\vessel\1st_manual\37_manual1.gif,C:\Users\zhang\Desktop\vessel\mask\37_training_mask.gif,128,64,128,64,0.999817,1987,644,10,22,6,10,0.32410669187666485,0.28073803725659946,0.28073803725659946,0.03260869514582772,0.29904703940207644,0.23297397792339325,0.2710236608982086,0.2710236608982086,0.5724372863769531,0.27555927634239197,0.30255988240242004,-0.003512829542160034,0.5091697573661804,0.016873372718691826,-0.02038620226085186,0.43809622526168823
37,37_y128_x128.png,C:\Users\zhang\Desktop\vessel\images\37_training.tif,C:\Users\zhang\Desktop\vessel\1st_manual\37_manual1.gif,C:\Users\zhang\Desktop\vessel\mask\37_training_mask.gif,128,128,128,64,1.0,2395,719,16,21,3,15,0.30020876701374205,0.26252484158486644,0.26252484158486644,0.033727398696420045,0.28023340158456106,0.19187800586223602,0.22529169917106628,0.22529169917106628,0.6028827428817749,0.2310972660779953,0.27411431074142456,0.006119102239608765,0.5361267924308777,0.017021436244249344,-0.01090233400464058,0.4663871228694916
37,37_y128_x192.png,C:\Users\zhang\Desktop\vessel\images\37_training.tif,C:\Users\zhang\Desktop\vessel\1st_manual\37_manual1.gif,C:\Users\zhang\Desktop\vessel\mask\37_training_mask.gif,128,192,128,64,1.0,2168,615,12,17,3,11,0.2836715854074189,0.24972439794705253,0.24972439794705253,0.030650406005684458,0.2650327063202571,0.16343988478183746,0.19315074384212494,0.19315074384212494,0.5191425085067749,0.19517365097999573,0.2892816662788391,-0.024248957633972168,0.4511352777481079,0.017021436244249344,-0.04127039387822151,0.3757975995540619
37,37_y128_x256.png,C:\Users\zhang\Desktop\vessel\images\37_training.tif,C:\Users\zhang\Desktop\vessel\1st_manual\37_manual1.gif,C:\Users\zhang\Desktop\vessel\mask\37_training_mask.gif,128,256,128,64,1.0,2476,631,10,16,4,8,0.2548465256266295,0.22701327476832725,0.22701327476832725,0.027416798297673562,0.23946122909876238,0.11387094855308533,0.13612475991249084,0.13612475991249084,0.43114006519317627,0.1347409188747406,0.26904794573783875,-0.02958671748638153,0.4361964166164398,0.017021436244249344,-0.046608153730630875,0.35987478494644165
37,37_y128_x320.png,C:\Users\zhang\Desktop\vessel\images\37_training.tif,C:\Users\zhang\Desktop\vessel\1st_manual\37_manual1.gif,C:\Users\zhang\Desktop\vessel\mask\37_training_mask.gif,128,320,128,64,1.0,3171,722,13,14,1,12,0.22768842564588954,0.20513307248724216,0.20513307248724216,0.02382271435148595,0.21490672566705463,0.06716864556074142,0.08118516206741333,0.08118516206741333,0.33332717418670654,0.07671158015727997,0.2313614785671234,-0.016454756259918213,0.4729490280151367,0.017021436244249344,-0.03347619250416756,0.3990481197834015
37,37_y128_x384.png,C:\Users\zhang\Desktop\vessel\images\37_training.tif,C:\Users\zhang\Desktop\vessel\1st_manual\37_manual1.gif,C:\Users\zhang\Desktop\vessel\mask\37_training_mask.gif,128,384,128,64,0.967163,2988,659,7,13,5,3,0.22054886137701182,0.1993006439512318,0.1993006439512318,0.0213201817705587,0.20779889586329112,0.05489112064242363,0.06654038280248642,0.06654038280248642,0.26522088050842285,0.0599137581884861,0.24041660130023956,-0.03261770308017731,0.427713543176651,-0.006843621376901865,-0.02577408216893673,0.4220239222049713
37,37_y192_x0.png,C:\Users\zhang\Desktop\vessel\images\37_training.tif,C:\Users\zhang\Desktop\vessel\1st_manual\37_manual1.gif,C:\Users\zhang\Desktop\vessel\mask\37_training_mask.gif,192,0,128,64,0.908813,966,453,3,17,7,3,0.4689440945243883,0.38454383964277417,0.38454383964277417,0.028807946383930548,0.40669967627217385,0.4820431172847748,0.5316724181175232,0.5316724181175232,0.46900004148483276,0.5299732685089111,0.4123801589012146,-0.005680471658706665,0.5031031370162964,-0.03582685813307762,0.030146386474370956,0.5888376235961914
37,37_y192_x64.png,C:\Users\zhang\Desktop\vessel\images\37_training.tif,C:\Users\zhang\Desktop\vessel\1st_manual\37_manual1.gif,C:\Users\zhang\Desktop\vessel\mask\37_training_mask.gif,192,64,128,64,1.0,1471,641,10,24,9,6,0.4357579848011014,0.36169292216146653,0.36169292216146653,0.037597503313611495,0.3888904238404176,0.4249747693538666,0.4742954969406128,0.4742954969406128,0.7082074284553528,0.48788487911224365,0.3483520448207855,0.04053837060928345,0.6324564814567566,0.017021436244249344,0.023516934365034103,0.5690616369247437
37,37_y192_x128.png,C:\Users\zhang\Desktop\vessel\images\37_training.tif,C:\Users\zhang\Desktop\vessel\1st_manual\37_manual1.gif,C:\Users\zhang\Desktop\vessel\mask\37_training_mask.gif,192,128,128,64,1.0,1907,703,14,22,5,12,0.3686418438980501,0.31381889330389917,0.31381889330389917,0.03442389709212095,0.3354246318812126,0.3095587193965912,0.35408732295036316,0.35408732295036316,0.6218379735946655,0.3615299165248871,0.3088187873363495,0.026605844497680664,0.5934633612632751,0.017021436244249344,0.00958440825343132,0.5275001525878906
37,37_y192_x192.png,C:\Users\zhang\Desktop\vessel\images\37_training.tif,C:\Users\zhang\Desktop\vessel\1st_manual\37_manual1.gif,C:\Users\zhang\Desktop\vessel\mask\37_training_mask.gif,192,192,128,64,1.0,1404,509,6,17,6,5,0.3625356099534501,0.3093473829593809,0.3093473829593809,0.029960706680536214,0.3278839153658559,0.29905810952186584,0.34285968542099,0.34285968542099,0.5003724098205566,0.3437090814113617,0.3554507791996002,-0.027566850185394287,0.4418494403362274,0.017021436244249344,-0.04458828642964363,0.3659001588821411
37,37_y192_x256.png,C:\Users\zhang\Desktop\vessel\images\37_training.tif,C:\Users\zhang\Desktop\vessel\1st_manual\37_manual1.gif,C:\Users\zhang\Desktop\vessel\mask\37_training_mask.gif,192,256,128,64,1.0,1185,420,3,12,5,2,0.3544303767558618,0.30338097978659573,0.30338097978659573,0.02309523754535149,0.31739429137642156,0.28512001037597656,0.3278784453868866,0.3278784453868866,0.31352895498275757,0.3189190626144409,0.38127222657203674,-0.06387794017791748,0.34022507071495056,0.017021436244249344,-0.08089937269687653,0.25758227705955505
37,37_y192_x320.png,C:\Users\zhang\Desktop\vessel\images\37_training.tif,C:\Users\zhang\Desktop\vessel\1st_manual\37_manual1.gif,C:\Users\zhang\Desktop\vessel\mask\37_training_mask.gif,192,320,128,64,1.0,1938,567,4,15,5,5,0.2925696579330771,0.2566322199003109,0.2566322199003109,0.020723103690950553,0.2672686521071768,0.1787414401769638,0.210495725274086,0.210495725274086,0.24897146224975586,0.20045782625675201,0.3063628673553467,-0.03909420967102051,0.40958765149116516,0.017021436244249344,-0.05611564591526985,0.3315134346485138
37,37_y192_x384.png,C:\Users\zhang\Desktop\vessel\images\37_training.tif,C:\Users\zhang\Desktop\vessel\1st_manual\37_manual1.gif,C:\Users\zhang\Desktop\vessel\mask\37_training_mask.gif,192,384,128,64,1.0,3433,850,16,18,2,14,0.24759685334227538,0.22121918357958678,0.22121918357958678,0.026352940866435987,0.232878735706375,0.10140410810709,0.1215762197971344,0.1215762197971344,0.40218716859817505,0.11918458342552185,0.2192678451538086,0.013610884547233582,0.557094156742096,0.017021436244249344,-0.0034105516970157623,0.48873549699783325
37,37_y256_x0.png,C:\Users\zhang\Desktop\vessel\images\37_training.tif,C:\Users\zhang\Desktop\vessel\1st_manual\37_manual1.gif,C:\Users\zhang\Desktop\vessel\mask\37_training_mask.gif,256,0,128,64,0.926941,848,393,3,17,7,3,0.46344339076128077,0.3807921456782691,0.3807921456782691,0.03320610602528992,0.4060813944042496,0.4725838899612427,0.5222522020339966,0.5222522020339966,0.588695764541626,0.5285121202468872,0.4322111904621124,-0.02612978219985962,0.44587138295173645,-0.028662048280239105,0.002532266080379486,0.5064632296562195
37,37_y256_x64.png,C:\Users\zhang\Desktop\vessel\images\37_training.tif,C:\Users\zhang\Desktop\vessel\1st_manual\37_manual1.gif,C:\Users\zhang\Desktop\vessel\mask\37_training_mask.gif,256,64,128,64,1.0,1226,551,8,26,10,6,0.4494290338545756,0.3711697091293498,0.3711697091293498,0.04283121519362586,0.40296500849949923,0.4484841525554657,0.4980910122394562,0.4980910122394562,0.8506426811218262,0.5211471915245056,0.3760933578014374,0.02687165141105652,0.5942072868347168,0.017021436244249344,0.009850215166807175,0.5282930731773376
37,37_y256_x128.png,C:\Users\zhang\Desktop\vessel\images\37_training.tif,C:\Users\zhang\Desktop\vessel\1st_manual\37_manual1.gif,C:\Users\zhang\Desktop\vessel\mask\37_training_mask.gif,256,128,128,64,1.0,1461,646,10,29,10,9,0.44216289909539425,0.36614399995494706,0.36614399995494706,0.04125386933043546,0.3963537134154758,0.4359889030456543,0.48547181487083435,0.48547181487083435,0.8077152371406555,0.5055227875709534,0.34939080476760864,0.0469629168510437,0.6504369974136353,0.017021436244249344,0.029941480606794357,0.5882263779640198
37,37_y256_x192.png,C:\Users\zhang\Desktop\vessel\images\37_training.tif,C:\Users\zhang\Desktop\vessel\1st_manual\37_manual1.gif,C:\Users\zhang\Desktop\vessel\mask\37_training_mask.gif,256,192,128,64,1.0,1175,559,8,22,6,10,0.47574467680217297,0.38916272801860224,0.38916272801860224,0.03398926593936912,0.41561743893123154,0.49373772740364075,0.5432701110839844,0.5432701110839844,0.6100094318389893,0.5510484576225281,0.382562518119812,0.03305491805076599,0.6115124821662903,0.017021436244249344,0.016033481806516647,0.5467380881309509
37,37_y256_x256.png,C:\Users\zhang\Desktop\vessel\images\37_training.tif,C:\Users\zhang\Desktop\vessel\1st_manual\37_manual1.gif,C:\Users\zhang\Desktop\vessel\mask\37_training_mask.gif,256,256,128,64,1.0,1088,478,6,23,9,5,0.43933823125608246,0.36418344632938005,0.36418344632938005,0.041317990767406054,0.39427810287553894,0.4311314821243286,0.48054903745651245,0.48054903745651245,0.8094603419303894,0.5006175637245178,0.3942745327949524,3.5762786865234375e-06,0.5190111994743347,0.017021436244249344,-0.01701785996556282,0.44814419746398926
37,37_y256_x320.png,C:\Users\zhang\Desktop\vessel\images\37_training.tif,C:\Users\zhang\Desktop\vessel\1st_manual\37_manual1.gif,C:\Users\zhang\Desktop\vessel\mask\37_training_mask.gif,256,320,128,64,1.0,1510,495,6,17,6,5,0.32781456736546644,0.28353440829671417,0.28353440829671417,0.03080808018569535,0.30100470986913186,0.23935022950172424,0.2780451774597168,0.2780451774597168,0.5234336256980896,0.2801857888698578,0.34436729550361633,-0.043362587690353394,0.39764168858528137,0.017021436244249344,-0.06038402393460274,0.3187806308269501
37,37_y256_x384.png,C:\Users\zhang\Desktop\vessel\images\37_training.tif,C:\Users\zhang\Desktop\vessel\1st_manual\37_manual1.gif,C:\Users\zhang\Desktop\vessel\mask\37_training_mask.gif,256,384,128,64,1.0,3125,749,16,15,2,11,0.239679999233024,0.21485328117775063,0.21485328117775063,0.028504672516626535,0.22710192601593956,0.08778989315032959,0.10559192299842834,0.10559192299842834,0.46074649691581726,0.10553233325481415,0.23358750343322754,-0.006485581398010254,0.5008499026298523,0.017021436244249344,-0.023507017642259598,0.4287866950035095
37,37_y256_x437.png,C:\Users\zhang\Desktop\vessel\images\37_training.tif,C:\Users\zhang\Desktop\vessel\1st_manual\37_manual1.gif,C:\Users\zhang\Desktop\vessel\mask\37_training_mask.gif,256,437,128,64,0.815552,3178,669,20,11,1,9,0.21050975390022103,0.19104155510842885,0.19104155510842885,0.03460388588036045,0.20426311545118617,0.03762738034129143,0.045802418142557144,0.045802418142557144,0.6267362833023071,0.05155770480632782,0.2310255765914917,-0.026762455701828003,0.4441007077693939,-0.0464777834713459,0.0197153277695179,0.5577211976051331
37,37_y320_x0.png,C:\Users\zhang\Desktop\vessel\images\37_training.tif,C:\Users\zhang\Desktop\vessel\1st_manual\37_manual1.gif,C:\Users\zhang\Desktop\vessel\mask\37_training_mask.gif,320,0,128,64,0.817871,920,426,6,11,2,7,0.4630434732277883,0.38051883672144243,0.38051883672144243,0.02335680696345524,0.39829424675196495,0.47189614176750183,0.5215659141540527,0.5215659141540527,0.32064753770828247,0.5101088285446167,0.4198070764541626,-0.02151283621788025,0.45879289507865906,-0.04674501717090607,0.025232180953025818,0.5741782784461975
37,37_y320_x64.png,C:\Users\zhang\Desktop\vessel\images\37_training.tif,C:\Users\zhang\Desktop\vessel\1st_manual\37_manual1.gif,C:\Users\zhang\Desktop\vessel\mask\37_training_mask.gif,320,64,128,64,1.0,1366,610,9,16,3,10,0.44655929394905347,0.3691878359171623,0.3691878359171623,0.02540983564901909,0.38794984038570657,0.44354912638664246,0.4931146502494812,0.4931146502494812,0.37652066349983215,0.4856620728969574,0.35962891578674316,0.02832093834877014,0.5982633829116821,0.017021436244249344,0.011299502104520798,0.532616376876831
37,37_y320_x128.png,C:\Users\zhang\Desktop\vessel\images\37_training.tif,C:\Users\zhang\Desktop\vessel\1st_manual\37_manual1.gif,C:\Users\zhang\Desktop\vessel\mask\37_training_mask.gif,320,128,128,64,1.0,1578,701,12,27,8,11,0.444233203775455,0.3675785258906185,0.3675785258906185,0.03758915780899918,0.39521246032442203,0.43954911828041077,0.48907381296157837,0.48907381296157837,0.7079803347587585,0.5028257369995117,0.33765938878059387,0.05755308270454407,0.6800758242607117,0.017021436244249344,0.040531646460294724,0.6198173761367798
37,37_y320_x192.png,C:\Users\zhang\Desktop\vessel\images\37_training.tif,C:\Users\zhang\Desktop\vessel\1st_manual\37_manual1.gif,C:\Users\zhang\Desktop\vessel\mask\37_training_mask.gif,320,192,128,64,1.0,1954,755,17,24,5,14,0.38638689669198106,0.32670100805605884,0.32670100805605884,0.03695364189465375,0.35084659217271086,0.34007391333580017,0.38643336296081543,0.38643336296081543,0.6906847953796387,0.39797642827033997,0.3051106035709381,0.04573598504066467,0.6470031142234802,0.017021436244249344,0.02871454879641533,0.5845663547515869
37,37_y320_x256.png,C:\Users\zhang\Desktop\vessel\images\37_training.tif,C:\Users\zhang\Desktop\vessel\1st_manual\37_manual1.gif,C:\Users\zhang\Desktop\vessel\mask\37_training_mask.gif,320,256,128,64,1.0,2086,625,14,17,2,13,0.299616489455338,0.2620692128327597,0.2620692128327597,0.03207999948672001,0.2788835732590798,0.19085948169231415,0.22414767742156982,0.22414767742156982,0.5580487847328186,0.2279072105884552,0.29515430331230164,-0.016270726919174194,0.47346407175064087,0.017021436244249344,-0.03329216316342354,0.39959707856178284
37,37_y320_x320.png,C:\Users\zhang\Desktop\vessel\images\37_training.tif,C:\Users\zhang\Desktop\vessel\1st_manual\37_manual1.gif,C:\Users\zhang\Desktop\vessel\mask\37_training_mask.gif,320,320,128,64,1.0,2198,502,7,12,3,6,0.22838944391087604,0.20570391618296693,0.20570391618296693,0.02410358517721942,0.21562031991297445,0.0683741346001625,0.08261851966381073,0.08261851966381073,0.34097111225128174,0.07839802652597427,0.28718847036361694,-0.07156814634799957,0.31870236992836,0.017021436244249344,-0.08858957886695862,0.23464196920394897
37,37_y320_x384.png,C:\Users\zhang\Desktop\vessel\images\37_training.tif,C:\Users\zhang\Desktop\vessel\1st_manual\37_manual1.gif,C:\Users\zhang\Desktop\vessel\mask\37_training_mask.gif,320,384,128,64,0.991638,2656,496,5,8,2,4,0.18674698724869357,0.17121593978897387,0.17121593978897387,0.015927419033721392,0.17666999582551668,0.0,0.0,0.0,0.11845710873603821,0.0,0.258358359336853,-0.08168835937976837,0.29037877917289734,0.010427809320390224,-0.09211616963148117,0.22412197291851044
37,37_y384_x64.png,C:\Users\zhang\Desktop\vessel\images\37_training.tif,C:\Users\zhang\Desktop\vessel\1st_manual\37_manual1.gif,C:\Users\zhang\Desktop\vessel\mask\37_training_mask.gif,384,64,128,64,0.933655,1492,637,12,18,2,14,0.42694369687035055,0.3555348821244013,0.3555348821244013,0.028885399860511776,0.3760744165934478,0.40981727838516235,0.45883309841156006,0.45883309841156006,0.47110795974731445,0.4575969874858856,0.34619346261024475,0.029880940914154053,0.6026294231414795,-0.025587616488337517,0.05546855926513672,0.6643750071525574
37,37_y384_x128.png,C:\Users\zhang\Desktop\vessel\images\37_training.tif,C:\Users\zhang\Desktop\vessel\1st_manual\37_manual1.gif,C:\Users\zhang\Desktop\vessel\mask\37_training_mask.gif,384,128,128,64,1.0,1620,704,11,23,7,9,0.43456789855205,0.3608636878754586,0.3608636878754586,0.03288352226017724,0.38459662610174317,0.42292821407318115,0.4722133278846741,0.4722133278846741,0.5799166560173035,0.4777373969554901,0.3336590826511383,0.050937533378601074,0.6615607738494873,0.017021436244249344,0.03391609713435173,0.6000828742980957
37,37_y384_x192.png,C:\Users\zhang\Desktop\vessel\images\37_training.tif,C:\Users\zhang\Desktop\vessel\1st_manual\37_manual1.gif,C:\Users\zhang\Desktop\vessel\mask\37_training_mask.gif,384,192,128,64,1.0,2160,703,12,24,8,8,0.32546296145618997,0.2817618032831144,0.2817618032831144,0.03598861968721736,0.3020422400445955,0.2353062927722931,0.27359429001808167,0.27359429001808167,0.664421796798706,0.2826377749443054,0.2898447513580322,0.012197494506835938,0.5531384944915771,0.017021436244249344,-0.004823941737413406,0.4845193028450012
37,37_y384_x256.png,C:\Users\zhang\Desktop\vessel\images\37_training.tif,C:\Users\zhang\Desktop\vessel\1st_manual\37_manual1.gif,C:\Users\zhang\Desktop\vessel\mask\37_training_mask.gif,384,256,128,64,1.0,2834,618,14,13,2,9,0.2180663365629275,0.19726463132098268,0.19726463132098268,0.030177993039191053,0.20917073266274908,0.050622038543224335,0.06142808496952057,0.06142808496952057,0.5062858462333679,0.06315578520298004,0.24847719073295593,-0.039306461811065674,0.40899360179901123,0.017021436244249344,-0.05632789805531502,0.3308802843093872
37,37_y384_x320.png,C:\Users\zhang\Desktop\vessel\images\37_training.tif,C:\Users\zhang\Desktop\vessel\1st_manual\37_manual1.gif,C:\Users\zhang\Desktop\vessel\mask\37_training_mask.gif,384,320,128,64,0.997192,2638,542,8,12,3,6,0.2054586800399595,0.18686014185086613,0.18686014185086613,0.02416974125148079,0.19589286440836698,0.028941340744495392,0.03530319407582283,0.03530319407582283,0.3427715301513672,0.03177640587091446,0.25939419865608215,-0.06350132822990417,0.3412790894508362,0.014767936430871487,-0.07826926559209824,0.26542800664901733
37,37_y384_x384.png,C:\Users\zhang\Desktop\vessel\images\37_training.tif,C:\Users\zhang\Desktop\vessel\1st_manual\37_manual1.gif,C:\Users\zhang\Desktop\vessel\mask\37_training_mask.gif,384,384,128,64,0.831848,1794,410,5,11,3,5,0.22853957509175266,0.20582612661713276,0.20582612661713276,0.023780487224866167,0.21561541776625756,0.06863230466842651,0.08292540162801743,0.08292540162801743,0.332177996635437,0.07838644087314606,0.31812185049057007,-0.10250642895698547,0.23211494088172913,-0.04778103530406952,-0.054725393652915955,0.3356606364250183
37,37_y448_x192.png,C:\Users\zhang\Desktop\vessel\images\37_training.tif,C:\Users\zhang\Desktop\vessel\1st_manual\37_manual1.gif,C:\Users\zhang\Desktop\vessel\mask\37_training_mask.gif,448,192,128,64,0.889954,2330,616,10,14,3,8,0.2643776812687653,0.23458004956541698,0.23458004956541698,0.025649350232965096,0.24661370126335636,0.13026119768619537,0.15512439608573914,0.15512439608573914,0.3830389976501465,0.1516442447900772,0.2783053517341614,-0.03169165551662445,0.43030527234077454,-0.04152074456214905,0.009829089045524597,0.5282300710678101
37,37_y448_x256.png,C:\Users\zhang\Desktop\vessel\images\37_training.tif,C:\Users\zhang\Desktop\vessel\1st_manual\37_manual1.gif,C:\Users\zhang\Desktop\vessel\mask\37_training_mask.gif,448,256,128,64,0.865601,2474,518,12,12,2,8,0.20937752542692994,0.19010578544214346,0.19010578544214346,0.031467180859706935,0.20206997170811258,0.03568036109209061,0.04345275089144707,0.04345275089144707,0.5413709878921509,0.04637465626001358,0.2691710293292999,-0.06710106134414673,0.33120447397232056,-0.04621834680438042,-0.02088271453976631,0.43661513924598694
37,37_y456_x192.png,C:\Users\zhang\Desktop\vessel\images\37_training.tif,C:\Users\zhang\Desktop\vessel\1st_manual\37_manual1.gif,C:\Users\zhang\Desktop\vessel\mask\37_training_mask.gif,456,192,128,64,0.827454,2272,590,9,13,3,7,0.25968309744857787,0.23086017936800587,0.23086017936800587,0.024491525008618224,0.24216841508097706,0.12218817323446274,0.14578403532505035,0.14578403532505035,0.3515288233757019,0.14113876223564148,0.2821449041366577,-0.039976492524147034,0.40711838006973267,-0.04756157472729683,0.0075850822031497955,0.5215360522270203
37,37_y456_x256.png,C:\Users\zhang\Desktop\vessel\images\37_training.tif,C:\Users\zhang\Desktop\vessel\1st_manual\37_manual1.gif,C:\Users\zhang\Desktop\vessel\mask\37_training_mask.gif,456,256,128,64,0.803101,2348,493,11,9,1,7,0.20996592755551136,0.19059220016714443,0.19059220016714443,0.027281946708276945,0.20099165266309102,0.03669220581650734,0.0446741096675396,0.0446741096675396,0.42747005820274353,0.04382627084851265,0.27713316679000854,-0.07614152133464813,0.3059028089046478,-0.04457899555563927,-0.031562525779008865,0.40475669503211975
38,38_y64_x64.png,C:\Users\zhang\Desktop\vessel\images\38_training.tif,C:\Users\zhang\Desktop\vessel\1st_manual\38_manual1.gif,C:\Users\zhang\Desktop\vessel\mask\38_training_mask.gif,64,64,128,64,0.812744,973,272,3,5,1,3,0.27954778746610703,0.2465067244674392,0.2465067244674392,0.014889705334937305,0.2538475494482407,0.15634839236736298,0.18507137894630432,0.18507137894630432,0.090215764939785,0.16873988509178162,0.4112810492515564,-0.15743350982666016,0.0783897265791893,-0.0461178794503212,-0.11131563037633896,0.16684897243976593
38,38_y64_x128.png,C:\Users\zhang\Desktop\vessel\images\38_training.tif,C:\Users\zhang\Desktop\vessel\1st_manual\38_manual1.gif,C:\Users\zhang\Desktop\vessel\mask\38_training_mask.gif,64,128,128,64,0.986206,1739,440,5,9,2,5,0.25301897496826353,0.2255558194291667,0.2255558194291667,0.018749999573863647,0.2340141624655254,0.11072822660207748,0.132465198636055,0.132465198636055,0.1952734887599945,0.12186794728040695,0.32286399602890015,-0.08884982764720917,0.2703358829021454,0.006333586294203997,-0.09518341720104218,0.21497221291065216
38,38_y64_x192.png,C:\Users\zhang\Desktop\vessel\images\38_training.tif,C:\Users\zhang\Desktop\vessel\1st_manual\38_manual1.gif,C:\Users\zhang\Desktop\vessel\mask\38_training_mask.gif,64,192,128,64,1.0,2005,517,7,12,2,8,0.2578553603099483,0.2294081757617712,0.2294081757617712,0.021856866114954236,0.239436463328373,0.11904509365558624,0.14213818311691284,0.14213818311691284,0.2798267602920532,0.13468238711357117,0.30118635296821594,-0.0617498904466629,0.34618085622787476,0.017021436244249344,-0.07877132296562195,0.2639303505420685
38,38_y64_x256.png,C:\Users\zhang\Desktop\vessel\images\38_training.tif,C:\Users\zhang\Desktop\vessel\1st_manual\38_manual1.gif,C:\Users\zhang\Desktop\vessel\mask\38_training_mask.gif,64,256,128,64,1.0,2251,569,9,13,2,9,0.2527765426353774,0.2253623221290563,0.2253623221290563,0.023989454762926982,0.23617496059302268,0.11031131446361542,0.1319793164730072,0.1319793164730072,0.33786502480506897,0.12697450816631317,0.28355929255485535,-0.04738433659076691,0.3863859474658966,0.017021436244249344,-0.06440576910972595,0.3067835569381714
38,38_y64_x320.png,C:\Users\zhang\Desktop\vessel\images\38_training.tif,C:\Users\zhang\Desktop\vessel\1st_manual\38_manual1.gif,C:\Users\zhang\Desktop\vessel\mask\38_training_mask.gif,64,320,128,64,0.967651,2831,656,10,10,1,8,0.23172023937929973,0.20841176089922545,0.20841176089922545,0.019512194824509225,0.2165449026639949,0.07410193234682083,0.08941774070262909,0.08941774070262909,0.21601662039756775,0.08058305829763412,0.24863854050636292,-0.03209364414215088,0.42918023467063904,-0.006528794765472412,-0.025564849376678467,0.4226480722427368
38,38_y128_x64.png,C:\Users\zhang\Desktop\vessel\images\38_training.tif,C:\Users\zhang\Desktop\vessel\1st_manual\38_manual1.gif,C:\Users\zhang\Desktop\vessel\mask\38_training_mask.gif,128,64,128,64,0.994751,1122,488,7,11,2,7,0.43493760753175037,0.3611213691943912,0.3611213691943912,0.022438524130358115,0.37732743030770377,0.42356395721435547,0.47286030650138855,0.47286030650138855,0.2956565320491791,0.4605582654476166,0.38958969712257385,-0.0122622549533844,0.4846826195716858,0.012841234914958477,-0.02510349079966545,0.4240243136882782
38,38_y128_x128.png,C:\Users\zhang\Desktop\vessel\images\38_training.tif,C:\Users\zhang\Desktop\vessel\1st_manual\38_manual1.gif,C:\Users\zhang\Desktop\vessel\mask\38_training_mask.gif,128,128,128,64,1.0,1720,674,9,14,3,8,0.39186046283802056,0.3306413146735757,0.3306413146735757,0.021958456647500645,0.34516206062184035,0.34948650002479553,0.3963271975517273,0.3963271975517273,0.2825915217399597,0.3845422565937042,0.32453709840774536,0.02062496542930603,0.5767245888710022,0.017021436244249344,0.0036035291850566864,0.5096588730812073
38,38_y128_x192.png,C:\Users\zhang\Desktop\vessel\images\38_training.tif,C:\Users\zhang\Desktop\vessel\1st_manual\38_manual1.gif,C:\Users\zhang\Desktop\vessel\mask\38_training_mask.gif,128,192,128,64,1.0,2353,794,13,13,3,7,0.3374415625268102,0.29075850726478014,0.29075850726478014,0.023236775525985194,0.3042710875959446,0.25590524077415466,0.29618439078330994,0.29618439078330994,0.3173809051513672,0.287905216217041,0.2768091559410095,0.0274619460105896,0.5958593487739563,0.017021436244249344,0.010440509766340256,0.530053973197937
38,38_y128_x256.png,C:\Users\zhang\Desktop\vessel\images\38_training.tif,C:\Users\zhang\Desktop\vessel\1st_manual\38_manual1.gif,C:\Users\zhang\Desktop\vessel\mask\38_training_mask.gif,128,256,128,64,1.0,2485,753,11,12,3,6,0.30301810743252267,0.2646831947710326,0.2646831947710326,0.021381141814327466,0.27600165261757,0.1967090368270874,0.23071114718914032,0.23071114718914032,0.2668799161911011,0.22109642624855042,0.2684952914714813,0.007506370544433594,0.5400093793869019,0.017021436244249344,-0.00951506569981575,0.4705254137516022
38,38_y128_x320.png,C:\Users\zhang\Desktop\vessel\images\38_training.tif,C:\Users\zhang\Desktop\vessel\1st_manual\38_manual1.gif,C:\Users\zhang\Desktop\vessel\mask\38_training_mask.gif,128,320,128,64,1.0,2576,727,9,13,3,7,0.28222049579883346,0.24859333731210853,0.24859333731210853,0.019876203302940806,0.2584755207364526,0.16094450652599335,0.19031070172786713,0.19031070172786713,0.2259230613708496,0.1796771138906479,0.2630169689655304,-0.004541456699371338,0.5062909126281738,0.017021436244249344,-0.021562892943620682,0.4345861077308655
38,38_y128_x384.png,C:\Users\zhang\Desktop\vessel\images\38_training.tif,C:\Users\zhang\Desktop\vessel\1st_manual\38_manual1.gif,C:\Users\zhang\Desktop\vessel\mask\38_training_mask.gif,128,384,128,64,0.973572,3402,772,13,10,1,8,0.22692533736941403,0.204511314137675,0.204511314137675,0.020466320978415532,0.21288250253539345,0.06585640460252762,0.0796239897608757,0.0796239897608757,0.2419830858707428,0.07192777097225189,0.22064970433712006,-0.007767200469970703,0.49726301431655884,-0.002613064367324114,-0.005154136102646589,0.4835343062877655
38,38_y192_x0.png,C:\Users\zhang\Desktop\vessel\images\38_training.tif,C:\Users\zhang\Desktop\vessel\1st_manual\38_manual1.gif,C:\Users\zhang\Desktop\vessel\mask\38_training_mask.gif,192,0,128,64,0.852173,630,306,1,14,6,2,0.4857142780045353,0.39589565190275855,0.39589565190275855,0.03006535849459613,0.4197011413045751,0.5108819007873535,0.5601760149002075,0.5601760149002075,0.5032204389572144,0.5606994032859802,0.4774313271045685,-0.05773019790649414,0.3574308454990387,-0.04752860963344574,-0.010201588273048401,0.4684774875640869
38,38_y192_x64.png,C:\Users\zhang\Desktop\vessel\images\38_training.tif,C:\Users\zhang\Desktop\vessel\1st_manual\38_manual1.gif,C:\Users\zhang\Desktop\vessel\mask\38_training_mask.gif,192,64,128,64,1.0,1107,533,7,17,5,7,0.4814814771320553,0.3930425851737446,0.3930425851737446,0.0289868662479012,0.4158287308660658,0.503602921962738,0.5530121922492981,0.5530121922492981,0.47386935353279114,0.5515478253364563,0.39163878560066223,0.02418994903564453,0.5867019295692444,0.017021436244249344,0.007168512791395187,0.5202934145927429
38,38_y192_x128.png,C:\Users\zhang\Desktop\vessel\images\38_training.tif,C:\Users\zhang\Desktop\vessel\1st_manual\38_manual1.gif,C:\Users\zhang\Desktop\vessel\mask\38_training_mask.gif,192,128,128,64,1.0,1472,713,8,26,9,8,0.484374996709409,0.39499380602404977,0.39499380602404977,0.03197755915880001,0.420255681623037,0.5085788369178772,0.5579115748405457,0.5579115748405457,0.555260956287384,0.5620099902153015,0.34824857115745544,0.07200711965560913,0.7205284833908081,0.017021436244249344,0.05498568341135979,0.6629345417022705
38,38_y192_x192.png,C:\Users\zhang\Desktop\vessel\images\38_training.tif,C:\Users\zhang\Desktop\vessel\1st_manual\38_manual1.gif,C:\Users\zhang\Desktop\vessel\mask\38_training_mask.gif,192,192,128,64,1.0,1409,634,9,25,9,7,0.4499645106461,0.3715390807164724,0.3715390807164724,0.036987381120072854,0.3990235958753957,0.4494049847126007,0.49901846051216125,0.49901846051216125,0.6916030645370483,0.5118324756622314,0.3549094498157501,0.044114142656326294,0.6424640417098999,0.017021436244249344,0.02709270641207695,0.5797283053398132
38,38_y192_x256.png,C:\Users\zhang\Desktop\vessel\images\38_training.tif,C:\Users\zhang\Desktop\vessel\1st_manual\38_manual1.gif,C:\Users\zhang\Desktop\vessel\mask\38_training_mask.gif,192,256,128,64,1.0,1425,570,9,26,10,6,0.39999999719298246,0.3364722346162004,0.3364722346162004,0.04315789397968607,0.3655151006735485,0.3634836673736572,0.41096821427345276,0.41096821427345276,0.8595332503318787,0.4326423406600952,0.35319000482559204,0.012325108051300049,0.5534956455230713,0.017021436244249344,-0.004696328192949295,0.48489996790885925
38,38_y192_x320.png,C:\Users\zhang\Desktop\vessel\images\38_training.tif,C:\Users\zhang\Desktop\vessel\1st_manual\38_manual1.gif,C:\Users\zhang\Desktop\vessel\mask\38_training_mask.gif,192,320,128,64,1.0,1951,691,11,20,5,10,0.3541773431359439,0.30319414311859416,0.30319414311859416,0.02966714862999785,0.32118395453388254,0.2846848964691162,0.3274093270301819,0.3274093270301819,0.49238321185112,0.3278751075267792,0.3053446114063263,0.015839338302612305,0.5633309483528137,0.017021436244249344,-0.0011820979416370392,0.4953831136226654
38,38_y192_x384.png,C:\Users\zhang\Desktop\vessel\images\38_training.tif,C:\Users\zhang\Desktop\vessel\1st_manual\38_manual1.gif,C:\Users\zhang\Desktop\vessel\mask\38_training_mask.gif,192,384,128,64,1.0,3425,893,18,17,3,11,0.260729926246044,0.23169085977460596,0.23169085977460596,0.02782754728076655,0.24458563648440454,0.12398836016654968,0.14786982536315918,0.14786982536315918,0.44231855869293213,0.1468513458967209,0.21962325274944305,0.024962380528450012,0.588863730430603,0.017021436244249344,0.007940944284200668,0.52259761095047
38,38_y192_x437.png,C:\Users\zhang\Desktop\vessel\images\38_training.tif,C:\Users\zhang\Desktop\vessel\1st_manual\38_manual1.gif,C:\Users\zhang\Desktop\vessel\mask\38_training_mask.gif,192,437,128,64,0.832031,3424,826,18,21,1,19,0.24123831705245818,0.21610952408921022,0.21610952408921022,0.029842614650815804,0.22900807058874123,0.09046965092420578,0.1087462529540062,0.1087462529540062,0.4971585273742676,0.11003708839416504,0.2196677327156067,0.009340330958366394,0.5451421141624451,-0.04778806120157242,0.05712839215993881,0.6693263649940491
38,38_y256_x0.png,C:\Users\zhang\Desktop\vessel\images\38_training.tif,C:\Users\zhang\Desktop\vessel\1st_manual\38_manual1.gif,C:\Users\zhang\Desktop\vessel\mask\38_training_mask.gif,256,0,128,64,0.87439,605,294,2,12,5,2,0.48595040519090243,0.3960545710353238,0.3960545710353238,0.029591835728168855,0.41949453464625913,0.5112879872322083,0.5605750679969788,0.5605750679969788,0.49033358693122864,0.560211181640625,0.48359155654907227,-0.06409701704978943,0.3396119177341461,-0.044868096709251404,-0.019228920340538025,0.4415484666824341
38,38_y256_x64.png,C:\Users\zhang\Desktop\vessel\images\38_training.tif,C:\Users\zhang\Desktop\vessel\1st_manual\38_manual1.gif,C:\Users\zhang\Desktop\vessel\mask\38_training_mask.gif,256,64,128,64,1.0,1196,595,10,24,8,8,0.4974916346363576,0.4037914647724037,0.4037914647724037,0.03915966320740062,0.43541614030542425,0.5311347842216492,0.5800018310546875,0.5800018310546875,0.7507215738296509,0.5978384613990784,0.3798654079437256,0.055550724267959595,0.6744717955589294,0.017021436244249344,0.03852928802371025,0.6138442754745483
38,38_y256_x128.png,C:\Users\zhang\Desktop\vessel\images\38_training.tif,C:\Users\zhang\Desktop\vessel\1st_manual\38_manual1.gif,C:\Users\zhang\Desktop\vessel\mask\38_training_mask.gif,256,128,128,64,1.0,1578,779,13,29,8,13,0.49366286125688935,0.40123139943585734,0.40123139943585734,0.03600770172005517,0.43012624053907067,0.5245506167411804,0.5735737085342407,0.5735737085342407,0.6649410724639893,0.5853369832038879,0.33765938878059387,0.09246686100959778,0.7777895927429199,0.017021436244249344,0.07544542849063873,0.7239670157432556
38,38_y256_x192.png,C:\Users\zhang\Desktop\vessel\images\38_training.tif,C:\Users\zhang\Desktop\vessel\1st_manual\38_manual1.gif,C:\Users\zhang\Desktop\vessel\mask\38_training_mask.gif,256,192,128,64,1.0,1685,733,11,21,5,11,0.4350148342135618,0.36117518658920705,0.36117518658920705,0.02844474722449185,0.3817222603617844,0.4236968159675598,0.47299546003341675,0.47299546003341675,0.459115594625473,0.47094449400901794,0.32766807079315186,0.054054200649261475,0.6702834367752075,0.017021436244249344,0.03703276440501213,0.6093800663948059
38,38_y256_x256.png,C:\Users\zhang\Desktop\vessel\images\38_training.tif,C:\Users\zhang\Desktop\vessel\1st_manual\38_manual1.gif,C:\Users\zhang\Desktop\vessel\mask\38_training_mask.gif,256,256,128,64,1.0,1361,628,7,26,11,4,0.46142541909312695,0.37941227388261967,0.37941227388261967,0.03726114590348494,0.40768694607204625,0.46911367774009705,0.5187874436378479,0.5187874436378479,0.6990535259246826,0.5323064923286438,0.360187292098999,0.047499656677246094,0.6519391536712646,0.017021436244249344,0.03047822043299675,0.5898274779319763
38,38_y256_x320.png,C:\Users\zhang\Desktop\vessel\images\38_training.tif,C:\Users\zhang\Desktop\vessel\1st_manual\38_manual1.gif,C:\Users\zhang\Desktop\vessel\mask\38_training_mask.gif,256,320,128,64,1.0,1767,659,11,19,7,5,0.3729484981723345,0.316960615647001,0.316960615647001,0.03300455185122077,0.3378829017948336,0.31696462631225586,0.36197590827941895,0.36197590827941895,0.5832104682922363,0.36733952164649963,0.3204313814640045,0.01745152473449707,0.5678430199623108,0.017021436244249344,0.00043008849024772644,0.5001923441886902
38,38_y256_x384.png,C:\Users\zhang\Desktop\vessel\images\38_training.tif,C:\Users\zhang\Desktop\vessel\1st_manual\38_manual1.gif,C:\Users\zhang\Desktop\vessel\mask\38_training_mask.gif,256,384,128,64,1.0,2952,793,12,19,5,9,0.268631435404365,0.2379387095136498,0.2379387095136498,0.02667086977716432,0.25063077418641994,0.1375761330127716,0.16355770826339722,0.16355770826339722,0.41083961725234985,0.16113772988319397,0.242263063788414,0.00836770236492157,0.542419970035553,0.017021436244249344,-0.008653733879327774,0.4730948209762573
38,38_y256_x437.png,C:\Users\zhang\Desktop\vessel\images\38_training.tif,C:\Users\zhang\Desktop\vessel\1st_manual\38_manual1.gif,C:\Users\zhang\Desktop\vessel\mask\38_training_mask.gif,256,437,128,64,0.857605,2718,644,11,17,3,11,0.23693892480890755,0.21263971855271602,0.21263971855271602,0.02771739087395356,0.22442735494162222,0.08307622373104095,0.10003381967544556,0.10003381967544556,0.4393206536769867,0.09921156615018845,0.25484341382980347,-0.030416056513786316,0.43387532234191895,-0.047108154743909836,0.01669209823012352,0.5487027764320374
38,38_y320_x64.png,C:\Users\zhang\Desktop\vessel\images\38_training.tif,C:\Users\zhang\Desktop\vessel\1st_manual\38_manual1.gif,C:\Users\zhang\Desktop\vessel\mask\38_training_mask.gif,320,64,128,64,1.0,1469,620,10,18,5,8,0.42205581741282633,0.35210358336231595,0.35210358336231595,0.03032258015608742,0.37345696162181485,0.40141183137893677,0.4502173662185669,0.4502173662185669,0.5102207064628601,0.4514111876487732,0.3485592305660248,0.024897724390029907,0.5886828303337097,0.017021436244249344,0.007876288145780563,0.5224047303199768
38,38_y320_x128.png,C:\Users\zhang\Desktop\vessel\images\38_training.tif,C:\Users\zhang\Desktop\vessel\1st_manual\38_manual1.gif,C:\Users\zhang\Desktop\vessel\mask\38_training_mask.gif,320,128,128,64,1.0,2042,801,15,19,3,13,0.3922624858361289,0.3309301115466404,0.3309301115466404,0.028152309261519237,0.34956300523506056,0.3501778542995453,0.3970523178577423,0.3970523178577423,0.4511569142341614,0.3949429392814636,0.2984013259410858,0.05116167664527893,0.6621881127357483,0.017021436244249344,0.03414024040102959,0.600751519203186
38,38_y320_x192.png,C:\Users\zhang\Desktop\vessel\images\38_training.tif,C:\Users\zhang\Desktop\vessel\1st_manual\38_manual1.gif,C:\Users\zhang\Desktop\vessel\mask\38_training_mask.gif,320,192,128,64,1.0,2410,864,15,17,3,11,0.3585062225788123,0.3063857303513697,0.3063857303513697,0.025289351559151022,0.32188232324649574,0.2921290397644043,0.33542317152023315,0.33542317152023315,0.373241662979126,0.32952558994293213,0.2731632888317108,0.048719048500061035,0.6553518772125244,0.017021436244249344,0.03169761225581169,0.5934650301933289
38,38_y320_x256.png,C:\Users\zhang\Desktop\vessel\images\38_training.tif,C:\Users\zhang\Desktop\vessel\1st_manual\38_manual1.gif,C:\Users\zhang\Desktop\vessel\mask\38_training_mask.gif,320,256,128,64,1.0,2569,876,16,21,3,15,0.34098871023359784,0.2934071853480678,0.2934071853480678,0.02768264808581452,0.30965176106374764,0.2620050609111786,0.30283495783805847,0.30283495783805847,0.4383751451969147,0.30062124133110046,0.26343145966529846,0.04622030258178711,0.6483585834503174,0.017021436244249344,0.029198866337537766,0.5860111117362976
38,38_y320_x320.png,C:\Users\zhang\Desktop\vessel\images\38_training.tif,C:\Users\zhang\Desktop\vessel\1st_manual\38_manual1.gif,C:\Users\zhang\Desktop\vessel\mask\38_training_mask.gif,320,320,128,64,1.0,2976,770,16,14,2,10,0.25873655827037445,0.23010848636035042,0.23010848636035042,0.027272726918536015,0.24265985818063743,0.12056043744087219,0.14389660954475403,0.14389660954475403,0.4272191524505615,0.14230017364025116,0.24102960526943207,0.001630246639251709,0.523563802242279,0.017021436244249344,-0.015391189604997635,0.4529966413974762
38,38_y320_x384.png,C:\Users\zhang\Desktop\vessel\images\38_training.tif,C:\Users\zhang\Desktop\vessel\1st_manual\38_manual1.gif,C:\Users\zhang\Desktop\vessel\mask\38_training_mask.gif,320,384,128,64,0.998352,2795,692,11,14,1,12,0.24758497228055465,0.22120966037642875,0.22120966037642875,0.02196531760165726,0.23092754126987472,0.10138365626335144,0.12155231088399887,0.12155231088399887,0.28277823328971863,0.11457336694002151,0.2505880296230316,-0.01966048777103424,0.4639770984649658,0.01569402776658535,-0.03535451740026474,0.3934449553489685
38,38_y384_x64.png,C:\Users\zhang\Desktop\vessel\images\38_training.tif,C:\Users\zhang\Desktop\vessel\1st_manual\38_manual1.gif,C:\Users\zhang\Desktop\vessel\mask\38_training_mask.gif,384,64,128,64,0.92218,1653,495,4,11,3,5,0.29945553357861143,0.2619453564136178,0.2619453564136178,0.017676767319661266,0.2712060506451964,0.19058267772197723,0.22383667528629303,0.22383667528629303,0.1660655289888382,0.20976302027702332,0.33058807253837585,-0.05938202142715454,0.3528078496456146,-0.03070431388914585,-0.02867770753800869,0.4133622646331787
38,38_y384_x128.png,C:\Users\zhang\Desktop\vessel\images\38_training.tif,C:\Users\zhang\Desktop\vessel\1st_manual\38_manual1.gif,C:\Users\zhang\Desktop\vessel\mask\38_training_mask.gif,384,128,128,64,1.0,2533,655,8,15,4,7,0.25858665511809453,0.22998938909730543,0.22998938909730543,0.022824427132451496,0.2404881412026824,0.12030265480279922,0.1435975730419159,0.1435975730419159,0.3061588704586029,0.1371677964925766,0.2655811011791229,-0.0250929594039917,0.4487731456756592,0.017021436244249344,-0.04211439564824104,0.3732798993587494
38,38_y384_x192.png,C:\Users\zhang\Desktop\vessel\images\38_training.tif,C:\Users\zhang\Desktop\vessel\1st_manual\38_manual1.gif,C:\Users\zhang\Desktop\vessel\mask\38_training_mask.gif,384,192,128,64,1.0,3087,752,14,19,3,13,0.24360220199675345,0.21801216986409241,0.21801216986409241,0.02865691451254103,0.23050728209307017,0.09453470259904861,0.11352364718914032,0.11352364718914032,0.4648897349834442,0.11358018219470978,0.23545123636722565,-0.004943951964378357,0.5051644444465637,0.017021436244249344,-0.0219653882086277,0.4333854615688324
38,38_y384_x256.png,C:\Users\zhang\Desktop\vessel\images\38_training.tif,C:\Users\zhang\Desktop\vessel\1st_manual\38_manual1.gif,C:\Users\zhang\Desktop\vessel\mask\38_training_mask.gif,384,256,128,64,1.0,3304,828,19,20,2,16,0.2506053261180226,0.22362769499216162,0.22362769499216162,0.03152173874973745,0.2377259625496594,0.10657759010791779,0.12762382626533508,0.12762382626533508,0.5428557395935059,0.1306399703025818,0.2251024842262268,0.01262347400188446,0.5543307065963745,0.017021436244249344,-0.004397962242364883,0.4857900142669678
38,38_y384_x320.png,C:\Users\zhang\Desktop\vessel\images\38_training.tif,C:\Users\zhang\Desktop\vessel\1st_manual\38_manual1.gif,C:\Users\zhang\Desktop\vessel\mask\38_training_mask.gif,384,320,128,64,0.999939,2900,690,15,18,3,12,0.23793103366230675,0.21344146484499862,0.21344146484499862,0.03217391257718967,0.2271759589055392,0.08478229492902756,0.10204692929983139,0.10204692929983139,0.5606046915054321,0.1057073175907135,0.24497032165527344,-0.017794355750083923,0.46919986605644226,0.016972079873085022,-0.034766435623168945,0.3951992392539978
38,38_y384_x384.png,C:\Users\zhang\Desktop\vessel\images\38_training.tif,C:\Users\zhang\Desktop\vessel\1st_manual\38_manual1.gif,C:\Users\zhang\Desktop\vessel\mask\38_training_mask.gif,384,384,128,64,0.872009,1524,437,5,16,5,6,0.28674540494261547,0.252116088487514,0.252116088487514,0.029977116018830297,0.2672315149571217,0.16872575879096985,0.19915607571601868,0.19915607571601868,0.5008189678192139,0.20037007331848145,0.3429619073867798,-0.07573038339614868,0.30705344676971436,-0.04527238756418228,-0.0304579958319664,0.4080515205860138
38,38_y448_x192.png,C:\Users\zhang\Desktop\vessel\images\38_training.tif,C:\Users\zhang\Desktop\vessel\1st_manual\38_manual1.gif,C:\Users\zhang\Desktop\vessel\mask\38_training_mask.gif,448,192,128,64,0.911743,2503,581,12,13,1,11,0.23212145332752115,0.2087374424987823,0.2087374424987823,0.027280550304981922,0.22012638710002488,0.07479187846183777,0.09023550152778625,0.09023550152778625,0.4274320602416992,0.0890471562743187,0.26739591360092163,-0.04726952314376831,0.38670727610588074,-0.03478117287158966,-0.01248835027217865,0.46165594458580017
38,38_y448_x256.png,C:\Users\zhang\Desktop\vessel\images\38_training.tif,C:\Users\zhang\Desktop\vessel\1st_manual\38_manual1.gif,C:\Users\zhang\Desktop\vessel\mask\38_training_mask.gif,448,256,128,64,0.898499,2185,577,10,14,2,10,0.26407322533604927,0.23433922548345262,0.23433922548345262,0.025996533344947434,0.24652324046207208,0.12973763048648834,0.1545196771621704,0.1545196771621704,0.39248761534690857,0.15143048763275146,0.2880919873714447,-0.04156874120235443,0.40266212821006775,-0.039163198322057724,-0.002405542880296707,0.49173349142074585
38,38_y456_x192.png,C:\Users\zhang\Desktop\vessel\images\38_training.tif,C:\Users\zhang\Desktop\vessel\1st_manual\38_manual1.gif,C:\Users\zhang\Desktop\vessel\mask\38_training_mask.gif,456,192,128,64,0.849243,2383,550,11,14,2,10,0.2308015097322639,0.20766559109179616,0.20766559109179616,0.029090908561983483,0.21974795253563956,0.07252203673124313,0.08754415065050125,0.08754415065050125,0.47670087218284607,0.08815278112888336,0.2748793959617615,-0.0551314502954483,0.3647039830684662,-0.047693587839603424,-0.007437862455844879,0.476721853017807
38,38_y456_x256.png,C:\Users\zhang\Desktop\vessel\images\38_training.tif,C:\Users\zhang\Desktop\vessel\1st_manual\38_manual1.gif,C:\Users\zhang\Desktop\vessel\mask\38_training_mask.gif,456,256,128,64,0.835999,1981,539,9,14,3,8,0.27208480428023823,0.24065713272721645,0.24065713272721645,0.027458255520255,0.25387318281360816,0.1435147076845169,0.1703834980726242,0.1703834980726242,0.43226829171180725,0.1688004583120346,0.3030204772949219,-0.04914730787277222,0.38145190477371216,-0.04789886996150017,-0.001248437911272049,0.4951851963996887
39,39_y64_x64.png,C:\Users\zhang\Desktop\vessel\images\39_training.tif,C:\Users\zhang\Desktop\vessel\1st_manual\39_manual1.gif,C:\Users\zhang\Desktop\vessel\mask\39_training_mask.gif,64,64,128,64,0.821655,2065,511,8,18,4,10,0.24745762592030202,0.22110758086848364,0.22110758086848364,0.0313111539860831,0.23495384789261045,0.10116466879844666,0.12129601091146469,0.12129601091146469,0.537124752998352,0.12408868968486786,0.29669538140296936,-0.061741530895233154,0.3462042510509491,-0.047122810035943985,-0.01461872085928917,0.4553009271621704
39,39_y64_x128.png,C:\Users\zhang\Desktop\vessel\images\39_training.tif,C:\Users\zhang\Desktop\vessel\1st_manual\39_manual1.gif,C:\Users\zhang\Desktop\vessel\mask\39_training_mask.gif,64,128,128,64,0.988342,2918,687,10,21,6,9,0.23543522880248377,0.21142331998323877,0.21142331998323877,0.030058223725498927,0.22413333888892664,0.08049040287733078,0.0969795361161232,0.0969795361161232,0.5030263066291809,0.09851672500371933,0.2440277487039566,-0.01989440619945526,0.46332240104675293,0.007925767451524734,-0.027820173650979996,0.41592031717300415
39,39_y64_x192.png,C:\Users\zhang\Desktop\vessel\images\39_training.tif,C:\Users\zhang\Desktop\vessel\1st_manual\39_manual1.gif,C:\Users\zhang\Desktop\vessel\mask\39_training_mask.gif,64,192,128,64,1.0,2721,731,12,24,6,12,0.2686512301776875,0.23795431264182418,0.23795431264182418,0.03242134018575458,0.25338390807948014,0.13761016726493835,0.16359691321849823,0.16359691321849823,0.5673384070396423,0.1676441878080368,0.25467538833618164,-0.0012914836406707764,0.515386700630188,0.017021436244249344,-0.01831291988492012,0.4442809522151947
39,39_y64_x256.png,C:\Users\zhang\Desktop\vessel\images\39_training.tif,C:\Users\zhang\Desktop\vessel\1st_manual\39_manual1.gif,C:\Users\zhang\Desktop\vessel\mask\39_training_mask.gif,64,256,128,64,1.0,2535,773,14,21,3,15,0.3049309652665445,0.2661501391964998,0.2661501391964998,0.028783958230479197,0.28147184817583637,0.19999848306179047,0.23439458012580872,0.23439458012580872,0.4683472216129303,0.2340240329504013,0.26546087861061096,0.016010969877243042,0.5638113021850586,0.017021436244249344,-0.0010104663670063019,0.4958950877189636
39,39_y64_x320.png,C:\Users\zhang\Desktop\vessel\images\39_training.tif,C:\Users\zhang\Desktop\vessel\1st_manual\39_manual1.gif,C:\Users\zhang\Desktop\vessel\mask\39_training_mask.gif,64,320,128,64,0.970581,1879,692,9,27,9,9,0.36828099857221397,0.3135552064199816,0.3135552064199816,0.03489884342631729,0.33544063452869666,0.3089381754398346,0.35342520475387573,0.35342520475387573,0.6347635388374329,0.36156773567199707,0.31107157468795776,0.02436906099319458,0.5872032046318054,-0.00461322208866477,0.028982283547520638,0.5853649973869324
39,39_y128_x64.png,C:\Users\zhang\Desktop\vessel\images\39_training.tif,C:\Users\zhang\Desktop\vessel\1st_manual\39_manual1.gif,C:\Users\zhang\Desktop\vessel\mask\39_training_mask.gif,128,64,128,64,0.996155,3312,717,11,18,5,8,0.216485506592737,0.19596596914887873,0.19596596914887873,0.027615062376358964,0.20678919407225857,0.04790356382727623,0.058167267590761185,0.058167267590761185,0.4365358054637909,0.05752754211425781,0.22473406791687012,-0.01794487237930298,0.4687786102294922,0.013945765793323517,-0.031890638172626495,0.40377792716026306
39,39_y128_x128.png,C:\Users\zhang\Desktop\vessel\images\39_training.tif,C:\Users\zhang\Desktop\vessel\1st_manual\39_manual1.gif,C:\Users\zhang\Desktop\vessel\mask\39_training_mask.gif,128,128,128,64,1.0,2558,644,9,18,5,8,0.2517591858805348,0.22454991063161592,0.22454991063161592,0.02763975112360635,0.23696291792098775,0.10856181383132935,0.12993942201137543,0.12993942201137543,0.4372076690196991,0.12883667647838593,0.2640850841999054,-0.027122169733047485,0.4430939555168152,0.017021436244249344,-0.04414360597729683,0.36722666025161743
39,39_y128_x192.png,C:\Users\zhang\Desktop\vessel\images\39_training.tif,C:\Users\zhang\Desktop\vessel\1st_manual\39_manual1.gif,C:\Users\zhang\Desktop\vessel\mask\39_training_mask.gif,128,192,128,64,1.0,1689,661,9,26,9,8,0.39135582953608156,0.33027868866506066,0.33027868866506066,0.03600605089249545,0.3540627512106223,0.348618745803833,0.39541664719581604,0.39541664719581604,0.6648961901664734,0.4055771827697754,0.32730695605278015,0.026755809783935547,0.5938830375671387,0.017021436244249344,0.009734373539686203,0.5279474854469299
39,39_y128_x256.png,C:\Users\zhang\Desktop\vessel\images\39_training.tif,C:\Users\zhang\Desktop\vessel\1st_manual\39_manual1.gif,C:\Users\zhang\Desktop\vessel\mask\39_training_mask.gif,128,256,128,64,1.0,2121,749,14,14,2,10,0.35313531186640584,0.3024243529585477,0.3024243529585477,0.025367155869597386,0.3177676443590709,0.28289294242858887,0.32547640800476074,0.32547640800476074,0.37535908818244934,0.3198014199733734,0.2926199436187744,0.025147706270217896,0.5893824100494385,0.017021436244249344,0.008126270025968552,0.5231504440307617
39,39_y128_x320.png,C:\Users\zhang\Desktop\vessel\images\39_training.tif,C:\Users\zhang\Desktop\vessel\1st_manual\39_manual1.gif,C:\Users\zhang\Desktop\vessel\mask\39_training_mask.gif,128,320,128,64,1.0,2078,756,15,21,6,9,0.3638113553233332,0.31028324730771495,0.31028324730771495,0.0339285709797808,0.33133818166794826,0.30125194787979126,0.345209538936615,0.345209538936615,0.6083575487136841,0.35187244415283203,0.2957395315170288,0.03559863567352295,0.6186316013336182,0.017021436244249344,0.018577199429273605,0.5543261170387268
39,39_y128_x384.png,C:\Users\zhang\Desktop\vessel\images\39_training.tif,C:\Users\zhang\Desktop\vessel\1st_manual\39_manual1.gif,C:\Users\zhang\Desktop\vessel\mask\39_training_mask.gif,128,384,128,64,0.975525,1498,620,7,22,7,8,0.413885177477402,0.3463413601300549,0.3463413601300549,0.030322580156087416,0.3673452874378788,0.38736122846603394,0.4357488453388214,0.4357488453388214,0.5102207064628601,0.43696755170822144,0.3455823063850403,0.021762967109680176,0.5799095034599304,-0.0012826878810301423,0.023045655339956284,0.5676557421684265
39,39_y192_x0.png,C:\Users\zhang\Desktop\vessel\images\39_training.tif,C:\Users\zhang\Desktop\vessel\1st_manual\39_manual1.gif,C:\Users\zhang\Desktop\vessel\mask\39_training_mask.gif,192,0,128,64,0.863831,3439,735,14,19,3,13,0.2137249194134198,0.1936940766928412,0.1936940766928412,0.029319727492248607,0.20505219178383483,0.043156351894140244,0.052462682127952576,0.052462682127952576,0.48292815685272217,0.05342251807451248,0.21900182962417603,-0.01394963264465332,0.4799601435661316,-0.04644311964511871,0.03249348700046539,0.5958391427993774
39,39_y192_x64.png,C:\Users\zhang\Desktop\vessel\images\39_training.tif,C:\Users\zhang\Desktop\vessel\1st_manual\39_manual1.gif,C:\Users\zhang\Desktop\vessel\mask\39_training_mask.gif,192,64,128,64,1.0,3487,826,16,25,4,17,0.23687983872417595,0.21259194942296905,0.21259194942296905,0.03202179137988146,0.22620709952989831,0.0829746201634407,0.09991385787725449,0.09991385787725449,0.556464672088623,0.10341759026050568,0.21689024567604065,0.00931684672832489,0.5450763702392578,0.017021436244249344,-0.007704589515924454,0.47592616081237793
39,39_y192_x128.png,C:\Users\zhang\Desktop\vessel\images\39_training.tif,C:\Users\zhang\Desktop\vessel\1st_manual\39_manual1.gif,C:\Users\zhang\Desktop\vessel\mask\39_training_mask.gif,192,128,128,64,1.0,1638,555,7,18,6,6,0.33882783675929284,0.29179448245983086,0.29179448245983086,0.029909909370992624,0.3092495755104893,0.2582891583442688,0.29878562688827515,0.29878562688827515,0.49898990988731384,0.2996707856655121,0.3319763243198395,-0.022726744413375854,0.45539551973342896,0.017021436244249344,-0.0397481806576252,0.3803384602069855
39,39_y192_x192.png,C:\Users\zhang\Desktop\vessel\images\39_training.tif,C:\Users\zhang\Desktop\vessel\1st_manual\39_manual1.gif,C:\Users\zhang\Desktop\vessel\mask\39_training_mask.gif,192,192,128,64,1.0,1109,470,6,16,7,2,0.4238052261153722,0.3533330242212648,0.3533330242212648,0.033404254608420114,0.3769386768265652,0.40442022681236267,0.45330438017845154,0.45330438017845154,0.5940883159637451,0.4596394896507263,0.3913639783859253,-0.014425307512283325,0.47862887382507324,0.017021436244249344,-0.03144674375653267,0.40510207414627075
39,39_y192_x256.png,C:\Users\zhang\Desktop\vessel\images\39_training.tif,C:\Users\zhang\Desktop\vessel\1st_manual\39_manual1.gif,C:\Users\zhang\Desktop\vessel\mask\39_training_mask.gif,192,256,128,64,1.0,1305,553,9,20,6,8,0.42375478602486755,0.35329759733628613,0.35329759733628613,0.034900541864366336,0.3779581525091163,0.4043334722518921,0.45321542024612427,0.45321542024612427,0.6348097920417786,0.46204879879951477,0.3665851354598999,0.011373013257980347,0.5508310198783875,0.017021436244249344,-0.005648422986268997,0.4820598065853119
39,39_y192_x320.png,C:\Users\zhang\Desktop\vessel\images\39_training.tif,C:\Users\zhang\Desktop\vessel\1st_manual\39_manual1.gif,C:\Users\zhang\Desktop\vessel\mask\39_training_mask.gif,192,320,128,64,1.0,1461,649,12,22,6,10,0.44421628717168865,0.3675668126141223,0.3675668126141223,0.035439136587994816,0.3936193135690138,0.439520001411438,0.4890444278717041,0.4890444278717041,0.6494675874710083,0.49906057119369507,0.34939080476760864,0.04422849416732788,0.6427841186523438,0.017021436244249344,0.027207057923078537,0.5800694227218628
39,39_y192_x384.png,C:\Users\zhang\Desktop\vessel\images\39_training.tif,C:\Users\zhang\Desktop\vessel\1st_manual\39_manual1.gif,C:\Users\zhang\Desktop\vessel\mask\39_training_mask.gif,192,384,128,64,1.0,1307,590,7,19,5,9,0.45141545178718095,0.37253925393116416,0.37253925393116416,0.02737288089198507,0.39293419918205763,0.45190003514289856,0.5015298128128052,0.5015298128128052,0.42994484305381775,0.49744150042533875,0.3663519620895386,0.02658224105834961,0.5933972597122192,0.017021436244249344,0.009560804814100266,0.5274297595024109
39,39_y192_x437.png,C:\Users\zhang\Desktop\vessel\images\39_training.tif,C:\Users\zhang\Desktop\vessel\1st_manual\39_manual1.gif,C:\Users\zhang\Desktop\vessel\mask\39_training_mask.gif,192,437,128,64,0.836487,970,403,5,5,1,3,0.4154639132426401,0.34745733124458544,0.34745733124458544,0.015012406575374528,0.35788967269306204,0.3900761306285858,0.4385509192943573,0.4385509192943573,0.09355509281158447,0.4146212637424469,0.4117511212825775,-0.05386143922805786,0.36825838685035706,-0.04790700972080231,-0.005954429507255554,0.4811469614505768
39,39_y256_x0.png,C:\Users\zhang\Desktop\vessel\images\39_training.tif,C:\Users\zhang\Desktop\vessel\1st_manual\39_manual1.gif,C:\Users\zhang\Desktop\vessel\mask\39_training_mask.gif,256,0,128,64,0.887878,2931,711,11,16,4,8,0.24257932363500742,0.21718931891060006,0.21718931891060006,0.025738396262469813,0.22836952841879393,0.09277572482824326,0.11145751178264618,0.11145751178264618,0.38546237349510193,0.10852806270122528,0.24335059523582458,-0.014981061220169067,0.47707346081733704,-0.04203787073493004,0.02705680951476097,0.5796212553977966
39,39_y256_x64.png,C:\Users\zhang\Desktop\vessel\images\39_training.tif,C:\Users\zhang\Desktop\vessel\1st_manual\39_manual1.gif,C:\Users\zhang\Desktop\vessel\mask\39_training_mask.gif,256,64,128,64,1.0,3251,839,14,18,3,12,0.25807443784043543,0.22958232810195325,0.22958232810195325,0.0252681760993066,0.24118458149349115,0.1194218322634697,0.1425754576921463,0.1425754576921463,0.3726653754711151,0.13881367444992065,0.2275659441947937,0.013618633151054382,0.5571158528327942,0.017021436244249344,-0.0034028030931949615,0.4887586236000061
39,39_y256_x128.png,C:\Users\zhang\Desktop\vessel\images\39_training.tif,C:\Users\zhang\Desktop\vessel\1st_manual\39_manual1.gif,C:\Users\zhang\Desktop\vessel\mask\39_training_mask.gif,256,128,128,64,1.0,1707,584,9,17,5,7,0.3421206775505526,0.29425095816573027,0.29425095816573027,0.0298801364746552,0.3118354757413104,0.2639516592025757,0.3049536645412445,0.3049536645412445,0.4981796443462372,0.3057819604873657,0.3256925344467163,-0.013857066631317139,0.4802192151546478,0.017021436244249344,-0.030878502875566483,0.4067971706390381
39,39_y256_x192.png,C:\Users\zhang\Desktop\vessel\images\39_training.tif,C:\Users\zhang\Desktop\vessel\1st_manual\39_manual1.gif,C:\Users\zhang\Desktop\vessel\mask\39_training_mask.gif,256,192,128,64,1.0,1166,482,8,20,8,4,0.4133790702111572,0.3459833410506112,0.3459833410506112,0.041286306197379545,0.374552089366227,0.38649091124534607,0.4348498284816742,0.4348498284816742,0.808597981929779,0.4539993405342102,0.38373321294784546,-0.009181112051010132,0.49330586194992065,0.017021436244249344,-0.026202548295259476,0.4207457900047302
39,39_y256_x256.png,C:\Users\zhang\Desktop\vessel\images\39_training.tif,C:\Users\zhang\Desktop\vessel\1st_manual\39_manual1.gif,C:\Users\zhang\Desktop\vessel\mask\39_training_mask.gif,256,256,128,64,1.0,1250,607,12,21,6,9,0.48559999611520005,0.39581872844138866,0.39581872844138866,0.037314661658737036,0.42535841230135246,0.510685384273529,0.5599828958511353,0.5599828958511353,0.7005099058151245,0.5740692019462585,0.3731415271759033,0.05221688747406006,0.6651413440704346,0.017021436244249344,0.035195451229810715,0.6038992404937744
39,39_y256_x320.png,C:\Users\zhang\Desktop\vessel\images\39_training.tif,C:\Users\zhang\Desktop\vessel\1st_manual\39_manual1.gif,C:\Users\zhang\Desktop\vessel\mask\39_training_mask.gif,256,320,128,64,1.0,1266,647,11,27,9,9,0.5110584477799491,0.4128103640646288,0.4128103640646288,0.04041731003991793,0.44617973300881175,0.5544649362564087,0.602647602558136,0.602647602558136,0.7849483489990234,0.6232759952545166,0.3712049424648285,0.07497480511665344,0.7288342714309692,0.017021436244249344,0.0579533688724041,0.6717873215675354
39,39_y256_x384.png,C:\Users\zhang\Desktop\vessel\images\39_training.tif,C:\Users\zhang\Desktop\vessel\1st_manual\39_manual1.gif,C:\Users\zhang\Desktop\vessel\mask\39_training_mask.gif,256,384,128,64,1.0,1010,544,6,26,10,6,0.5386138560533281,0.43088191762630396,0.43088191762630396,0.03970588162305365,0.4650990104558727,0.6018505096435547,0.6480240225791931,0.6480240225791931,0.765586793422699,0.667987585067749,0.4055996239185333,0.059499382972717285,0.6855229735374451,0.017021436244249344,0.04247794672846794,0.6256232857704163
39,39_y256_x437.png,C:\Users\zhang\Desktop\vessel\images\39_training.tif,C:\Users\zhang\Desktop\vessel\1st_manual\39_manual1.gif,C:\Users\zhang\Desktop\vessel\mask\39_training_mask.gif,256,437,128,64,0.861328,702,367,4,10,3,4,0.5227920153448431,0.42054550210875685,0.42054550210875685,0.022888282755087662,0.439796630836048,0.5746425986289978,0.6220699548721313,0.6220699548721313,0.3078966736793518,0.6081908345222473,0.46096619963645935,-0.021169573068618774,0.4597535729408264,-0.04673399031162262,0.025564417243003845,0.5751693248748779
39,39_y320_x64.png,C:\Users\zhang\Desktop\vessel\images\39_training.tif,C:\Users\zhang\Desktop\vessel\1st_manual\39_manual1.gif,C:\Users\zhang\Desktop\vessel\mask\39_training_mask.gif,320,64,128,64,1.0,2849,719,7,14,4,6,0.2523692514834354,0.22503715849467879,0.22503715849467879,0.01891515968129124,0.23355038606898057,0.10961093753576279,0.1311628818511963,0.1311628818511963,0.1997683346271515,0.12077189236879349,0.24767306447029114,-0.014122679829597473,0.47947582602500916,0.017021436244249344,-0.031144116073846817,0.40600481629371643
39,39_y320_x128.png,C:\Users\zhang\Desktop\vessel\images\39_training.tif,C:\Users\zhang\Desktop\vessel\1st_manual\39_manual1.gif,C:\Users\zhang\Desktop\vessel\mask\39_training_mask.gif,320,128,128,64,1.0,2164,621,10,16,4,8,0.2869685753836942,0.2522895113646044,0.2522895113646044,0.027858292627080634,0.26634622143328107,0.16910956799983978,0.1995915174484253,0.1995915174484253,0.44315528869628906,0.19827784597873688,0.2895629405975342,-0.023216724395751953,0.45402419567108154,0.017021436244249344,-0.0402381606400013,0.37887680530548096
39,39_y320_x192.png,C:\Users\zhang\Desktop\vessel\images\39_training.tif,C:\Users\zhang\Desktop\vessel\1st_manual\39_manual1.gif,C:\Users\zhang\Desktop\vessel\mask\39_training_mask.gif,320,192,128,64,1.0,2330,807,17,21,5,11,0.3463519298439831,0.2973986605268454,0.2973986605268454,0.03327137505239931,0.3171883852757851,0.2712279260158539,0.3128573000431061,0.3128573000431061,0.5904721021652222,0.31843245029449463,0.2783053517341614,0.0388830304145813,0.6278236508369446,0.017021436244249344,0.021861594170331955,0.5641236305236816
39,39_y320_x256.png,C:\Users\zhang\Desktop\vessel\images\39_training.tif,C:\Users\zhang\Desktop\vessel\1st_manual\39_manual1.gif,C:\Users\zhang\Desktop\vessel\mask\39_training_mask.gif,320,256,128,64,1.0,2414,935,20,23,4,15,0.38732394205748155,0.32737666998019166,0.32737666998019166,0.03181818147788042,0.34820973057429944,0.34168532490730286,0.388129860162735,0.388129860162735,0.5509234666824341,0.39174479246139526,0.2729106843471527,0.07529905438423157,0.7297417521476746,0.017021436244249344,0.058277618139982224,0.6727545857429504
39,39_y320_x320.png,C:\Users\zhang\Desktop\vessel\images\39_training.tif,C:\Users\zhang\Desktop\vessel\1st_manual\39_manual1.gif,C:\Users\zhang\Desktop\vessel\mask\39_training_mask.gif,320,320,128,64,1.0,1963,699,12,19,4,11,0.3560876191742862,0.30460380334092635,0.30460380334092635,0.029113018181501884,0.3223396754705644,0.2879698872566223,0.33094891905784607,0.33094891905784607,0.47730258107185364,0.3306064307689667,0.3044106960296631,0.017928987741470337,0.5691792964935303,0.017021436244249344,0.000907551497220993,0.5016166567802429
39,39_y320_x384.png,C:\Users\zhang\Desktop\vessel\images\39_training.tif,C:\Users\zhang\Desktop\vessel\1st_manual\39_manual1.gif,C:\Users\zhang\Desktop\vessel\mask\39_training_mask.gif,320,384,128,64,0.998352,1322,450,5,15,6,3,0.34039334084422584,0.292963108832439,0.292963108832439,0.030111110441975328,0.310605997883395,0.2609812617301941,0.3017199635505676,0.3017199635505676,0.5044655799865723,0.30287638306617737,0.3646143972873688,-0.05400839447975159,0.36784711480140686,0.01569402776658535,-0.06970242410898209,0.2909833490848541
39,39_y384_x64.png,C:\Users\zhang\Desktop\vessel\images\39_training.tif,C:\Users\zhang\Desktop\vessel\1st_manual\39_manual1.gif,C:\Users\zhang\Desktop\vessel\mask\39_training_mask.gif,384,64,128,64,0.926514,2257,532,6,12,3,6,0.23571111991266672,0.2116466099648076,0.2116466099648076,0.02086466126194246,0.22047847961311592,0.0809648260474205,0.09754020720720291,0.09754020720720291,0.25282394886016846,0.08987922966480255,0.28315386176109314,-0.06267538666725159,0.3435906767845154,-0.028849858790636063,-0.033825527876615524,0.39800602197647095
39,39_y384_x128.png,C:\Users\zhang\Desktop\vessel\images\39_training.tif,C:\Users\zhang\Desktop\vessel\1st_manual\39_manual1.gif,C:\Users\zhang\Desktop\vessel\mask\39_training_mask.gif,384,128,128,64,1.0,2661,643,12,13,2,9,0.24163848086569528,0.21643186293182815,0.21643186293182815,0.02589424532046275,0.22764054243967116,0.09115780144929886,0.10955559462308884,0.10955559462308884,0.38970381021499634,0.1068052425980568,0.2580718696117401,-0.03043133020401001,0.433832585811615,0.017021436244249344,-0.047452766448259354,0.3573552668094635
39,39_y384_x192.png,C:\Users\zhang\Desktop\vessel\images\39_training.tif,C:\Users\zhang\Desktop\vessel\1st_manual\39_manual1.gif,C:\Users\zhang\Desktop\vessel\mask\39_training_mask.gif,384,192,128,64,1.0,2883,817,15,19,3,13,0.28338536148669663,0.24950140022800726,0.24950140022800726,0.027600978854333182,0.2632743659716468,0.16294768452644348,0.19259081780910492,0.19259081780910492,0.43615251779556274,0.19101819396018982,0.24586592614650726,0.017408445477485657,0.5677224397659302,0.017021436244249344,0.00038700923323631287,0.5000638365745544
39,39_y384_x256.png,C:\Users\zhang\Desktop\vessel\images\39_training.tif,C:\Users\zhang\Desktop\vessel\1st_manual\39_manual1.gif,C:\Users\zhang\Desktop\vessel\mask\39_training_mask.gif,384,256,128,64,1.0,2021,729,11,23,6,11,0.36071251677034877,0.30800847194531406,0.30800847194531406,0.0306584357934371,0.3268945878672542,0.2959230840206146,0.33949774503707886,0.33949774503707886,0.5193610191345215,0.34137097001075745,0.29997575283050537,0.02691882848739624,0.5943393111228943,0.017021436244249344,0.009897392243146896,0.5284337997436523
39,39_y384_x320.png,C:\Users\zhang\Desktop\vessel\images\39_training.tif,C:\Users\zhang\Desktop\vessel\1st_manual\39_manual1.gif,C:\Users\zhang\Desktop\vessel\mask\39_training_mask.gif,384,320,128,64,0.999939,1586,569,8,21,6,9,0.35876418437096985,0.30657559867825585,0.30657559867825585,0.0327768008299332,0.3266727333526453,0.29257258772850037,0.3358999192714691,0.3358999192714691,0.5770121812820435,0.3408466875553131,0.33688926696777344,-0.01021653413772583,0.4904080033302307,0.016972079873085022,-0.027188614010810852,0.4178042709827423
39,39_y384_x384.png,C:\Users\zhang\Desktop\vessel\images\39_training.tif,C:\Users\zhang\Desktop\vessel\1st_manual\39_manual1.gif,C:\Users\zhang\Desktop\vessel\mask\39_training_mask.gif,384,384,128,64,0.871826,1296,398,5,9,2,5,0.30709876306250955,0.26780999648691806,0.26780999648691806,0.020728642695260233,0.2789126719417105,0.2037263810634613,0.23856231570243835,0.23856231570243835,0.24912217259407043,0.22797594964504242,0.36763888597488403,-0.0887262225151062,0.27068179845809937,-0.04530227556824684,-0.04342394694685936,0.3693734109401703
39,39_y448_x192.png,C:\Users\zhang\Desktop\vessel\images\39_training.tif,C:\Users\zhang\Desktop\vessel\1st_manual\39_manual1.gif,C:\Users\zhang\Desktop\vessel\mask\39_training_mask.gif,448,192,128,64,0.910095,2147,534,6,11,2,7,0.2487191418317692,0.22211833942946788,0.22211833942946788,0.018632958452566323,0.23039578300975247,0.10333403199911118,0.12383391708135605,0.12383391708135605,0.19208821654319763,0.11331666260957718,0.2907642126083374,-0.060368433594703674,0.35004717111587524,-0.035374660044908524,-0.02499377354979515,0.42435160279273987
39,39_y448_x256.png,C:\Users\zhang\Desktop\vessel\images\39_training.tif,C:\Users\zhang\Desktop\vessel\1st_manual\39_manual1.gif,C:\Users\zhang\Desktop\vessel\mask\39_training_mask.gif,448,256,128,64,0.896423,1402,405,1,13,6,1,0.2888730364559698,0.2537682213990598,0.2537682213990598,0.02185185131229997,0.26485883228265794,0.17238456010818481,0.2033044993877411,0.2033044993877411,0.2796902358531952,0.19476275146007538,0.3556678295135498,-0.09080898761749268,0.26485273241996765,-0.03976985067129135,-0.051039136946201324,0.3466569185256958
39,39_y456_x192.png,C:\Users\zhang\Desktop\vessel\images\39_training.tif,C:\Users\zhang\Desktop\vessel\1st_manual\39_manual1.gif,C:\Users\zhang\Desktop\vessel\mask\39_training_mask.gif,456,192,128,64,0.847595,1893,494,3,10,3,4,0.2609614354941287,0.2318744740362461,0.2318744740362461,0.0149797567817863,0.23882132048618127,0.12438646703958511,0.1483308970928192,0.1483308970928192,0.09266651421785355,0.13322864472866058,0.30994102358818054,-0.07111969590187073,0.3199574649333954,-0.04776734486222267,-0.023352351039648056,0.42924803495407104
39,39_y456_x256.png,C:\Users\zhang\Desktop\vessel\images\39_training.tif,C:\Users\zhang\Desktop\vessel\1st_manual\39_manual1.gif,C:\Users\zhang\Desktop\vessel\mask\39_training_mask.gif,456,256,128,64,0.833923,1250,361,0,12,6,0,0.2887999976896,0.25371155108795224,0.25371155108795224,0.02077562269319605,0.26425358200456994,0.17225894331932068,0.20316217839717865,0.20316217839717865,0.2504007816314697,0.19333235919475555,0.3731415271759033,-0.1088879406452179,0.21425491571426392,-0.04785080626606941,-0.06103713437914848,0.31683236360549927
40,40_y64_x64.png,C:\Users\zhang\Desktop\vessel\images\40_training.tif,C:\Users\zhang\Desktop\vessel\1st_manual\40_manual1.gif,C:\Users\zhang\Desktop\vessel\mask\40_training_mask.gif,64,64,128,64,0.821106,1769,541,11,15,3,9,0.30582249685798474,0.266833108032147,0.266833108032147,0.03170055394268847,0.28375062270188356,0.20153161883354187,0.2361094057559967,0.2361094057559967,0.5477222800254822,0.2394094318151474,0.32025909423828125,-0.0365084707736969,0.4168244004249573,-0.047072481364011765,0.010564010590314865,0.5304223895072937
40,40_y64_x128.png,C:\Users\zhang\Desktop\vessel\images\40_training.tif,C:\Users\zhang\Desktop\vessel\1st_manual\40_manual1.gif,C:\Users\zhang\Desktop\vessel\mask\40_training_mask.gif,64,128,128,64,0.988403,2185,680,11,19,4,11,0.311212813220994,0.27095252053289176,0.27095252053289176,0.028455881934472325,0.2863729064011551,0.21080105006694794,0.24645298719406128,0.24645298719406128,0.4594186246395111,0.24560663104057312,0.2880919873714447,-0.0017190873622894287,0.5141899585723877,0.00797160156071186,-0.00969068892300129,0.4700015187263489
40,40_y64_x192.png,C:\Users\zhang\Desktop\vessel\images\40_training.tif,C:\Users\zhang\Desktop\vessel\1st_manual\40_manual1.gif,C:\Users\zhang\Desktop\vessel\mask\40_training_mask.gif,64,192,128,64,1.0,2154,603,10,14,2,10,0.2799442883939448,0.24681655229206828,0.24681655229206828,0.02487562147801623,0.25909598255072125,0.15703026950359344,0.18584932386875153,0.18584932386875153,0.3619820475578308,0.18114349246025085,0.2902684211730957,-0.03117242455482483,0.43175846338272095,0.017021436244249344,-0.04819386079907417,0.35514453053474426
40,40_y64_x256.png,C:\Users\zhang\Desktop\vessel\images\40_training.tif,C:\Users\zhang\Desktop\vessel\1st_manual\40_manual1.gif,C:\Users\zhang\Desktop\vessel\mask\40_training_mask.gif,64,256,128,64,1.0,1828,422,1,13,6,1,0.2308533904220274,0.20770774215835544,0.20770774215835544,0.020971563484086173,0.21641965435997573,0.0726112648844719,0.08765000104904175,0.08765000104904175,0.2557332515716553,0.08028706908226013,0.31526249647140503,-0.09884284436702728,0.24236828088760376,0.017021436244249344,-0.11586427688598633,0.153280109167099
40,40_y64_x320.png,C:\Users\zhang\Desktop\vessel\images\40_training.tif,C:\Users\zhang\Desktop\vessel\1st_manual\40_manual1.gif,C:\Users\zhang\Desktop\vessel\mask\40_training_mask.gif,64,320,128,64,0.971008,2186,510,5,8,1,6,0.233302835163299,0.2096958024303472,0.2096958024303472,0.013921568354479052,0.21553439132471003,0.07682342827320099,0.09264185279607773,0.09264185279607773,0.0638679713010788,0.07819493860006332,0.2880222797393799,-0.07248789072036743,0.3161282539367676,-0.004330435302108526,-0.06815745681524277,0.2955920696258545
40,40_y128_x64.png,C:\Users\zhang\Desktop\vessel\images\40_training.tif,C:\Users\zhang\Desktop\vessel\1st_manual\40_manual1.gif,C:\Users\zhang\Desktop\vessel\mask\40_training_mask.gif,128,64,128,64,0.995972,1511,597,8,13,3,7,0.39510257845729596,0.3329679455142127,0.3329679455142127,0.022529312855455397,0.34797102354486853,0.3550618290901184,0.4021691381931305,0.4021691381931305,0.29812735319137573,0.3911806344985962,0.34426647424697876,0.003704547882080078,0.5293691754341125,0.013801204040646553,-0.010096656158566475,0.4687905013561249
40,40_y128_x128.png,C:\Users\zhang\Desktop\vessel\images\40_training.tif,C:\Users\zhang\Desktop\vessel\1st_manual\40_manual1.gif,C:\Users\zhang\Desktop\vessel\mask\40_training_mask.gif,128,128,128,64,1.0,1526,683,7,20,7,6,0.44757535748640004,0.3698899895495702,0.3698899895495702,0.02650073167641681,0.38949470027526173,0.44529643654823303,0.49487775564193726,0.49487775564193726,0.4062093198299408,0.48931294679641724,0.34276217222213745,0.04673251509666443,0.6497921347618103,0.017021436244249344,0.029711078852415085,0.5875390768051147
40,40_y128_x192.png,C:\Users\zhang\Desktop\vessel\images\40_training.tif,C:\Users\zhang\Desktop\vessel\1st_manual\40_manual1.gif,C:\Users\zhang\Desktop\vessel\mask\40_training_mask.gif,128,192,128,64,1.0,1957,798,12,19,3,13,0.4077669882076291,0.34200475271084063,0.34200475271084063,0.024498746560166085,0.3587621282289109,0.37684014439582825,0.4248599112033844,0.4248599112033844,0.35172536969184875,0.4166830778121948,0.3048769533634186,0.05388516187667847,0.6698103547096252,0.017021436244249344,0.03686372563242912,0.6088758111000061
40,40_y128_x256.png,C:\Users\zhang\Desktop\vessel\images\40_training.tif,C:\Users\zhang\Desktop\vessel\1st_manual\40_manual1.gif,C:\Users\zhang\Desktop\vessel\mask\40_training_mask.gif,128,256,128,64,1.0,1947,693,8,16,3,10,0.3559322015617247,0.30448918941993414,0.30448918941993414,0.02092352062159422,0.3172311610876951,0.28770262002944946,0.3306611180305481,0.3306611180305481,0.2544257938861847,0.3185335099697113,0.30565720796585083,0.011573940515518188,0.5513933300971985,0.017021436244249344,-0.005447495728731155,0.4826591908931732
40,40_y128_x320.png,C:\Users\zhang\Desktop\vessel\images\40_training.tif,C:\Users\zhang\Desktop\vessel\1st_manual\40_manual1.gif,C:\Users\zhang\Desktop\vessel\mask\40_training_mask.gif,128,320,128,64,1.0,2067,616,8,11,3,5,0.2980164475180626,0.26083728963309755,0.26083728963309755,0.02069805161204462,0.2716349369994409,0.18810799717903137,0.22105437517166138,0.22105437517166138,0.24828965961933136,0.21077659726142883,0.29654794931411743,-0.024913012981414795,0.44927677512168884,0.017021436244249344,-0.04193444922566414,0.37381669878959656
40,40_y128_x384.png,C:\Users\zhang\Desktop\vessel\images\40_training.tif,C:\Users\zhang\Desktop\vessel\1st_manual\40_manual1.gif,C:\Users\zhang\Desktop\vessel\mask\40_training_mask.gif,128,384,128,64,0.976135,2555,558,9,9,2,5,0.21839530247203404,0.1975346671022444,0.1975346671022444,0.021953404624490955,0.2062077840507638,0.05118775740265846,0.06210613250732422,0.06210613250732422,0.2824540138244629,0.056153494864702225,0.2642638385295868,-0.0580560564994812,0.35651886463165283,-0.0008632190292701125,-0.057192835956811905,0.3283001184463501
40,40_y192_x0.png,C:\Users\zhang\Desktop\vessel\images\40_training.tif,C:\Users\zhang\Desktop\vessel\1st_manual\40_manual1.gif,C:\Users\zhang\Desktop\vessel\mask\40_training_mask.gif,192,0,128,64,0.859131,758,380,6,11,2,7,0.5013192546000098,0.4063442246386387,0.4063442246386387,0.026184209837257638,0.4276238295268304,0.5377169251441956,0.5864116549491882,0.5864116549491882,0.39759519696235657,0.5794230699539185,0.4492868185043335,-0.021662980318069458,0.45837268233299255,-0.04696325212717056,0.025300271809101105,0.5743813514709473
40,40_y192_x64.png,C:\Users\zhang\Desktop\vessel\images\40_training.tif,C:\Users\zhang\Desktop\vessel\1st_manual\40_manual1.gif,C:\Users\zhang\Desktop\vessel\mask\40_training_mask.gif,192,64,128,64,1.0,891,512,6,18,6,6,0.5746352348525787,0.45402364853589083,0.45402364853589083,0.030468749404907236,0.48169071407817426,0.6637945175170898,0.7061312198638916,0.7061312198638916,0.5141987204551697,0.7071985602378845,0.4246824085712433,0.057008296251297,0.6785511374473572,0.017021436244249344,0.03998686000704765,0.6181922554969788
40,40_y192_x128.png,C:\Users\zhang\Desktop\vessel\images\40_training.tif,C:\Users\zhang\Desktop\vessel\1st_manual\40_manual1.gif,C:\Users\zhang\Desktop\vessel\mask\40_training_mask.gif,192,128,128,64,1.0,940,561,7,24,8,8,0.5968085042892712,0.4680069523933397,0.4680069523933397,0.03618538259919104,0.5018769736562084,0.701924741268158,0.7412421107292175,0.7412421107292175,0.6697766780853271,0.7549044489860535,0.4165334105491638,0.08534353971481323,0.7578533291816711,0.017021436244249344,0.06832210719585419,0.7027177810668945
40,40_y192_x192.png,C:\Users\zhang\Desktop\vessel\images\40_training.tif,C:\Users\zhang\Desktop\vessel\1st_manual\40_manual1.gif,C:\Users\zhang\Desktop\vessel\mask\40_training_mask.gif,192,192,128,64,1.0,1029,544,7,19,6,7,0.5286686051635704,0.42439716386333437,0.42439716386333437,0.031158087662535153,0.45084397193410447,0.5847481489181519,0.6317412853240967,0.6317412853240967,0.5329590439796448,0.6342988610267639,0.40276241302490234,0.048081547021865845,0.6535677313804626,0.017021436244249344,0.0310601107776165,0.5915632843971252
40,40_y192_x256.png,C:\Users\zhang\Desktop\vessel\images\40_training.tif,C:\Users\zhang\Desktop\vessel\1st_manual\40_manual1.gif,C:\Users\zhang\Desktop\vessel\mask\40_training_mask.gif,192,256,128,64,1.0,1114,543,6,18,7,4,0.48743267066936563,0.3970515939976759,0.3970515939976759,0.03020257771265971,0.4210355572449763,0.5138369202613831,0.5630785226821899,0.5630785226821899,0.5069548487663269,0.5638530850410461,0.39067912101745605,0.03035643696784973,0.6039601564407349,0.017021436244249344,0.013335000723600388,0.5386883616447449
40,40_y192_x320.png,C:\Users\zhang\Desktop\vessel\images\40_training.tif,C:\Users\zhang\Desktop\vessel\1st_manual\40_manual1.gif,C:\Users\zhang\Desktop\vessel\mask\40_training_mask.gif,192,320,128,64,1.0,1246,588,4,20,8,4,0.47191010857215004,0.38656095089589226,0.38656095089589226,0.027040815866652794,0.4074667978847203,0.4871436655521393,0.5367372632026672,0.5367372632026672,0.4209076464176178,0.5317862033843994,0.37362954020500183,0.03383725881576538,0.6137019991874695,0.017021436244249344,0.016815822571516037,0.5490718483924866
40,40_y192_x384.png,C:\Users\zhang\Desktop\vessel\images\40_training.tif,C:\Users\zhang\Desktop\vessel\1st_manual\40_manual1.gif,C:\Users\zhang\Desktop\vessel\mask\40_training_mask.gif,192,384,128,64,1.0,2810,758,14,16,3,10,0.26975088871974773,0.23882073061608028,0.23882073061608028,0.027044854524474214,0.2517384744499614,0.13950121402740479,0.1657724231481552,0.1657724231481552,0.4210176169872284,0.1637555956840515,0.24977269768714905,0.0019657909870147705,0.5245028734207153,0.017021436244249344,-0.015055645257234573,0.45399758219718933
40,40_y192_x437.png,C:\Users\zhang\Desktop\vessel\images\40_training.tif,C:\Users\zhang\Desktop\vessel\1st_manual\40_manual1.gif,C:\Users\zhang\Desktop\vessel\mask\40_training_mask.gif,192,437,128,64,0.837219,3201,726,17,18,2,14,0.22680412300279873,0.20441251403059593,0.20441251403059593,0.032231404514718946,0.21758951888577754,0.06564794480800629,0.07937592267990112,0.07937592267990112,0.5621693134307861,0.08305178582668304,0.22992704808712006,-0.012337535619735718,0.4844719469547272,-0.047916967421770096,0.03557943180203438,0.6050446629524231
40,40_y256_x0.png,C:\Users\zhang\Desktop\vessel\images\40_training.tif,C:\Users\zhang\Desktop\vessel\1st_manual\40_manual1.gif,C:\Users\zhang\Desktop\vessel\mask\40_training_mask.gif,256,0,128,64,0.881714,759,405,5,20,7,6,0.5335968309144028,0.427615846311588,0.427615846311588,0.03975308543819542,0.46161394485788965,0.593222975730896,0.6398230791091919,0.6398230791091919,0.7668715715408325,0.6597514152526855,0.44908618927001953,0.012527763843536377,0.5540627837181091,-0.04344518482685089,0.05597294867038727,0.6658796072006226
40,40_y256_x64.png,C:\Users\zhang\Desktop\vessel\images\40_training.tif,C:\Users\zhang\Desktop\vessel\1st_manual\40_manual1.gif,C:\Users\zhang\Desktop\vessel\mask\40_training_mask.gif,256,64,128,64,1.0,818,482,6,23,8,7,0.5892420465862831,0.46325720231424994,0.46325720231424994,0.03931535188142424,0.49968344215542765,0.688913106918335,0.7293159365653992,0.7293159365653992,0.7549585700035095,0.7497205138206482,0.43769317865371704,0.06199026107788086,0.6924942135810852,0.017021436244249344,0.044968824833631516,0.633053719997406
40,40_y256_x128.png,C:\Users\zhang\Desktop\vessel\images\40_training.tif,C:\Users\zhang\Desktop\vessel\1st_manual\40_manual1.gif,C:\Users\zhang\Desktop\vessel\mask\40_training_mask.gif,256,128,128,64,1.0,762,487,8,26,9,8,0.6391076031613175,0.494151949321977,0.494151949321977,0.04681724749861915,0.5404216175486412,0.7746642231941223,0.8068904280662537,0.8068904280662537,0.959122359752655,0.8459964990615845,0.4484858512878418,0.09193575382232666,0.7763030529022217,0.017021436244249344,0.07491432130336761,0.7223827242851257
40,40_y256_x192.png,C:\Users\zhang\Desktop\vessel\images\40_training.tif,C:\Users\zhang\Desktop\vessel\1st_manual\40_manual1.gif,C:\Users\zhang\Desktop\vessel\mask\40_training_mask.gif,256,192,128,64,1.0,764,447,6,22,8,6,0.5850785263733177,0.46063394955520487,0.46063394955520487,0.04161073732414458,0.49896858611025463,0.6817533373832703,0.7227291464805603,0.7227291464805603,0.817427396774292,0.7480310797691345,0.4480869472026825,0.05088162422180176,0.6614043116569519,0.017021436244249344,0.033860187977552414,0.5999161005020142
40,40_y256_x256.png,C:\Users\zhang\Desktop\vessel\images\40_training.tif,C:\Users\zhang\Desktop\vessel\1st_manual\40_manual1.gif,C:\Users\zhang\Desktop\vessel\mask\40_training_mask.gif,256,256,128,64,1.0,1075,503,3,22,10,2,0.46790697239156304,0.3838375578788664,0.3838375578788664,0.0341948303340988,0.41008807821391174,0.48025962710380554,0.529899001121521,0.529899001121521,0.6156038641929626,0.5379810333251953,0.3961045444011688,0.013983547687530518,0.5581371188163757,0.017021436244249344,-0.0030378885567188263,0.48984718322753906
40,40_y256_x320.png,C:\Users\zhang\Desktop\vessel\images\40_training.tif,C:\Users\zhang\Desktop\vessel\1st_manual\40_manual1.gif,C:\Users\zhang\Desktop\vessel\mask\40_training_mask.gif,256,320,128,64,1.0,1442,595,4,15,5,5,0.41262135636184916,0.34544709635627885,0.34544709635627885,0.019747898827766407,0.3590908049746578,0.38518789410591125,0.4335033893585205,0.4335033893585205,0.2224312573671341,0.4174598753452301,0.35138413310050964,0.007706671953201294,0.5405699610710144,0.017021436244249344,-0.00931476429104805,0.4711229205131531
40,40_y256_x384.png,C:\Users\zhang\Desktop\vessel\images\40_training.tif,C:\Users\zhang\Desktop\vessel\1st_manual\40_manual1.gif,C:\Users\zhang\Desktop\vessel\mask\40_training_mask.gif,256,384,128,64,1.0,2961,772,13,15,2,11,0.2607227279273126,0.23168515011456575,0.23168515011456575,0.023769429743919303,0.24269919791128086,0.1239759624004364,0.1478554904460907,0.1478554904460907,0.33187705278396606,0.14239314198493958,0.24179935455322266,0.0008998364210128784,0.5215195417404175,0.017021436244249344,-0.016121599823236465,0.4508177936077118
40,40_y256_x437.png,C:\Users\zhang\Desktop\vessel\images\40_training.tif,C:\Users\zhang\Desktop\vessel\1st_manual\40_manual1.gif,C:\Users\zhang\Desktop\vessel\mask\40_training_mask.gif,256,437,128,64,0.860962,3041,725,13,13,1,11,0.23840841749947905,0.21382702090667832,0.21382702090667832,0.023241378989774082,0.22376629056897124,0.08560322970151901,0.10301502794027328,0.10301502794027328,0.31750616431236267,0.09764929860830307,0.23773826658725739,-0.013971969485282898,0.4798976182937622,-0.04677387699484825,0.03280190750956535,0.5967592000961304
40,40_y320_x64.png,C:\Users\zhang\Desktop\vessel\images\40_training.tif,C:\Users\zhang\Desktop\vessel\1st_manual\40_manual1.gif,C:\Users\zhang\Desktop\vessel\mask\40_training_mask.gif,320,64,128,64,1.0,1073,511,6,12,4,4,0.4762348511068514,0.3894948267371396,0.3894948267371396,0.0232876707771493,0.40763568132605427,0.4945806860923767,0.5441040396690369,0.5441040396690369,0.3187660276889801,0.5321853160858154,0.39638805389404297,0.011247634887695312,0.5504801273345947,0.017021436244249344,-0.005773801356554031,0.4816858172416687
40,40_y320_x128.png,C:\Users\zhang\Desktop\vessel\images\40_training.tif,C:\Users\zhang\Desktop\vessel\1st_manual\40_manual1.gif,C:\Users\zhang\Desktop\vessel\mask\40_training_mask.gif,320,128,128,64,1.0,1155,571,9,16,4,8,0.49437229009201483,0.40170624582321346,0.40170624582321346,0.028546409307418405,0.4246407876524452,0.5257706046104431,0.5747659802436829,0.5747659802436829,0.4618823528289795,0.5723732113838196,0.3851763606071472,0.03946441411972046,0.629450798034668,0.017021436244249344,0.022442977875471115,0.5658579468727112
40,40_y320_x192.png,C:\Users\zhang\Desktop\vessel\images\40_training.tif,C:\Users\zhang\Desktop\vessel\1st_manual\40_manual1.gif,C:\Users\zhang\Desktop\vessel\mask\40_training_mask.gif,320,192,128,64,1.0,1385,622,11,14,2,10,0.44909746968160674,0.3709409279372437,0.3709409279372437,0.025723472255249645,0.3900247052735042,0.4479139447212219,0.49751654267311096,0.49751654267311096,0.3850562274456024,0.4905655086040497,0.3575255274772644,0.03249916434288025,0.6099570393562317,0.017021436244249344,0.015477728098630905,0.5450802445411682
40,40_y320_x256.png,C:\Users\zhang\Desktop\vessel\images\40_training.tif,C:\Users\zhang\Desktop\vessel\1st_manual\40_manual1.gif,C:\Users\zhang\Desktop\vessel\mask\40_training_mask.gif,320,256,128,64,1.0,1493,628,7,18,5,8,0.4206296020051601,0.3511001550423256,0.3511001550423256,0.025159235268165044,0.36876697784912377,0.3989592492580414,0.44769778847694397,0.44769778847694397,0.3697005808353424,0.44032740592956543,0.34609144926071167,0.022675514221191406,0.5824634432792664,0.017021436244249344,0.005654077976942062,0.5157757997512817
40,40_y320_x320.png,C:\Users\zhang\Desktop\vessel\images\40_training.tif,C:\Users\zhang\Desktop\vessel\1st_manual\40_manual1.gif,C:\Users\zhang\Desktop\vessel\mask\40_training_mask.gif,320,320,128,64,1.0,1680,585,9,14,3,8,0.34821428364158163,0.2987809639824599,0.2987809639824599,0.025299144866681285,0.31389876976485775,0.2744305431842804,0.3163281977176666,0.3163281977176666,0.37350818514823914,0.31065815687179565,0.3281206488609314,-0.014221876859664917,0.4791982173919678,0.017021436244249344,-0.03124331310391426,0.405708909034729
40,40_y320_x384.png,C:\Users\zhang\Desktop\vessel\images\40_training.tif,C:\Users\zhang\Desktop\vessel\1st_manual\40_manual1.gif,C:\Users\zhang\Desktop\vessel\mask\40_training_mask.gif,320,384,128,64,0.99823,2544,550,7,16,5,6,0.2161949677036361,0.1957271059742431,0.1957271059742431,0.02745454495537191,0.2064743032341525,0.047403957694768906,0.057567495852708817,0.057567495852708817,0.43216732144355774,0.05678336322307587,0.26492103934288025,-0.0584467351436615,0.3554254472255707,0.015596297569572926,-0.07404303550720215,0.27803507447242737
40,40_y384_x64.png,C:\Users\zhang\Desktop\vessel\images\40_training.tif,C:\Users\zhang\Desktop\vessel\1st_manual\40_manual1.gif,C:\Users\zhang\Desktop\vessel\mask\40_training_mask.gif,384,64,128,64,0.922424,1644,534,7,11,2,7,0.3248175162723995,0.2812747263854237,0.2812747263854237,0.020505617593527762,0.292810150341391,0.23419633507728577,0.2723713219165802,0.2723713219165802,0.24305258691310883,0.260819673538208,0.3314194977283478,-0.03860935568809509,0.4109446108341217,-0.03060241974890232,-0.008006935939192772,0.4750242531299591
40,40_y384_x128.png,C:\Users\zhang\Desktop\vessel\images\40_training.tif,C:\Users\zhang\Desktop\vessel\1st_manual\40_manual1.gif,C:\Users\zhang\Desktop\vessel\mask\40_training_mask.gif,384,128,128,64,1.0,2086,671,12,13,1,11,0.32166826307925084,0.278894774296346,0.278894774296346,0.023621460154672723,0.2920705778931212,0.22878074645996094,0.2663954198360443,0.2663954198360443,0.3278500735759735,0.25907185673713684,0.29515430331230164,-0.003083735704421997,0.510370671749115,0.017021436244249344,-0.02010517194867134,0.4389345645904541
40,40_y384_x192.png,C:\Users\zhang\Desktop\vessel\images\40_training.tif,C:\Users\zhang\Desktop\vessel\1st_manual\40_manual1.gif,C:\Users\zhang\Desktop\vessel\mask\40_training_mask.gif,384,192,128,64,1.0,1925,564,7,10,3,4,0.29298701146500256,0.25695505446858,0.25695505446858,0.02021276559906444,0.2673425990395165,0.17945913970470428,0.2113063782453537,0.2113063782453537,0.23508262634277344,0.20063257217407227,0.30738794803619385,-0.040045350790023804,0.40692567825317383,0.017021436244249344,-0.05706678703427315,0.32867613434791565
40,40_y384_x256.png,C:\Users\zhang\Desktop\vessel\images\40_training.tif,C:\Users\zhang\Desktop\vessel\1st_manual\40_manual1.gif,C:\Users\zhang\Desktop\vessel\mask\40_training_mask.gif,384,256,128,64,1.0,1958,578,4,14,5,4,0.2951991813319756,0.2586644913026262,0.2586644913026262,0.01972318304977192,0.2688678655235019,0.18326328694820404,0.21559864282608032,0.21559864282608032,0.221758633852005,0.20423725247383118,0.3047991394996643,-0.03593125939369202,0.4184398353099823,0.017021436244249344,-0.05295269563794136,0.3409486711025238
40,40_y384_x320.png,C:\Users\zhang\Desktop\vessel\images\40_training.tif,C:\Users\zhang\Desktop\vessel\1st_manual\40_manual1.gif,C:\Users\zhang\Desktop\vessel\mask\40_training_mask.gif,384,320,128,64,0.999878,2336,611,9,11,2,7,0.261558218058398,0.23234763790203644,0.23234763790203644,0.021194762337237934,0.242196743831941,0.1254126876592636,0.1495189517736435,0.1495189517736435,0.2618075907230377,0.14120571315288544,0.2779136002063751,-0.035716861486434937,0.41903987526893616,0.016922691836953163,-0.05263955146074295,0.3418827950954437
40,40_y384_x384.png,C:\Users\zhang\Desktop\vessel\images\40_training.tif,C:\Users\zhang\Desktop\vessel\1st_manual\40_manual1.gif,C:\Users\zhang\Desktop\vessel\mask\40_training_mask.gif,384,384,128,64,0.869934,2149,452,9,8,1,6,0.2103303852474156,0.19089336799748907,0.19089336799748907,0.024557521580585807,0.20026910400586714,0.037318937480449677,0.045430321246385574,0.045430321246385574,0.3533249497413635,0.04211869463324547,0.29062238335609436,-0.09035328030586243,0.26612815260887146,-0.04560138285160065,-0.04475189745426178,0.3654120862483978
40,40_y448_x192.png,C:\Users\zhang\Desktop\vessel\images\40_training.tif,C:\Users\zhang\Desktop\vessel\1st_manual\40_manual1.gif,C:\Users\zhang\Desktop\vessel\mask\40_training_mask.gif,448,192,128,64,0.904785,1806,425,5,6,1,4,0.23532668751203384,0.21133545940079815,0.21133545940079815,0.015058823175086515,0.21770038602828276,0.08030375838279724,0.09675893187522888,0.09675893187522888,0.09481830149888992,0.08331382274627686,0.3171065151691437,-0.09940612316131592,0.24079181253910065,-0.03719371184706688,-0.06221241131424904,0.31332647800445557
40,40_y448_x256.png,C:\Users\zhang\Desktop\vessel\images\40_training.tif,C:\Users\zhang\Desktop\vessel\1st_manual\40_manual1.gif,C:\Users\zhang\Desktop\vessel\mask\40_training_mask.gif,448,256,128,64,0.891785,1951,448,3,10,4,2,0.22962583172923715,0.20670992125941026,0.20670992125941026,0.018303571020009575,0.21427698070803466,0.07050029933452606,0.0851445272564888,0.0851445272564888,0.18312397599220276,0.07522333413362503,0.3053446114063263,-0.09106762707233429,0.2641288936138153,-0.04104657843708992,-0.05002104863524437,0.3496939241886139
40,40_y456_x192.png,C:\Users\zhang\Desktop\vessel\images\40_training.tif,C:\Users\zhang\Desktop\vessel\1st_manual\40_manual1.gif,C:\Users\zhang\Desktop\vessel\mask\40_training_mask.gif,456,192,128,64,0.842285,1752,410,5,6,1,4,0.23401826350446198,0.2102757256204012,0.2102757256204012,0.015609755716835228,0.21684043104063067,0.07805372774600983,0.09409800171852112,0.09409800171852112,0.1098119243979454,0.08128149062395096,0.32172974944114685,-0.10488931834697723,0.2254459261894226,-0.047911785542964935,-0.0569775328040123,0.32894235849380493
40,40_y456_x256.png,C:\Users\zhang\Desktop\vessel\images\40_training.tif,C:\Users\zhang\Desktop\vessel\1st_manual\40_manual1.gif,C:\Users\zhang\Desktop\vessel\mask\40_training_mask.gif,456,256,128,64,0.829285,1906,426,3,10,4,2,0.22350472075810746,0.20171946229781054,0.20171946229781054,0.01924882583922944,0.20948518789411769,0.05997414514422417,0.07261385023593903,0.07261385023593903,0.20884905755519867,0.06389894336462021,0.3088986873626709,-0.09941349923610687,0.24077117443084717,-0.04766486585140228,-0.05174863338470459,0.34454044699668884
